{"type":"FeatureCollection","generator":"overpass-turbo","copyright":"The data included in this document is from www.openstreetmap.org. The data is made available under ODbL.","timestamp":"2026-08-08T08:20:30Z","features":[{"type":"Feature","properties":{"@id":"relation/19589529","boundary":"protected_area","leisure":"nature_reserve","name":"Park Krajobrazowy Beskidu Małego","name:pl":"Park Krajobrazowy Beskidu Małego","protect_class":"5","type":"boundary","wikidata":"Q6649081","wikipedia":"pl:Park Krajobrazowy Beskidu Małego"},"geometry":{"type":"MultiPolygon","coordinates":[[[[19.3131607,49.8145599],[19.3130604,49.8145738],[19.3130839,49.8145942],[19.3131621,49.8148223],[19.3127894,49.814874],[19.3126715,49.814939],[19.3126586,49.8149997],[19.3123665,49.8153337],[19.3121776,49.8153548],[19.312081,49.8153606],[19.3117488,49.8154989],[19.311459,49.8154552],[19.3113547,49.815606],[19.3111553,49.8156159],[19.310908,49.8160511],[19.3111413,49.8161213],[19.3114113,49.8161763],[19.3111491,49.8164082],[19.3109318,49.8166993],[19.3111879,49.816735],[19.3110892,49.8169299],[19.3111585,49.8171024],[19.311009,49.8172726],[19.3110952,49.8173314],[19.3117351,49.8169969],[19.3122267,49.8168561],[19.3128279,49.8169394],[19.3132363,49.8169377],[19.3136352,49.8167246],[19.3143478,49.8165001],[19.3142186,49.8163438],[19.314054,49.8164174],[19.3139536,49.8163398],[19.3142202,49.8161791],[19.3142543,49.8161933],[19.314274,49.8161697],[19.314492,49.8162146],[19.3150595,49.8159439],[19.3152285,49.8158191],[19.315446,49.8156943],[19.3157405,49.8152984],[19.3158871,49.8153113],[19.3160315,49.8152872],[19.3162922,49.8152502],[19.3164619,49.8150067],[19.3166191,49.8149437],[19.3170347,49.8148977],[19.3172453,49.8149244],[19.3174535,49.8148828],[19.3176479,49.8147664],[19.3175939,49.8149664],[19.3183772,49.814835],[19.3187043,49.8148932],[19.3187642,49.8148238],[19.3190147,49.8148615],[19.3191233,49.8149128],[19.3194686,49.8148978],[19.3202442,49.8148284],[19.3204554,49.8148871],[19.3212832,49.8149345],[19.3216518,49.8148827],[19.3215139,49.8146001],[19.3216632,49.8146186],[19.322165,49.8143676],[19.322234,49.8145123],[19.3221789,49.8147139],[19.3221488,49.8147173],[19.3221526,49.8149027],[19.3228981,49.8149185],[19.3236558,49.81492],[19.3237642,49.8155097],[19.3240443,49.815505],[19.3240855,49.815586],[19.3243972,49.8155607],[19.3247299,49.8154991],[19.3251394,49.8163778],[19.3246678,49.8164724],[19.3244348,49.8170431],[19.324388,49.817046],[19.3243609,49.8167848],[19.3243247,49.8166728],[19.3240579,49.8166767],[19.323244,49.816674],[19.3232233,49.8166918],[19.3232554,49.8167375],[19.3231053,49.8167738],[19.3228572,49.8169167],[19.3223737,49.8168919],[19.3225631,49.8170669],[19.3226439,49.8171664],[19.3223838,49.8172489],[19.3224407,49.8174227],[19.3227378,49.8178827],[19.3225926,49.8179869],[19.3229253,49.8184453],[19.3229544,49.8184393],[19.3230896,49.8183915],[19.3232233,49.8186029],[19.3236041,49.8187534],[19.3236459,49.818778],[19.3236943,49.8188307],[19.3231807,49.818871],[19.323383,49.8191574],[19.3222924,49.819079],[19.3223005,49.819115],[19.3214624,49.8192043],[19.321709,49.8196765],[19.3220121,49.820103],[19.32193,49.8201114],[19.3217133,49.8201111],[19.3215531,49.8199556],[19.3210869,49.8196184],[19.3210994,49.8195283],[19.3211315,49.8194411],[19.3206335,49.8190156],[19.3193968,49.8192195],[19.3185762,49.8194739],[19.3184687,49.8195474],[19.3185963,49.8196272],[19.3186148,49.8196787],[19.3185579,49.8197129],[19.3184295,49.8197645],[19.3181739,49.8198097],[19.3181389,49.8197732],[19.3175405,49.8197427],[19.317568,49.8198028],[19.3176628,49.8199086],[19.3177125,49.8200768],[19.3176018,49.8200327],[19.3174434,49.8200186],[19.3169295,49.8198079],[19.316974,49.8199391],[19.3171196,49.8200212],[19.3172096,49.820164],[19.3170369,49.8202018],[19.3169546,49.8203196],[19.31689,49.8202856],[19.3168891,49.8201517],[19.3165893,49.8199757],[19.3159843,49.8198534],[19.3157725,49.8198314],[19.315209,49.8198065],[19.3150861,49.8199444],[19.3149745,49.8199195],[19.3151808,49.8197049],[19.3147517,49.8194353],[19.314023,49.8193202],[19.3139524,49.8191764],[19.31364,49.8192049],[19.3132178,49.8190633],[19.3131374,49.8192622],[19.3130173,49.8193399],[19.3133329,49.8193867],[19.3130932,49.8196823],[19.3138657,49.8198963],[19.3137252,49.8200157],[19.3135827,49.8199363],[19.3133408,49.8198682],[19.3133239,49.8198882],[19.3132515,49.820034],[19.3132218,49.8205087],[19.3135838,49.8205361],[19.3133646,49.8205777],[19.3128936,49.8207326],[19.312994,49.8207399],[19.3129015,49.8210936],[19.3127218,49.8216689],[19.3131204,49.8217172],[19.3134849,49.8217225],[19.3135376,49.8218343],[19.3138905,49.8218971],[19.3138353,49.8218052],[19.3144036,49.8218712],[19.3146168,49.8218107],[19.314577,49.8219386],[19.3145548,49.8220702],[19.3143331,49.8222229],[19.3144311,49.8222865],[19.314515,49.8223552],[19.3145877,49.8224411],[19.3147795,49.8224116],[19.3149207,49.8223755],[19.3151004,49.8223162],[19.3153888,49.8223039],[19.3156078,49.8228251],[19.3154137,49.8229887],[19.3157273,49.8230303],[19.3158521,49.8230436],[19.3169183,49.8232345],[19.3168164,49.8232836],[19.3167116,49.8232887],[19.3164845,49.823332],[19.3159152,49.823319],[19.3151732,49.8233792],[19.3149282,49.8234256],[19.3146066,49.8238614],[19.3145888,49.8238647],[19.31453,49.8237294],[19.3140346,49.8233694],[19.3137358,49.8236698],[19.3135787,49.8235978],[19.3133971,49.8237087],[19.3133698,49.823774],[19.3134238,49.8238391],[19.3139203,49.8239135],[19.3139772,49.8239601],[19.3144282,49.8242307],[19.3150091,49.8243487],[19.3149263,49.824374],[19.3149653,49.8247064],[19.3151061,49.8246879],[19.3150818,49.824892],[19.3148919,49.8250642],[19.3148517,49.8251093],[19.314739,49.8251858],[19.313631,49.8251734],[19.3136248,49.8251763],[19.3135337,49.8253677],[19.313425,49.8253586],[19.3134657,49.8254437],[19.3132316,49.82557],[19.31303,49.8255794],[19.3127995,49.8255397],[19.3125922,49.8254452],[19.3124664,49.8253512],[19.3123097,49.8252703],[19.3121243,49.8251964],[19.3119144,49.8251725],[19.3117567,49.8251739],[19.3115606,49.8251695],[19.3115751,49.8252359],[19.3114696,49.8252034],[19.3109472,49.8251564],[19.3108699,49.8251593],[19.3100368,49.8256345],[19.3099994,49.8257409],[19.3101039,49.8257792],[19.3096444,49.8259876],[19.3108788,49.826642],[19.3099427,49.826904],[19.3099229,49.8269165],[19.3100294,49.8270673],[19.3102388,49.8271235],[19.3104134,49.8273724],[19.3104003,49.8273977],[19.3105651,49.82784],[19.3103157,49.8278649],[19.3102394,49.8277321],[19.3100379,49.8275834],[19.3098058,49.8274643],[19.3097443,49.8274916],[19.3093044,49.8270931],[19.3089043,49.8269787],[19.3087661,49.8269757],[19.3085654,49.826934],[19.3082906,49.827019],[19.3083103,49.8270666],[19.3081504,49.82712],[19.3078962,49.8273936],[19.3073319,49.8275304],[19.3073776,49.8270698],[19.3074369,49.8270612],[19.307384,49.8263391],[19.3068379,49.8265523],[19.3067839,49.8259914],[19.3066513,49.825997],[19.3058059,49.8260126],[19.3054601,49.8262511],[19.304933,49.8268563],[19.3041078,49.8273285],[19.3039302,49.8273939],[19.3038145,49.8274713],[19.3036936,49.8275609],[19.3036028,49.8277493],[19.3035388,49.8277474],[19.3034966,49.8275503],[19.3033324,49.8273439],[19.3030271,49.827017],[19.3032168,49.8269326],[19.3033868,49.8268065],[19.3036687,49.8270171],[19.3037392,49.8269592],[19.3040958,49.8266274],[19.3039639,49.8263546],[19.303902,49.8261564],[19.3038086,49.8257009],[19.3030738,49.8256812],[19.3030433,49.8257037],[19.3025364,49.8255284],[19.3025257,49.8254277],[19.3024055,49.8253681],[19.3024115,49.8253317],[19.302269,49.8252996],[19.302038,49.82523],[19.3018108,49.8251512],[19.3011007,49.8250704],[19.3009659,49.8251351],[19.3007816,49.8250376],[19.300408,49.824734],[19.3004319,49.8247006],[19.3000354,49.8243751],[19.2999023,49.8242101],[19.2996607,49.8242265],[19.2993381,49.8244289],[19.2989712,49.8245319],[19.2985028,49.8247369],[19.2982734,49.8248775],[19.2969725,49.8250402],[19.2965214,49.8252993],[19.2961901,49.8254984],[19.2961909,49.8256585],[19.2964207,49.8258924],[19.296088,49.8262008],[19.2959044,49.8262441],[19.2959073,49.826296],[19.2953073,49.8264759],[19.2950773,49.8264834],[19.2949639,49.8264824],[19.294882,49.8264127],[19.2947476,49.8262782],[19.294444,49.8262228],[19.2944335,49.8265152],[19.2946047,49.8266413],[19.2948444,49.8268734],[19.2949789,49.8270223],[19.2948008,49.8269697],[19.2945844,49.8268748],[19.2942115,49.8265583],[19.294091,49.8264035],[19.2938347,49.8260406],[19.2937437,49.8260379],[19.2937359,49.825984],[19.2936599,49.8258956],[19.293097,49.8254959],[19.292857,49.8253561],[19.2927285,49.8250907],[19.2926738,49.8249442],[19.2926116,49.8246404],[19.2924953,49.8246469],[19.292358,49.8246389],[19.2921301,49.8252161],[19.2919484,49.8254825],[19.2916302,49.8257423],[19.2916056,49.8259115],[19.2919587,49.8259142],[19.2918815,49.8264037],[19.2921974,49.8265155],[19.2924261,49.8265473],[19.292254,49.8269589],[19.2920379,49.8274542],[19.2917998,49.8278738],[19.2917685,49.8278912],[19.2917734,49.8279242],[19.2916088,49.8283123],[19.2917241,49.8283845],[19.291623,49.8286389],[19.2918898,49.8286846],[19.2921855,49.8288544],[19.2917152,49.8293151],[19.2913316,49.829566],[19.2911372,49.8298776],[19.2907112,49.8302443],[19.2903931,49.8304274],[19.2901198,49.8304228],[19.2890209,49.8302595],[19.2890044,49.8302498],[19.2889218,49.8302497],[19.2887636,49.8303413],[19.2887995,49.8304618],[19.28885,49.8305691],[19.2887926,49.8306775],[19.2888092,49.8311829],[19.288849,49.8312827],[19.2888799,49.8315557],[19.2887923,49.8317172],[19.2886917,49.8321779],[19.2885612,49.832279],[19.2884067,49.8329263],[19.2883433,49.8336437],[19.2883892,49.8337854],[19.2883259,49.8338764],[19.2884323,49.8340332],[19.2885918,49.8341259],[19.2885905,49.8341991],[19.288775,49.8343555],[19.2888882,49.8344218],[19.2889014,49.8345422],[19.2888749,49.834597],[19.288773,49.8346326],[19.2886759,49.8346879],[19.2886256,49.8348387],[19.2885342,49.8349732],[19.2885262,49.8351336],[19.2884991,49.835184],[19.2841298,49.8349113],[19.284108,49.835006],[19.2841009,49.834997],[19.2835492,49.8374595],[19.2827374,49.8372485],[19.2819061,49.8369269],[19.2818056,49.8368055],[19.2818126,49.8365793],[19.2817954,49.8362084],[19.2809928,49.8364735],[19.2802879,49.8365536],[19.2794532,49.8366187],[19.2801589,49.8347676],[19.276765,49.8351815],[19.2755436,49.8352836],[19.2753276,49.834873],[19.2751838,49.8343735],[19.27459,49.8319408],[19.274364,49.8316454],[19.2730765,49.8321511],[19.2726747,49.8321373],[19.2725981,49.8322691],[19.272466,49.8323655],[19.2724249,49.8326944],[19.2723188,49.8333148],[19.2724621,49.8338452],[19.2680371,49.8349714],[19.2665067,49.8349902],[19.2646364,49.8330529],[19.2644815,49.8342858],[19.2640842,49.8348111],[19.2632262,49.8354906],[19.2624666,49.8359771],[19.2610262,49.8368249],[19.2608078,49.8369312],[19.260537,49.837163],[19.260399,49.8376075],[19.2603928,49.8377726],[19.2599592,49.837236],[19.2594469,49.8369097],[19.2593578,49.8367234],[19.2535091,49.8363185],[19.2505066,49.835359],[19.2513266,49.8348593],[19.2518511,49.8345311],[19.2520663,49.8341996],[19.2523779,49.8336609],[19.2525154,49.8332168],[19.2527515,49.8326538],[19.2536777,49.8315613],[19.2540629,49.8308036],[19.2541857,49.830463],[19.2543396,49.8304059],[19.2545969,49.8305479],[19.255273,49.8309342],[19.2562677,49.8310085],[19.2569153,49.8307268],[19.2569562,49.8300602],[19.2574309,49.8289327],[19.257334,49.8279919],[19.257164,49.8278327],[19.2555701,49.8278613],[19.2489172,49.8268409],[19.2488013,49.8267511],[19.2482668,49.827158],[19.248132,49.8277686],[19.2477437,49.828108],[19.2473051,49.828463],[19.2468855,49.8286304],[19.2457981,49.8290093],[19.2453825,49.8292699],[19.2443852,49.8297204],[19.2438293,49.8288202],[19.2441604,49.8274262],[19.2409552,49.8250205],[19.2406523,49.824259],[19.2382084,49.8243593],[19.2377556,49.82383],[19.2377044,49.8234906],[19.236614,49.8229662],[19.2354979,49.8225104],[19.2348551,49.8221339],[19.2345721,49.8218168],[19.2344708,49.8215525],[19.2311893,49.8193371],[19.2295706,49.8177609],[19.2293366,49.8173074],[19.2291369,49.8168267],[19.2290277,49.8166025],[19.2294109,49.8161125],[19.2291613,49.8153328],[19.2292118,49.8149299],[19.2294114,49.8143361],[19.2298705,49.8136543],[19.2368216,49.8120407],[19.2373046,49.8111496],[19.2401389,49.8105486],[19.2404087,49.8098071],[19.2397854,49.8093229],[19.2341416,49.8106474],[19.2328025,49.8106141],[19.2319234,49.8113003],[19.2310147,49.8113495],[19.2298867,49.8117818],[19.2291539,49.8120426],[19.227758,49.8120045],[19.2274239,49.8123379],[19.226865,49.8125063],[19.2253672,49.8133282],[19.2240947,49.8132234],[19.2231003,49.8130258],[19.2219918,49.8130069],[19.2170488,49.8113038],[19.2176515,49.8088335],[19.2168566,49.809064],[19.2156033,49.8095325],[19.2150848,49.8094957],[19.2148884,49.8093385],[19.2147609,49.8092141],[19.2147567,49.8089995],[19.2138867,49.810186],[19.2130222,49.8110112],[19.212966,49.8109657],[19.2114869,49.8097694],[19.2091467,49.8084496],[19.2065397,49.8073952],[19.203933,49.8063863],[19.2015773,49.8056124],[19.2008137,49.8052305],[19.1996596,49.8035925],[19.1994241,49.8031548],[19.1998654,49.8031457],[19.2005989,49.8032343],[19.2011175,49.8034233],[19.2056018,49.798174],[19.2062942,49.7952515],[19.206772,49.7945184],[19.2072714,49.7938114],[19.2075562,49.7932642],[19.207741,49.7924142],[19.2078075,49.7916969],[19.2079775,49.7911809],[19.2080951,49.790713],[19.2080973,49.790256],[19.2084583,49.7894318],[19.2084489,49.7890404],[19.2082997,49.7887684],[19.2082563,49.7875398],[19.2082535,49.7869544],[19.2083131,49.7864885],[19.2084684,49.7859892],[19.2087015,49.7855354],[19.2089429,49.7852287],[19.20915,49.7848889],[19.2092949,49.7844833],[19.2094059,49.7840883],[19.209256,49.7839575],[19.2093008,49.7837714],[19.2092933,49.7832569],[19.2095378,49.7830235],[19.209691,49.7827304],[19.2152245,49.7838784],[19.2150371,49.783414],[19.2140857,49.7822077],[19.2140933,49.7818019],[19.2153079,49.7808121],[19.2156078,49.7799153],[19.2159126,49.7795554],[19.215807,49.7780961],[19.2158972,49.7768082],[19.2159448,49.7765406],[19.2159043,49.7762455],[19.2155784,49.7754505],[19.2153631,49.7749916],[19.2150589,49.7740279],[19.2148693,49.7734033],[19.2155924,49.7733946],[19.2160138,49.7735349],[19.2194716,49.774581],[19.2196689,49.7745892],[19.2200504,49.7747728],[19.2204983,49.7750469],[19.2212966,49.775647],[19.2210103,49.7773808],[19.2241659,49.7863235],[19.2226294,49.7873043],[19.2218722,49.7873896],[19.2213742,49.7874786],[19.2213156,49.7875686],[19.2230601,49.7884527],[19.2241178,49.7886184],[19.2249125,49.7889631],[19.2256403,49.7891967],[19.2271401,49.7893629],[19.2283033,49.7894441],[19.2297011,49.7896303],[19.2316354,49.7896834],[19.2344068,49.7890132],[19.2355864,49.7889051],[19.2365601,49.789127],[19.2378103,49.7892486],[19.2389785,49.787985],[19.2398794,49.7879767],[19.2417893,49.7880004],[19.243255,49.7878735],[19.2443058,49.7878766],[19.2468126,49.7879001],[19.247633,49.787817],[19.2479944,49.7875185],[19.2480331,49.7872576],[19.2479267,49.787095],[19.24767,49.7869043],[19.2473587,49.7868515],[19.2468958,49.7868557],[19.2457198,49.7868514],[19.2451039,49.7867297],[19.244614,49.7865196],[19.24407,49.78622],[19.2436267,49.7858021],[19.2430392,49.7854507],[19.2423655,49.7851422],[19.2404374,49.7849028],[19.2379154,49.7841026],[19.2378363,49.7839668],[19.237875,49.7836487],[19.2380578,49.7832159],[19.2383604,49.7827954],[19.2387446,49.7825961],[19.2393712,49.78196],[19.2393777,49.781487],[19.2394464,49.781253],[19.2395969,49.7810343],[19.2399252,49.7807266],[19.2401021,49.7806101],[19.2405888,49.7804519],[19.241527,49.7800866],[19.2432068,49.7792367],[19.2431415,49.7791649],[19.2431555,49.7787143],[19.2431046,49.7785125],[19.2425044,49.7783698],[19.2415907,49.7783005],[19.2405079,49.777636],[19.2401389,49.7771239],[19.2398642,49.7769001],[19.2397827,49.7766593],[19.2385761,49.776235],[19.2375172,49.7757337],[19.2375609,49.7756283],[19.2378612,49.7754171],[19.2378118,49.775315],[19.2376305,49.7750506],[19.2380628,49.7748069],[19.2387834,49.7751977],[19.2391934,49.7749341],[19.2383854,49.7742819],[19.2377854,49.7738776],[19.2374323,49.7736726],[19.2370089,49.7735622],[19.2368864,49.7734569],[19.2365166,49.7720743],[19.2356304,49.772332],[19.2348703,49.7723195],[19.2342169,49.7708387],[19.2286405,49.7696577],[19.2281315,49.768575],[19.2279744,49.7677981],[19.2279552,49.7669623],[19.2296591,49.7657877],[19.2285149,49.7658928],[19.2274163,49.7662699],[19.2263096,49.766918],[19.2248386,49.7668203],[19.2240772,49.7665644],[19.2184002,49.7640741],[19.2185398,49.7631851],[19.2181674,49.7630936],[19.2176247,49.7630877],[19.2174208,49.7631055],[19.2171356,49.7630426],[19.2166801,49.763049],[19.2160572,49.7631121],[19.2156728,49.7631229],[19.2151477,49.7630921],[19.2144861,49.7629805],[19.2141649,49.7629157],[19.2138262,49.7628267],[19.2140919,49.7622533],[19.2143419,49.7616427],[19.2145724,49.7609484],[19.2147701,49.7584255],[19.2142771,49.7563421],[19.2137646,49.7548788],[19.2136095,49.7538608],[19.2130168,49.7530076],[19.2121361,49.7522077],[19.209993,49.7506855],[19.209274,49.7503776],[19.2088253,49.7500172],[19.2084766,49.7496128],[19.2085194,49.7492423],[19.2086573,49.748916],[19.2092448,49.7481782],[19.2099415,49.7472191],[19.2102144,49.746313],[19.2100955,49.7455907],[19.210601,49.7444554],[19.2129805,49.7437596],[19.2191911,49.7424648],[19.2198072,49.7415697],[19.2185712,49.7393566],[19.2174944,49.7393757],[19.2171097,49.7394758],[19.2169235,49.7396297],[19.2164248,49.739621],[19.21632,49.739345],[19.2160094,49.7387723],[19.2156263,49.7380282],[19.2152095,49.736789],[19.2149953,49.7361698],[19.2147581,49.7353407],[19.2147845,49.7347752],[19.2148799,49.7341351],[19.2150622,49.7337225],[19.2154172,49.7328895],[19.2153785,49.7323781],[19.2152167,49.7321158],[19.2149396,49.7317725],[19.2148227,49.7314869],[19.2148523,49.7310384],[19.2149906,49.7308463],[19.2154355,49.7305179],[19.2166655,49.7298062],[19.2177782,49.7287964],[19.2181852,49.7284019],[19.218691,49.7281305],[19.2215663,49.7278449],[19.2242234,49.7275434],[19.2258295,49.7273641],[19.22694,49.7272401],[19.2242629,49.7280276],[19.2238916,49.7282191],[19.2236511,49.7283698],[19.2234985,49.7286445],[19.2236592,49.7289196],[19.2240261,49.7291837],[19.2246366,49.7296976],[19.2255778,49.7305365],[19.2256231,49.7307288],[19.2264494,49.7308126],[19.226697,49.7308867],[19.2257834,49.7315039],[19.2254908,49.7317496],[19.2254256,49.7320341],[19.2262779,49.7323958],[19.2270751,49.7337087],[19.227302,49.7343102],[19.227466,49.7350398],[19.2278759,49.7348118],[19.2283289,49.7344985],[19.2284924,49.7342568],[19.2285711,49.7340257],[19.2289957,49.7336928],[19.2295309,49.7333498],[19.229952,49.7330626],[19.2305731,49.7328398],[19.2311834,49.7329995],[19.2317123,49.7326977],[19.2322544,49.7326672],[19.2328822,49.7326077],[19.2330079,49.7328835],[19.2332975,49.7332298],[19.2335242,49.7334847],[19.2337353,49.7335696],[19.2348938,49.7337513],[19.2354308,49.7337872],[19.2356326,49.7338671],[19.238915,49.7357461],[19.2385576,49.736002],[19.238489,49.7362932],[19.2385096,49.736897],[19.2383074,49.7375122],[19.2383206,49.7378263],[19.2384394,49.7380278],[19.2389635,49.7388468],[19.2399503,49.7388788],[19.2409066,49.739025],[19.2419288,49.7388617],[19.2424131,49.7387186],[19.2458357,49.7396305],[19.2458216,49.7402149],[19.2457812,49.7404913],[19.2456629,49.7406352],[19.2456722,49.7408147],[19.2458356,49.7411718],[19.2458868,49.7415107],[19.2455381,49.7418861],[19.2461012,49.7423459],[19.2538586,49.7423564],[19.2538932,49.7424989],[19.2541403,49.7430635],[19.2541666,49.7434918],[19.2541678,49.7436204],[19.2541503,49.7437895],[19.253815,49.7442335],[19.2530834,49.7447167],[19.2532259,49.7447304],[19.2539874,49.7445038],[19.255044,49.7445211],[19.2560756,49.7446783],[19.2563313,49.7449017],[19.2565626,49.7450851],[19.2568708,49.7451905],[19.257988,49.7452051],[19.2582524,49.7455065],[19.2584956,49.7458807],[19.2584911,49.7466122],[19.259366,49.7484026],[19.2599615,49.749563],[19.2603079,49.7499166],[19.2601973,49.7502926],[19.2597777,49.7505033],[19.2594401,49.7506396],[19.2594282,49.7508229],[19.2597594,49.7509159],[19.2599864,49.7510092],[19.2601017,49.7513665],[19.2606377,49.7522743],[19.2606262,49.752735],[19.2604785,49.7542298],[19.2605635,49.7547404],[19.2609658,49.7553283],[19.2612615,49.7556146],[19.2614675,49.7559621],[19.2613015,49.7560901],[19.2607592,49.7563829],[19.2601626,49.7567939],[19.2594493,49.7573163],[19.2594453,49.757517],[19.2596299,49.7575849],[19.2601491,49.7575939],[19.2607374,49.7578494],[19.2600815,49.7581319],[19.2595126,49.7589683],[19.2593361,49.7593209],[19.2592422,49.7596251],[19.2592645,49.7598432],[19.2596168,49.7604212],[19.2597159,49.7606766],[19.2597189,49.7608698],[19.2594725,49.7614881],[19.2593721,49.7619603],[19.2597733,49.7619652],[19.260186,49.7620707],[19.2611453,49.7625296],[19.2614749,49.7626166],[19.2617037,49.7627248],[19.2618086,49.762651],[19.2623387,49.7624421],[19.2625682,49.7625716],[19.2629137,49.7626452],[19.2639995,49.7621364],[19.2664767,49.7611849],[19.267397,49.7606209],[19.2677861,49.7601608],[19.2682167,49.7594953],[19.2684103,49.7579271],[19.2683258,49.7577311],[19.2683764,49.7574903],[19.2685844,49.7572572],[19.2686746,49.7567084],[19.2689788,49.7560343],[19.2695807,49.7560038],[19.2737036,49.7561782],[19.2721179,49.7550943],[19.2710166,49.7537999],[19.2704839,49.7533083],[19.2700345,49.7531277],[19.2694414,49.7531216],[19.2681036,49.7530149],[19.2650129,49.752918],[19.2609946,49.7457813],[19.260256,49.7408508],[19.2621232,49.7397076],[19.2650566,49.7368028],[19.2721463,49.7368066],[19.2718234,49.7384115],[19.2719097,49.7394273],[19.2719282,49.7403144],[19.2722752,49.7420405],[19.2724245,49.7440051],[19.2726197,49.7462154],[19.2726816,49.7466718],[19.2733671,49.7464298],[19.2737841,49.7464697],[19.2744154,49.7466189],[19.2747448,49.7466555],[19.2751853,49.7466673],[19.2755247,49.7466702],[19.2756624,49.7465543],[19.2757385,49.7463804],[19.2762773,49.7460383],[19.2764332,49.746002],[19.2822818,49.7483108],[19.2818687,49.7477778],[19.2815666,49.7474356],[19.2816002,49.7463378],[19.2812803,49.7459997],[19.2812188,49.7456141],[19.2811128,49.7454608],[19.2807171,49.7449469],[19.280697,49.7447404],[19.2805309,49.7444146],[19.2801951,49.7441476],[19.2795659,49.7438518],[19.2789911,49.7436682],[19.2785781,49.7434428],[19.278319,49.7430047],[19.2782499,49.7427545],[19.2775226,49.7422922],[19.2768117,49.7419691],[19.2765225,49.7416667],[19.2760955,49.7405623],[19.2759951,49.7401993],[19.2759005,49.7397803],[19.2758469,49.7392976],[19.2758024,49.7389984],[19.2757534,49.7386123],[19.275695,49.7383815],[19.2754112,49.7379122],[19.2752554,49.7374184],[19.2773308,49.737498],[19.2783701,49.7377296],[19.2796598,49.7379366],[19.2800739,49.7380154],[19.280403,49.7381799],[19.2805124,49.738369],[19.2806504,49.7385111],[19.2808728,49.7386958],[19.2809983,49.7389159],[19.2810541,49.7392103],[19.2810914,49.7396657],[19.2812409,49.7399423],[19.2824109,49.7396797],[19.2829788,49.7395682],[19.28367,49.7392589],[19.2836239,49.738962],[19.2836399,49.7383933],[19.2837067,49.7379878],[19.2838268,49.7375807],[19.2841597,49.7371648],[19.2847651,49.7367059],[19.2851724,49.7364659],[19.285658,49.7363906],[19.2858612,49.7362681],[19.2890855,49.735051],[19.2910241,49.733032],[19.291413,49.7329849],[19.2952512,49.7320475],[19.2969367,49.7319813],[19.298806,49.7320873],[19.3005028,49.732306],[19.308635,49.7320544],[19.3203064,49.7305285],[19.3206413,49.7307084],[19.3214691,49.7308975],[19.3223008,49.7311828],[19.3277484,49.7295685],[19.3308792,49.7301834],[19.3403721,49.7329197],[19.3407922,49.7322956],[19.3427569,49.7323693],[19.3440173,49.7325339],[19.3451883,49.7330709],[19.3461144,49.7334583],[19.3471135,49.7338886],[19.3474365,49.7339986],[19.3495705,49.7338895],[19.3527664,49.7336752],[19.3554919,49.733516],[19.3610503,49.7335223],[19.3639187,49.7336409],[19.3663439,49.7336427],[19.3688845,49.7345452],[19.3694743,49.7345577],[19.3712629,49.7336445],[19.3719883,49.7334288],[19.3737059,49.7331706],[19.3760795,49.7331035],[19.3790411,49.7331579],[19.3806495,49.7343507],[19.3883896,49.7342061],[19.3930484,49.7349698],[19.3942291,49.7348386],[19.3957874,49.7347274],[19.3976382,49.7346322],[19.3998084,49.7358714],[19.4053262,49.737853],[19.4079577,49.7384901],[19.4079949,49.7386865],[19.4083962,49.7389778],[19.4090108,49.7392822],[19.4097373,49.7396218],[19.4097897,49.7398428],[19.4097691,49.7402321],[19.4098309,49.7404273],[19.4100904,49.7408263],[19.4101031,49.7410023],[19.4099287,49.7413284],[19.4098365,49.7415898],[19.409847,49.7418544],[19.410347,49.7424766],[19.410347,49.7429584],[19.4100138,49.7432805],[19.4098605,49.7433965],[19.4097689,49.7435173],[19.409698,49.7437469],[19.4097265,49.7439419],[19.4108029,49.743627],[19.4111324,49.7431773],[19.4117626,49.7430457],[19.4116059,49.7435534],[19.4117099,49.7437708],[19.4120485,49.7439212],[19.413354,49.7443632],[19.4144077,49.7450496],[19.4149926,49.7450086],[19.4155128,49.7451847],[19.4161051,49.7450749],[19.4179232,49.7450612],[19.4190532,49.7450957],[19.4190654,49.7446236],[19.4196573,49.7438779],[19.4202062,49.7430407],[19.4403299,49.74379],[19.4404194,49.7437937],[19.4407076,49.7438283],[19.4411735,49.7438092],[19.4417397,49.7437155],[19.442355,49.7435413],[19.4427445,49.7432298],[19.4440509,49.7433498],[19.4455816,49.7434989],[19.4455141,49.7436352],[19.4457555,49.7435519],[19.4459134,49.7435044],[19.4459936,49.743518],[19.4461366,49.7435313],[19.4461845,49.743529],[19.4464225,49.7435476],[19.447271,49.7436363],[19.4472312,49.7436722],[19.4472822,49.7438574],[19.4473727,49.7438818],[19.4473735,49.7439257],[19.4476315,49.7440219],[19.4478927,49.7440825],[19.4482534,49.7441315],[19.4483177,49.7440182],[19.4486096,49.744044],[19.4489305,49.7440083],[19.4487666,49.7442643],[19.448874,49.7442776],[19.4490377,49.7442804],[19.4490063,49.7443744],[19.4490531,49.7445328],[19.4489787,49.7448792],[19.4490345,49.7449026],[19.4494422,49.7451414],[19.4497286,49.7452881],[19.4496637,49.7453379],[19.4501227,49.7455885],[19.4505431,49.7457653],[19.4506201,49.7457793],[19.4506957,49.7457519],[19.4509858,49.7457921],[19.4511126,49.7457613],[19.4512145,49.7458374],[19.4514785,49.7459787],[19.4515875,49.7460207],[19.4518146,49.7460905],[19.452136,49.7461817],[19.4522423,49.7462628],[19.4524294,49.7463244],[19.4528187,49.7464729],[19.4530419,49.7465724],[19.4531005,49.7466376],[19.4532481,49.7466906],[19.4533719,49.7467967],[19.4541689,49.7466479],[19.4544924,49.7467455],[19.454497,49.7467032],[19.4545547,49.7465489],[19.4550654,49.7466048],[19.4550857,49.7465686],[19.455794,49.7468362],[19.4559232,49.7468906],[19.4560605,49.7469373],[19.4561088,49.7469758],[19.4561811,49.7470168],[19.4563891,49.747092],[19.4565136,49.746925],[19.4565174,49.7469068],[19.4565909,49.7468855],[19.4568838,49.7468393],[19.457212,49.746807],[19.4572952,49.7468359],[19.4574431,49.746819],[19.4577002,49.7467256],[19.4574512,49.7470178],[19.4579287,49.7471958],[19.4578652,49.7472908],[19.4576906,49.7474157],[19.4576121,49.7475157],[19.4574645,49.7476518],[19.4572511,49.7479374],[19.4573035,49.7479515],[19.4572772,49.7480253],[19.4573867,49.7480565],[19.4574624,49.7481349],[19.4574968,49.7481515],[19.4578105,49.748087],[19.4580768,49.7480582],[19.458123,49.7480745],[19.4582738,49.7480237],[19.4582109,49.7481055],[19.4581509,49.7482519],[19.4579645,49.7484034],[19.4579424,49.748509],[19.457884,49.7487214],[19.4578301,49.7488324],[19.4582416,49.7489729],[19.4585032,49.7490705],[19.4585448,49.7490827],[19.4588644,49.7494757],[19.4591599,49.7496977],[19.4592406,49.7495871],[19.4593337,49.7494451],[19.4594978,49.7491662],[19.4595818,49.7490596],[19.4596867,49.7490352],[19.4597442,49.7489072],[19.4598708,49.7487232],[19.4605995,49.7491056],[19.4605957,49.7491123],[19.4612808,49.7495171],[19.461909,49.7497432],[19.4619058,49.7494631],[19.4619202,49.7493893],[19.4620752,49.7494529],[19.4621734,49.7494985],[19.4621977,49.7497897],[19.4622808,49.7501363],[19.4621568,49.7503211],[19.4621288,49.7503803],[19.4621503,49.7505316],[19.4621961,49.7506904],[19.4622,49.7507653],[19.461948,49.7509242],[19.4617926,49.7509945],[19.4616723,49.7510988],[19.4618227,49.7511727],[19.4619436,49.7515346],[19.4619312,49.7516763],[19.4620313,49.7517247],[19.4621293,49.7517206],[19.462172,49.7517728],[19.462316,49.7517127],[19.4625042,49.7516644],[19.4624138,49.7518244],[19.4623227,49.7520011],[19.4627906,49.752081],[19.4630269,49.7522465],[19.4629456,49.7523442],[19.462785,49.7524116],[19.4626158,49.7524722],[19.4630064,49.7527385],[19.4630627,49.7527857],[19.4630956,49.752881],[19.4631554,49.7528818],[19.4633336,49.7527782],[19.4633619,49.7527534],[19.4634283,49.7527983],[19.4633049,49.7529285],[19.4630276,49.7530928],[19.4631863,49.7531941],[19.4633437,49.7533473],[19.4633897,49.7533241],[19.4635911,49.7535095],[19.463659,49.7534753],[19.4636928,49.7535035],[19.4637626,49.7536203],[19.4637863,49.7538305],[19.4638007,49.7540328],[19.4638507,49.7541742],[19.4639959,49.7542444],[19.4640876,49.7541725],[19.4642234,49.7542802],[19.4641317,49.7543575],[19.4644284,49.7543912],[19.4645686,49.7545071],[19.4649552,49.7548744],[19.4650136,49.7550653],[19.4652099,49.7552468],[19.4652803,49.7553012],[19.4657391,49.7555316],[19.4657023,49.7555756],[19.465613,49.7557936],[19.4653303,49.7560091],[19.4646343,49.7561224],[19.4640412,49.7563693],[19.4631934,49.7562003],[19.4624049,49.7562957],[19.4618676,49.7559224],[19.4614984,49.7562724],[19.4620764,49.7571324],[19.4618018,49.7572785],[19.4621899,49.7575635],[19.4621328,49.757688],[19.4619324,49.7581668],[19.4625227,49.7582702],[19.4626225,49.7584058],[19.4622998,49.7585738],[19.4622144,49.7586128],[19.4620758,49.7588259],[19.4623228,49.7589446],[19.4623131,49.759032],[19.4624562,49.7591023],[19.4623894,49.7592214],[19.4625866,49.7592904],[19.4623612,49.7596891],[19.4624162,49.7596842],[19.4623533,49.759757],[19.4629416,49.7596282],[19.4635967,49.7595674],[19.4639936,49.7597077],[19.4645947,49.7599951],[19.464849,49.7601401],[19.4652225,49.7604389],[19.4655227,49.7609173],[19.4655255,49.7610512],[19.4655499,49.7611501],[19.4656216,49.7615898],[19.4656517,49.7617351],[19.4658112,49.7617097],[19.4659122,49.7616785],[19.4668035,49.7613714],[19.4670549,49.7622368],[19.4670821,49.7623153],[19.4671194,49.7623095],[19.4672476,49.7624446],[19.4676239,49.762246],[19.4677617,49.7623428],[19.4679754,49.7625159],[19.4682459,49.7626975],[19.4683662,49.7627736],[19.4684464,49.7628052],[19.4688169,49.763009],[19.4696187,49.7635718],[19.4698183,49.7634134],[19.4701192,49.7635342],[19.4705017,49.7637474],[19.4709576,49.7640186],[19.4710807,49.7641238],[19.4713991,49.7643012],[19.4719317,49.7644684],[19.4721324,49.7645836],[19.4728381,49.7648629],[19.4733666,49.7649837],[19.4737046,49.7651352],[19.4739153,49.765361],[19.474044,49.7654675],[19.4744301,49.7656518],[19.4746151,49.7656739],[19.4746897,49.7657084],[19.4747726,49.7657608],[19.4748071,49.7658052],[19.4752384,49.7657542],[19.4750812,49.7660835],[19.4759186,49.7663172],[19.4763527,49.7664627],[19.4763458,49.7664992],[19.4763497,49.7665271],[19.4763935,49.766546],[19.4765283,49.766666],[19.4769148,49.7668575],[19.477572,49.7671521],[19.4790474,49.7677136],[19.4796997,49.7680895],[19.4801196,49.7676376],[19.4802347,49.7676771],[19.4803701,49.7676432],[19.4804832,49.7677831],[19.4805458,49.767892],[19.480663,49.7680416],[19.4811166,49.7685412],[19.481245,49.7686739],[19.4816678,49.7690344],[19.4820327,49.7693329],[19.4823497,49.7696066],[19.482382,49.769586],[19.4827475,49.7697414],[19.4828406,49.7697565],[19.483146,49.7700902],[19.4834742,49.7703236],[19.4836246,49.7702787],[19.4837236,49.770362],[19.4841327,49.7701751],[19.4846895,49.7704281],[19.4848186,49.7704484],[19.4849893,49.7704587],[19.4852816,49.7705467],[19.4862638,49.7708729],[19.4866214,49.7710134],[19.4867505,49.7710699],[19.4872652,49.7711129],[19.4874061,49.7711483],[19.4874499,49.7711904],[19.4876725,49.7711568],[19.4877387,49.7711512],[19.4877967,49.7715986],[19.4878477,49.7717555],[19.4880976,49.7719584],[19.4882987,49.7722006],[19.4885241,49.7724564],[19.4888369,49.7729744],[19.4890651,49.7733708],[19.489206,49.7736476],[19.4894086,49.7739346],[19.4895209,49.7741305],[19.4895127,49.7742576],[19.4892484,49.7748008],[19.4891491,49.7749673],[19.488996,49.7751995],[19.4886165,49.7758169],[19.4885419,49.7759466],[19.4884828,49.7761209],[19.4884495,49.7762877],[19.4884707,49.7764619],[19.4885412,49.7767025],[19.488717,49.7769603],[19.4889177,49.7772425],[19.4893215,49.7777868],[19.4896187,49.7782265],[19.4896704,49.7782924],[19.4900939,49.7787284],[19.4905433,49.7790248],[19.4908542,49.7791378],[19.4911154,49.7792066],[19.4911927,49.7792215],[19.4914911,49.7792989],[19.4912804,49.7795586],[19.4911219,49.7796023],[19.4906538,49.7796146],[19.4903907,49.7797073],[19.4903261,49.7797228],[19.4899995,49.7797292],[19.4892319,49.7798942],[19.4889286,49.7798685],[19.4885907,49.7798063],[19.4881527,49.7798078],[19.4878105,49.7799534],[19.4874306,49.7801407],[19.487288,49.7800689],[19.4872364,49.7798557],[19.4870209,49.7798268],[19.4866532,49.779986],[19.4861065,49.7798689],[19.4859886,49.7797506],[19.4858932,49.7796872],[19.4856773,49.7796594],[19.4854762,49.7797656],[19.4851048,49.7797192],[19.48421,49.7795018],[19.4839471,49.7796091],[19.4835985,49.779613],[19.483485,49.779669],[19.4832995,49.7798214],[19.4829298,49.7798062],[19.4827714,49.7797247],[19.482609,49.7797083],[19.4824463,49.7797389],[19.4824128,49.7797575],[19.4822285,49.779925],[19.4819341,49.7800711],[19.4817252,49.7800357],[19.4814712,49.7800868],[19.4814257,49.7801783],[19.4814777,49.780366],[19.4814389,49.7804582],[19.4813186,49.7804921],[19.4811471,49.7805032],[19.4810154,49.7805063],[19.4808572,49.7805298],[19.480642,49.7804691],[19.4805901,49.7804667],[19.4803536,49.7804761],[19.4798545,49.7804522],[19.479666,49.7802835],[19.4794337,49.7802008],[19.479169,49.7802038],[19.4787516,49.7804688],[19.4786743,49.7806284],[19.4784639,49.7807174],[19.4782808,49.7808042],[19.4778401,49.7808568],[19.4775686,49.7808933],[19.47714,49.7808415],[19.4768667,49.7807959],[19.4767731,49.7807978],[19.4765049,49.7809679],[19.4763009,49.7811083],[19.4761783,49.7812305],[19.4757914,49.7812116],[19.4755052,49.7813272],[19.4755238,49.7813506],[19.4748508,49.7816252],[19.4747048,49.781675],[19.4746925,49.7817065],[19.4747967,49.7819058],[19.4747844,49.781957],[19.4743051,49.7822351],[19.4739381,49.7823698],[19.4735791,49.7825255],[19.4735203,49.7826164],[19.4735075,49.7826707],[19.4735603,49.7828718],[19.4735361,49.782913],[19.4735762,49.7829405],[19.4736969,49.7829151],[19.4745818,49.7823417],[19.4747341,49.7824794],[19.4749916,49.7825534],[19.4754074,49.7823471],[19.476001,49.7820401],[19.4759907,49.7819781],[19.4764347,49.7819262],[19.4764051,49.7818232],[19.4766502,49.78183],[19.4765672,49.7822607],[19.4768026,49.7822472],[19.476822,49.7824425],[19.4767271,49.7824446],[19.4767243,49.782635],[19.4770049,49.7826321],[19.4769943,49.782706],[19.477014,49.7831582],[19.477513,49.7831762],[19.4775167,49.7832441],[19.4787086,49.7831406],[19.4787221,49.7830703],[19.4794714,49.7837072],[19.4794746,49.7837244],[19.4796474,49.7838632],[19.4798268,49.7838903],[19.4808068,49.7839178],[19.4809269,49.7840054],[19.4810917,49.7841703],[19.4811593,49.7842907],[19.4813767,49.7845595],[19.4814407,49.7847657],[19.4814619,49.7848614],[19.4815035,49.7849792],[19.481596,49.7851661],[19.4818393,49.7852635],[19.4818913,49.7852356],[19.4822259,49.7853766],[19.4822472,49.7853547],[19.4826307,49.7855084],[19.4831941,49.7855819],[19.483337,49.785768],[19.4835223,49.7858006],[19.4834871,49.7858352],[19.4837523,49.7859137],[19.4840153,49.7859819],[19.4841808,49.7861042],[19.4842991,49.7860082],[19.4845993,49.7861578],[19.4847257,49.7860504],[19.4847806,49.7860164],[19.4847386,49.7859909],[19.4848748,49.7858166],[19.4850951,49.7859087],[19.4852634,49.7858188],[19.4857692,49.7861015],[19.4865995,49.7873367],[19.4866908,49.7874408],[19.4869333,49.7877428],[19.4872686,49.7874831],[19.4875549,49.7874038],[19.48804,49.7872046],[19.4880067,49.7871245],[19.4881604,49.7871058],[19.4881717,49.787124],[19.4883455,49.7870726],[19.4883341,49.7870463],[19.4882634,49.7869759],[19.4883741,49.7869664],[19.4886002,49.786903],[19.4890326,49.7867508],[19.4890703,49.7867851],[19.490093,49.786522],[19.4903005,49.7865168],[19.4908272,49.7865986],[19.491119,49.7866702],[19.4911257,49.786629],[19.4918575,49.786789],[19.4923686,49.7870317],[19.4927716,49.7873503],[19.4927075,49.7874056],[19.4932441,49.787839],[19.494602,49.7885819],[19.494575,49.7886115],[19.4945819,49.7887192],[19.4946554,49.7887541],[19.4954164,49.7890842],[19.4957856,49.7891799],[19.4961248,49.7893227],[19.4962757,49.7893816],[19.4963365,49.7893934],[19.4967869,49.7894563],[19.4968741,49.7894166],[19.4971824,49.7894566],[19.4971995,49.7894631],[19.4974713,49.7895025],[19.497569,49.7894923],[19.4976395,49.7894921],[19.4976444,49.7895536],[19.4976841,49.7896044],[19.4976587,49.7896588],[19.4976007,49.7896228],[19.4975138,49.7896805],[19.4974181,49.7898179],[19.4973481,49.7899779],[19.4972737,49.7901202],[19.4971871,49.790151],[19.4972003,49.7902378],[19.497261,49.7904364],[19.4971203,49.7903661],[19.4970882,49.7903605],[19.4970658,49.7903246],[19.4969047,49.7901369],[19.4967463,49.7901615],[19.4966192,49.7901969],[19.4965948,49.7902457],[19.4964778,49.7903858],[19.4962865,49.7904736],[19.4961951,49.7905498],[19.4960697,49.7905756],[19.4959998,49.7905457],[19.4955568,49.7903053],[19.495174,49.7905737],[19.4948437,49.7904496],[19.4948093,49.7904451],[19.4943184,49.7904354],[19.4940183,49.7909556],[19.4938855,49.7911638],[19.4935345,49.7916123],[19.4934315,49.7917994],[19.49355,49.79182],[19.4933939,49.7920138],[19.4929877,49.7923323],[19.4927864,49.7926517],[19.4927308,49.7928765],[19.4931332,49.7929303],[19.493158,49.7930715],[19.493084,49.7932974],[19.4931108,49.7933875],[19.493159,49.7933953],[19.4930975,49.7938203],[19.4932773,49.7939028],[19.4929357,49.7944557],[19.4928935,49.7946924],[19.4929683,49.7947099],[19.4929361,49.7947561],[19.4928755,49.7947479],[19.4926967,49.794797],[19.4924474,49.7950728],[19.4921647,49.7954851],[19.492462,49.7956553],[19.4925405,49.7956314],[19.4930802,49.7955381],[19.4932866,49.7954665],[19.4934318,49.7952666],[19.4935995,49.7949226],[19.4938763,49.7946954],[19.4938983,49.7945849],[19.4940693,49.7944614],[19.4940094,49.7944082],[19.4942838,49.7942975],[19.4944954,49.7941764],[19.4945422,49.7939442],[19.4946542,49.7938432],[19.4946043,49.7937486],[19.4945705,49.7936691],[19.4947383,49.7936127],[19.494722,49.7934079],[19.4948007,49.7931536],[19.4949254,49.7931142],[19.4949168,49.7930508],[19.4949692,49.792915],[19.4951488,49.7928053],[19.4953275,49.7927248],[19.4953065,49.7925686],[19.4953929,49.7925015],[19.4954891,49.7921684],[19.4955651,49.7921489],[19.4957484,49.7920505],[19.4957627,49.7920524],[19.4961793,49.7918313],[19.4963076,49.7917679],[19.4964477,49.7918034],[19.4964554,49.7917018],[19.496755,49.7915884],[19.4969011,49.7915425],[19.497223,49.7915487],[19.4971029,49.7913941],[19.4972298,49.7913285],[19.4975369,49.7911448],[19.4977187,49.7909781],[19.4981223,49.7907206],[19.4987543,49.7903544],[19.4987936,49.7904088],[19.4991534,49.7903528],[19.4995526,49.7903597],[19.4997517,49.7903281],[19.5001399,49.7904634],[19.5002608,49.7905013],[19.5001551,49.7907177],[19.499961,49.7909106],[19.4997425,49.7911463],[19.5004147,49.791502],[19.500482,49.7915417],[19.501071,49.7921434],[19.5010313,49.7922005],[19.501692,49.7925988],[19.501748,49.7927219],[19.5020842,49.7928384],[19.5020915,49.7929444],[19.502065,49.793106],[19.502285,49.7934932],[19.5021897,49.7935133],[19.5022437,49.7935882],[19.5020991,49.7936249],[19.5017963,49.7937096],[19.501807,49.7937354],[19.501362,49.7937787],[19.5013604,49.7940424],[19.5013945,49.7941668],[19.501278,49.7942026],[19.5012622,49.7941789],[19.5010247,49.7942303],[19.5011136,49.7942368],[19.5011878,49.7943445],[19.5011665,49.7943934],[19.5016632,49.7945493],[19.5019413,49.7946234],[19.5021302,49.794646],[19.5025023,49.7946798],[19.5027633,49.7947119],[19.5029278,49.7947279],[19.5031013,49.7950388],[19.5031115,49.7950827],[19.5029788,49.7951682],[19.5030385,49.7953636],[19.5030895,49.7955789],[19.5031138,49.7957411],[19.5031058,49.7958393],[19.5032381,49.796046],[19.5032403,49.7960755],[19.5036387,49.7960454],[19.5037659,49.7960428],[19.5042064,49.7961272],[19.5045894,49.7962868],[19.5052147,49.7964302],[19.5054861,49.7964319],[19.5057493,49.7964928],[19.5058133,49.7965635],[19.5057303,49.7966121],[19.5058861,49.7966916],[19.505871,49.7967],[19.5057789,49.7968028],[19.5056872,49.7969401],[19.505739,49.7969654],[19.5054019,49.7973155],[19.5047265,49.7976467],[19.5046927,49.7978338],[19.5058808,49.7977124],[19.5058863,49.7978731],[19.5059752,49.797867],[19.5062691,49.7977963],[19.5061793,49.797926],[19.507095,49.798088],[19.5072998,49.7977537],[19.5073476,49.7976903],[19.5076062,49.7977642],[19.5078569,49.7977891],[19.5080143,49.7978497],[19.5081306,49.7978896],[19.5077212,49.7983338],[19.5074424,49.7986221],[19.5075416,49.7986658],[19.507366,49.7988166],[19.5073163,49.7991242],[19.5073815,49.7990719],[19.5078473,49.7992418],[19.5078786,49.7992661],[19.5081303,49.7994266],[19.5085121,49.7996627],[19.5088165,49.7994746],[19.5085581,49.7998012],[19.508498,49.7998663],[19.508403,49.7999576],[19.508935,49.8005272],[19.5087344,49.8005952],[19.5088912,49.8008519],[19.508814,49.8009131],[19.5089709,49.8009528],[19.5096459,49.8012843],[19.5098771,49.8013093],[19.5096665,49.8013541],[19.5093529,49.8014917],[19.5093886,49.8015633],[19.5099254,49.8016095],[19.5100577,49.8016998],[19.5101004,49.8017956],[19.510836,49.8018063],[19.510881,49.8021212],[19.510981,49.8022979],[19.5110299,49.802357],[19.5110968,49.8024504],[19.5116023,49.803027],[19.5116199,49.803065],[19.5116456,49.8031495],[19.5112846,49.8030712],[19.510825,49.8032116],[19.5100949,49.8033149],[19.5101201,49.8035488],[19.5101095,49.8035864],[19.5101804,49.803608],[19.5100896,49.8038699],[19.508993,49.8034161],[19.5089097,49.8033155],[19.5087664,49.8030737],[19.5085035,49.8027251],[19.5085152,49.8026502],[19.5085126,49.8025077],[19.5085207,49.8023938],[19.5085173,49.8022827],[19.5085009,49.8021371],[19.5085252,49.8017951],[19.5076292,49.8018377],[19.5068517,49.8020331],[19.5068805,49.8020644],[19.5058012,49.8021027],[19.5058043,49.802218],[19.5059761,49.8023164],[19.5058566,49.8024473],[19.5057537,49.8023641],[19.5051646,49.8027401],[19.5052078,49.8029404],[19.505115,49.8029521],[19.505015,49.8030551],[19.5050018,49.8031534],[19.5049492,49.8031409],[19.5048989,49.8031158],[19.5048009,49.8030825],[19.5047865,49.8031229],[19.5048343,49.8031812],[19.504422,49.8032107],[19.5046061,49.8034406],[19.5046903,49.803598],[19.5050753,49.8036287],[19.5053002,49.8038461],[19.5052393,49.8039236],[19.504843,49.8037627],[19.5046185,49.8040156],[19.5048071,49.8041172],[19.5048268,49.804199],[19.5052341,49.804191],[19.5059041,49.8042812],[19.5056973,49.8043863],[19.5052818,49.8044825],[19.505049,49.8045721],[19.5049899,49.8046652],[19.5054834,49.8048173],[19.5053541,49.8050004],[19.5048904,49.8054619],[19.5045934,49.8058257],[19.5045462,49.8058746],[19.5040829,49.805987],[19.5035421,49.8060249],[19.5030265,49.8062682],[19.5023404,49.8066811],[19.5022149,49.8069492],[19.5025505,49.8070189],[19.5026501,49.8069976],[19.5026777,49.8069881],[19.5026956,49.8070036],[19.5029396,49.8071552],[19.5027768,49.8071907],[19.5026807,49.8071937],[19.502681,49.8072122],[19.5025875,49.8073598],[19.5025953,49.8073731],[19.5026126,49.8076219],[19.5028377,49.8077223],[19.5028897,49.8077379],[19.5041996,49.8073777],[19.5042511,49.8074036],[19.5041633,49.8074517],[19.5037663,49.8080756],[19.50339,49.8082353],[19.5031678,49.8082194],[19.5031194,49.8083932],[19.5030971,49.80855],[19.5031902,49.8086624],[19.5031899,49.8086961],[19.5033621,49.8088818],[19.5037822,49.8090107],[19.5039419,49.8089227],[19.5049129,49.8091808],[19.5049719,49.8089917],[19.5052429,49.8086845],[19.5053202,49.8084491],[19.5055084,49.8083295],[19.505588,49.808219],[19.5052411,49.8081424],[19.5052846,49.808055],[19.5053909,49.8078828],[19.5052866,49.8078638],[19.5052697,49.8078177],[19.5054528,49.8077507],[19.5057894,49.807755],[19.5058813,49.8075983],[19.5059445,49.8075973],[19.5060934,49.8074196],[19.5060927,49.807311],[19.5063631,49.8069352],[19.5065053,49.8069245],[19.5067482,49.8070476],[19.5070435,49.8072208],[19.5073028,49.807022],[19.5072774,49.8070879],[19.5072807,49.8072571],[19.5072454,49.8073407],[19.5073008,49.8073621],[19.5073131,49.8074982],[19.5079467,49.8078779],[19.507927,49.8079308],[19.5077454,49.808261],[19.5077277,49.8083252],[19.5082985,49.8086686],[19.5085682,49.8084527],[19.5087489,49.8081157],[19.5087379,49.8077727],[19.5088007,49.8072209],[19.5089801,49.8072998],[19.5090237,49.8073337],[19.5090201,49.8074039],[19.5092756,49.8075158],[19.5097264,49.8077968],[19.5098919,49.8076653],[19.5099533,49.8078962],[19.5100059,49.8079122],[19.5105197,49.8082886],[19.5109292,49.8084612],[19.5109625,49.8081343],[19.511274,49.807792],[19.5113672,49.8077058],[19.5114089,49.8076755],[19.5115808,49.8075176],[19.5115037,49.8073691],[19.51192,49.8063902],[19.5119882,49.8063395],[19.5122493,49.8062108],[19.5124177,49.806259],[19.5124037,49.8062713],[19.512502,49.806322],[19.5132091,49.8066202],[19.5133252,49.8065377],[19.513505,49.8065582],[19.5139879,49.8069125],[19.5143834,49.8072606],[19.5145096,49.8073945],[19.5147007,49.8070944],[19.5147443,49.806874],[19.5148156,49.8067086],[19.5146363,49.806183],[19.5147508,49.8061646],[19.5150643,49.8061727],[19.5152043,49.8054342],[19.5152308,49.8052413],[19.5149357,49.8051527],[19.5148168,49.8050087],[19.5148321,49.8049589],[19.5148054,49.8049542],[19.5147823,49.8048306],[19.5148019,49.8046239],[19.5150076,49.8046557],[19.5150949,49.8045792],[19.5154152,49.804559],[19.5157101,49.8043054],[19.5157264,49.8043094],[19.5156792,49.8045842],[19.5157513,49.8045809],[19.5157238,49.8048523],[19.515627,49.8048698],[19.5156002,49.8050202],[19.5185336,49.8050672],[19.5185993,49.8052585],[19.518732,49.8055693],[19.5189184,49.8057067],[19.5188995,49.8057834],[19.5188657,49.8060092],[19.5188252,49.80608],[19.5187882,49.806085],[19.5192329,49.8065058],[19.5193283,49.8066463],[19.5194694,49.8066972],[19.5194391,49.8069092],[19.5194352,49.8070392],[19.5194554,49.8072319],[19.5196368,49.8075788],[19.519679,49.8076486],[19.5195377,49.807917],[19.5191037,49.8083758],[19.5187712,49.8086688],[19.5185544,49.808845],[19.51857,49.8088823],[19.5193582,49.8093152],[19.5198005,49.8095529],[19.5203587,49.8097592],[19.521114,49.8099626],[19.5217083,49.8101123],[19.5222428,49.8103554],[19.5227096,49.8106132],[19.5229059,49.8107366],[19.5233983,49.8110751],[19.523498,49.8111757],[19.5237205,49.8114263],[19.5238262,49.8116056],[19.5238916,49.8117523],[19.5242832,49.8121622],[19.5243413,49.8125003],[19.5243573,49.8126189],[19.5243544,49.8126407],[19.5243914,49.8128275],[19.5244288,49.8129313],[19.5245172,49.8129954],[19.5248529,49.8129503],[19.524749,49.8130768],[19.5247746,49.8131035],[19.5249148,49.8130797],[19.5249455,49.813109],[19.5252168,49.8133213],[19.5253543,49.8133693],[19.5250678,49.8136151],[19.5248506,49.8137886],[19.5249426,49.8140675],[19.5251327,49.8141156],[19.5252183,49.8141575],[19.5253551,49.8145067],[19.525244,49.8146978],[19.5254027,49.8148497],[19.5256606,49.8149466],[19.5255491,49.8149503],[19.5252853,49.8148534],[19.5251282,49.8148014],[19.5250693,49.8148179],[19.5250631,49.8148762],[19.525076,49.8148979],[19.525088,49.8151583],[19.5250634,49.8153004],[19.5250083,49.8154701],[19.5249688,49.8155263],[19.5247934,49.8156437],[19.5246799,49.8157499],[19.5245772,49.8158367],[19.5243254,49.8162529],[19.5243906,49.8162396],[19.5244119,49.8165475],[19.5243372,49.8166066],[19.5238876,49.8167807],[19.5238072,49.816728],[19.523379,49.816835],[19.5233011,49.8167411],[19.5232851,49.8166556],[19.5233038,49.8165147],[19.5233526,49.8164125],[19.5232369,49.8163028],[19.5232021,49.816158],[19.5232107,49.8156184],[19.5232364,49.8154597],[19.5232128,49.815269],[19.5234496,49.8152554],[19.5235015,49.8151316],[19.5235632,49.8149501],[19.5237377,49.814843],[19.5237258,49.8147348],[19.523592,49.8145747],[19.5233453,49.8142427],[19.5235954,49.8141123],[19.523587,49.8140958],[19.5238619,49.8139344],[19.5234765,49.8137158],[19.5233829,49.8137656],[19.5226033,49.8133735],[19.5224758,49.8133133],[19.5224052,49.8133919],[19.522096,49.8135901],[19.5220173,49.8135713],[19.5219137,49.813668],[19.5217018,49.8136731],[19.5213906,49.8137153],[19.5209437,49.8137429],[19.5207255,49.8136031],[19.5207007,49.8136106],[19.5207084,49.8137067],[19.5204909,49.8136461],[19.5203199,49.8135118],[19.5199688,49.8134348],[19.5196532,49.8133738],[19.5193909,49.8132931],[19.5190566,49.8132162],[19.5191046,49.8131455],[19.518999,49.8131497],[19.5187792,49.8129679],[19.5186857,49.8129078],[19.5182816,49.8131528],[19.5182667,49.8131552],[19.5181301,49.813241],[19.5180672,49.8133172],[19.5180407,49.8133281],[19.5176368,49.8132846],[19.5173286,49.8133595],[19.5168217,49.8133845],[19.5166903,49.8134921],[19.5162658,49.8138187],[19.5161887,49.8138554],[19.5161287,49.8139038],[19.5159951,49.8141281],[19.5158307,49.8142183],[19.5158019,49.8142438],[19.5156845,49.8142727],[19.5153881,49.8143544],[19.5153212,49.8143794],[19.5153855,49.814436],[19.5150098,49.8143846],[19.5148608,49.8143352],[19.5148276,49.814316],[19.5147277,49.8142964],[19.514376,49.8142073],[19.5137848,49.8140916],[19.5136048,49.8138891],[19.5132701,49.8137196],[19.5132112,49.813699],[19.5133258,49.8135337],[19.5135441,49.8134796],[19.5136436,49.8134633],[19.5136526,49.8134013],[19.514131,49.8132812],[19.5140866,49.813256],[19.5141703,49.8131446],[19.5144233,49.8127737],[19.5144168,49.8127317],[19.5139993,49.8127024],[19.5138316,49.8127002],[19.5137361,49.8126811],[19.5137141,49.8126705],[19.5135366,49.8126761],[19.5133922,49.8126006],[19.5127726,49.8124888],[19.5126115,49.8124648],[19.5122992,49.8124616],[19.5120318,49.8125165],[19.5117375,49.8126844],[19.5116415,49.8127059],[19.5112815,49.8127999],[19.5110068,49.812865],[19.5108378,49.8129109],[19.5107026,49.8129788],[19.510314,49.8131963],[19.5101618,49.8131074],[19.5094659,49.8127275],[19.5090196,49.8126001],[19.5086118,49.8123954],[19.508309,49.8121565],[19.5079024,49.8120344],[19.507887,49.8121499],[19.5077296,49.8122627],[19.5075341,49.8123263],[19.5072288,49.8123879],[19.5068868,49.8124037],[19.5062635,49.8124205],[19.505565,49.8124907],[19.5055398,49.8125421],[19.5056705,49.8128631],[19.5056949,49.8132453],[19.5058727,49.8137245],[19.5058434,49.8138334],[19.5055827,49.8141271],[19.5055056,49.81443],[19.5055501,49.8148607],[19.5055796,49.8149591],[19.5055661,49.8149718],[19.5056524,49.8151067],[19.5059171,49.8153486],[19.5058882,49.8155868],[19.505793,49.8157544],[19.5060483,49.8159882],[19.5065524,49.8163639],[19.5061906,49.8165468],[19.5062002,49.8166275],[19.5057901,49.8169804],[19.50572,49.8170793],[19.5056713,49.8173742],[19.5053228,49.8174048],[19.5051886,49.8173731],[19.5049982,49.8177374],[19.5049576,49.8178866],[19.5052464,49.8180415],[19.5053488,49.8182373],[19.505203,49.8184042],[19.5050389,49.8185038],[19.5038939,49.8184471],[19.5034323,49.818382],[19.5032079,49.8183946],[19.5031761,49.8186247],[19.5031051,49.8185919],[19.5028757,49.8184186],[19.5028565,49.8184432],[19.5023929,49.8184475],[19.5020077,49.8183131],[19.5018518,49.8181099],[19.5014949,49.817959],[19.5011315,49.8178624],[19.5009852,49.8176104],[19.5005595,49.8174379],[19.5002945,49.8173654],[19.5000577,49.817639],[19.5000126,49.8176713],[19.4996939,49.8176635],[19.4991253,49.8181415],[19.4993342,49.818208],[19.4991721,49.8183718],[19.4990173,49.8183305],[19.498857,49.818739],[19.4984017,49.8185456],[19.498395,49.8185183],[19.4982874,49.8184974],[19.4982179,49.8184981],[19.498128,49.8185147],[19.4982405,49.818728],[19.4981261,49.8187348],[19.4981718,49.8188023],[19.4980521,49.8188083],[19.497894,49.8186928],[19.4976947,49.8185092],[19.4975249,49.8185228],[19.4973961,49.8185909],[19.4973576,49.8187136],[19.4963291,49.8188166],[19.496091,49.8189653],[19.4960611,49.8189261],[19.4958204,49.8190884],[19.4957298,49.819039],[19.4957643,49.8189963],[19.4956072,49.8189719],[19.4955096,49.8189627],[19.4953634,49.8189062],[19.4947117,49.8188733],[19.4944016,49.8189081],[19.4943734,49.8189926],[19.4941346,49.8191745],[19.4933649,49.8193127],[19.49328,49.8195396],[19.4932285,49.8196999],[19.4931023,49.8197097],[19.4929909,49.8202584],[19.4929372,49.8202956],[19.4927976,49.8203097],[19.4926366,49.8203167],[19.4925776,49.8204259],[19.4923903,49.8204375],[19.4923389,49.8205449],[19.4921873,49.8207849],[19.4921908,49.820813],[19.492228,49.820816],[19.4922264,49.8208682],[19.4921145,49.8209779],[19.4920327,49.8209844],[19.4920445,49.8211235],[19.492023,49.821324],[19.4920637,49.8215233],[19.4921548,49.8216792],[19.4921319,49.8217054],[19.4920925,49.8218274],[19.4919963,49.8219751],[19.4921759,49.8223269],[19.4915231,49.8222339],[19.4912167,49.8221703],[19.4910666,49.8221468],[19.4908416,49.8221381],[19.4902911,49.8220217],[19.4901143,49.822112],[19.490251,49.8222024],[19.4899872,49.8222242],[19.4897654,49.8220765],[19.489262,49.8218886],[19.4890865,49.8218533],[19.4886473,49.8218714],[19.4884521,49.8218846],[19.4884366,49.8218935],[19.4882352,49.8219497],[19.4880476,49.8220153],[19.4883217,49.8223584],[19.4886597,49.8228647],[19.4888039,49.8227941],[19.4889793,49.822964],[19.4896581,49.8234503],[19.4897992,49.8235419],[19.4897578,49.8236148],[19.4896122,49.8236781],[19.4895437,49.8238884],[19.4894982,49.823913],[19.4899695,49.8240128],[19.4902116,49.8241501],[19.4900093,49.8241795],[19.4896786,49.8243747],[19.4897556,49.8244136],[19.4900338,49.8245403],[19.4899883,49.8245585],[19.4895784,49.8246574],[19.4894718,49.8246673],[19.4891124,49.8246867],[19.4891388,49.8247494],[19.4891623,49.8248492],[19.4884323,49.8250717],[19.48843,49.8252178],[19.4884437,49.8252821],[19.4886548,49.825282],[19.4886883,49.825322],[19.4887098,49.8254093],[19.4888244,49.8254291],[19.4890006,49.8255191],[19.4890216,49.825545],[19.489062,49.8256457],[19.4890758,49.8258189],[19.4894161,49.82582],[19.4895491,49.8258665],[19.489552,49.8259799],[19.4894972,49.8260513],[19.4893622,49.8260735],[19.4893348,49.8262122],[19.4892681,49.8262673],[19.4891305,49.8264399],[19.4892658,49.8267517],[19.4893572,49.8270249],[19.4893239,49.8270649],[19.4892557,49.827188],[19.4891648,49.827249],[19.4889173,49.8272561],[19.4888751,49.8272904],[19.4888854,49.8275843],[19.4887994,49.8276986],[19.4884578,49.828072],[19.4884634,49.8283045],[19.4884537,49.8284402],[19.4884183,49.828509],[19.4882573,49.8287144],[19.4880968,49.8287863],[19.4879454,49.8288028],[19.4872681,49.8288027],[19.4872525,49.828838],[19.4871828,49.8290764],[19.4872116,49.8294038],[19.4870929,49.8294141],[19.4871235,49.8295638],[19.487207,49.8296641],[19.4867376,49.8296802],[19.486608,49.8298879],[19.4866352,49.8299183],[19.4866084,49.8300301],[19.486598,49.8300506],[19.4870982,49.8302199],[19.4874805,49.8303345],[19.4877769,49.8306583],[19.4878314,49.8307522],[19.487927,49.8309367],[19.4880102,49.8310065],[19.488042,49.8310069],[19.487962,49.8311417],[19.488038,49.8311348],[19.4886157,49.831166],[19.4887312,49.8311454],[19.489003,49.8313188],[19.4896787,49.8312257],[19.4900167,49.8311906],[19.490221,49.8311783],[19.4898912,49.8315002],[19.489972,49.8315684],[19.4897412,49.8316878],[19.4898127,49.8317875],[19.4899899,49.8318645],[19.4902176,49.8319546],[19.4904912,49.8321823],[19.4907145,49.8323454],[19.4911456,49.8327209],[19.4911921,49.8327126],[19.4915667,49.8328037],[19.4919406,49.8328141],[19.492306,49.832832],[19.4924612,49.8327654],[19.4925491,49.8325331],[19.4928824,49.8325292],[19.4931811,49.8324285],[19.493271,49.8323265],[19.4933499,49.8322741],[19.49335,49.8322028],[19.4930924,49.8321566],[19.4940328,49.8321248],[19.4942407,49.8321309],[19.4955159,49.832055],[19.4958097,49.8320449],[19.495789,49.8321137],[19.4958367,49.832226],[19.4962156,49.8322366],[19.4964453,49.8322806],[19.4966849,49.8322962],[19.4971661,49.8322848],[19.4972978,49.8322656],[19.4981158,49.8323769],[19.4981056,49.832521],[19.4981269,49.8326642],[19.4981247,49.8328359],[19.4978588,49.8328591],[19.4968486,49.8334639],[19.496838,49.833665],[19.4964208,49.8337657],[19.496798,49.8341641],[19.4967314,49.8341948],[19.4970529,49.8347175],[19.4966558,49.8349147],[19.4964843,49.8349855],[19.4961993,49.8350809],[19.496659,49.8352244],[19.4968237,49.8353112],[19.4967958,49.8353243],[19.4965167,49.8355236],[19.4964104,49.8355722],[19.4963647,49.8356106],[19.4966241,49.8357167],[19.4965509,49.8358411],[19.4965065,49.8359005],[19.4965592,49.835918],[19.4965128,49.8360312],[19.4964505,49.8361257],[19.4969639,49.8363902],[19.4970291,49.8364809],[19.4964429,49.8364509],[19.4961084,49.8365571],[19.4958333,49.83665],[19.4956394,49.8367877],[19.4956649,49.8368823],[19.495877,49.8368773],[19.4960238,49.8368607],[19.4960334,49.8369488],[19.4964621,49.8370155],[19.4965715,49.8372425],[19.4965742,49.8376016],[19.4965454,49.8376492],[19.4966535,49.837864],[19.4964701,49.8380017],[19.4963693,49.8379896],[19.496079,49.8379771],[19.4960762,49.8379983],[19.4961134,49.8380608],[19.4961427,49.8381334],[19.495945,49.8382033],[19.4956702,49.8385079],[19.495663,49.8387162],[19.4960266,49.8387149],[19.4961793,49.8387086],[19.4964129,49.8386773],[19.496657,49.8386386],[19.4966821,49.8387163],[19.4967847,49.8387133],[19.4970455,49.8388128],[19.4970503,49.8389205],[19.4970882,49.8390138],[19.4970845,49.8391586],[19.497096,49.8392399],[19.4971519,49.8393923],[19.497161,49.8395335],[19.4971875,49.8397056],[19.4971937,49.8398987],[19.497109,49.8398967],[19.497102,49.8399681],[19.497103,49.8400589],[19.497039,49.8401203],[19.4968546,49.8401379],[19.4964343,49.8402318],[19.4963151,49.8402981],[19.4960982,49.840458],[19.4959821,49.8405229],[19.4956087,49.8405334],[19.4953839,49.8405768],[19.4952621,49.8405785],[19.49469,49.8404429],[19.494024,49.8403739],[19.4935231,49.8403318],[19.4922078,49.8401323],[19.491364,49.8399744],[19.4911897,49.8399277],[19.4907965,49.8398678],[19.4905587,49.8398426],[19.4903783,49.8398315],[19.48957,49.839705],[19.4890275,49.8396438],[19.4888093,49.8396229],[19.4884557,49.8396221],[19.4880681,49.8395009],[19.4878863,49.8394667],[19.48707,49.8392584],[19.4868739,49.8391927],[19.4865702,49.8391066],[19.4862038,49.8389967],[19.4860389,49.8389592],[19.4851656,49.8386685],[19.4847564,49.8385231],[19.4843896,49.8384158],[19.483509,49.8383118],[19.4830437,49.8382183],[19.4822643,49.8377873],[19.4818562,49.8376596],[19.4817033,49.837625],[19.4814798,49.837552],[19.4809394,49.8373921],[19.4808305,49.8373614],[19.4804724,49.8372715],[19.4804222,49.8372546],[19.4800917,49.8370945],[19.479978,49.8370469],[19.4797127,49.8368903],[19.4794157,49.8368211],[19.4790414,49.8367128],[19.478811,49.836719],[19.4784907,49.8366872],[19.4780994,49.8365467],[19.477916,49.8364932],[19.4776326,49.8363803],[19.4772134,49.8362634],[19.4752993,49.8360122],[19.4742166,49.8357924],[19.4725401,49.8354663],[19.4718394,49.8351552],[19.4718433,49.8351033],[19.4717585,49.8350108],[19.4717115,49.8349714],[19.4713406,49.8347791],[19.4707326,49.83453],[19.4707015,49.8345079],[19.4703585,49.8343635],[19.4701312,49.8343043],[19.4694343,49.8340153],[19.4692902,49.8339373],[19.469028,49.8336529],[19.46884,49.8334366],[19.4687209,49.8333824],[19.4683839,49.8333219],[19.4682643,49.8333455],[19.4680606,49.8333748],[19.4680301,49.8333579],[19.467783,49.833466],[19.4676085,49.8336021],[19.4669445,49.8335334],[19.4658299,49.8333743],[19.4659416,49.8333323],[19.4660335,49.8329346],[19.4659597,49.832914],[19.4659485,49.8328766],[19.4662673,49.8326251],[19.4664152,49.832544],[19.4665339,49.832421],[19.4664877,49.8323877],[19.4667369,49.8321986],[19.4668646,49.8320081],[19.4667265,49.8319974],[19.4668498,49.831728],[19.4667977,49.8316835],[19.4667304,49.8316399],[19.4665929,49.8315655],[19.4665145,49.8315824],[19.4664285,49.8315078],[19.4659921,49.8313689],[19.4660605,49.8312495],[19.4654875,49.830989],[19.4655485,49.8309234],[19.4656198,49.8308192],[19.4656936,49.8306794],[19.4657227,49.8304523],[19.4650411,49.8303374],[19.4650795,49.8302475],[19.4643824,49.8301556],[19.4641267,49.8301132],[19.4637709,49.8300239],[19.4636773,49.8300167],[19.4636587,49.830053],[19.4629526,49.8299112],[19.462919,49.8299456],[19.4628008,49.8302322],[19.4627757,49.8304314],[19.4627378,49.8306322],[19.4626584,49.8305663],[19.4623907,49.8304347],[19.4624748,49.8303249],[19.462401,49.8302753],[19.4622794,49.8301823],[19.4624623,49.8299837],[19.4623163,49.8297878],[19.4621494,49.8297254],[19.4618538,49.8295852],[19.4616502,49.8297652],[19.4615362,49.8298208],[19.4611849,49.8296266],[19.4607346,49.8290446],[19.4607929,49.8289637],[19.4610265,49.8287873],[19.4603738,49.8284243],[19.4605329,49.8282514],[19.4602353,49.8280153],[19.4601648,49.8280853],[19.4597036,49.8278071],[19.4596268,49.8278759],[19.4591728,49.8276047],[19.4590312,49.8277152],[19.4588251,49.8275625],[19.458643,49.8273665],[19.4583989,49.8271237],[19.4583995,49.8271837],[19.458327,49.8271831],[19.4582185,49.8270109],[19.4580737,49.8269525],[19.4579673,49.8272044],[19.4579066,49.8271768],[19.4578379,49.8274545],[19.4574108,49.827352],[19.4574636,49.8272191],[19.4573054,49.8271986],[19.4565094,49.8271613],[19.4565549,49.8270448],[19.4567313,49.8268122],[19.4567926,49.826675],[19.4567595,49.826594],[19.4566667,49.8264861],[19.4566687,49.8263373],[19.4566807,49.8261857],[19.4567048,49.8260284],[19.4566449,49.8259852],[19.4569076,49.825827],[19.4570964,49.8256656],[19.4573456,49.8255283],[19.4575632,49.8253687],[19.4577526,49.8251774],[19.4579175,49.8247519],[19.4578694,49.8247357],[19.4577844,49.8246978],[19.4574619,49.8244913],[19.4573765,49.8244512],[19.4570701,49.8242828],[19.457088,49.8242769],[19.4566923,49.8240678],[19.4558603,49.8236486],[19.4556187,49.8235446],[19.4553994,49.8233602],[19.4553627,49.8233481],[19.4554319,49.8232819],[19.4554721,49.8232334],[19.455525,49.8231432],[19.4557027,49.8229722],[19.4556393,49.8229152],[19.4553256,49.8226614],[19.4551018,49.8224873],[19.4548704,49.8223441],[19.45467,49.8223955],[19.4545485,49.8222],[19.4543708,49.8220785],[19.4543531,49.8220208],[19.4540417,49.8218132],[19.4539432,49.8219249],[19.4533788,49.82169],[19.4531909,49.8217243],[19.4529974,49.8217906],[19.4528362,49.8218366],[19.4526897,49.8218736],[19.4527999,49.8219783],[19.4522377,49.8221598],[19.4522517,49.8221803],[19.4520006,49.8222529],[19.451978,49.8222302],[19.4517355,49.8222992],[19.4515103,49.8223551],[19.4514355,49.8223839],[19.4514352,49.8223693],[19.4510822,49.8220568],[19.450996,49.8219312],[19.4509732,49.8218749],[19.4509768,49.8217279],[19.4510177,49.8215787],[19.4510541,49.8213953],[19.4510758,49.8212176],[19.4510067,49.8212482],[19.4502705,49.8211211],[19.4502628,49.8211505],[19.4500346,49.8211157],[19.450019,49.8210773],[19.4499126,49.8210491],[19.4499454,49.8209274],[19.4496594,49.8210471],[19.4487388,49.8212115],[19.4485845,49.8211569],[19.4487277,49.8210058],[19.4487512,49.820769],[19.4487983,49.820634],[19.4487828,49.8203448],[19.4488289,49.8202076],[19.4488088,49.8201315],[19.4488161,49.8200068],[19.4487403,49.8198752],[19.4486056,49.8198544],[19.4484506,49.819799],[19.4483524,49.8197406],[19.448233,49.8195237],[19.4480717,49.8193523],[19.4478815,49.8190812],[19.4478683,49.8190809],[19.4478431,49.8191877],[19.4475934,49.8192429],[19.4471751,49.8193802],[19.4469561,49.8194388],[19.4469983,49.8195714],[19.4467604,49.8195329],[19.4463775,49.8195623],[19.446402,49.8194154],[19.4463934,49.8193865],[19.4460708,49.8195097],[19.4457975,49.8195715],[19.445174,49.8196038],[19.4452122,49.8194574],[19.4453879,49.8191824],[19.4452322,49.8191378],[19.4449241,49.8190011],[19.4447392,49.8190836],[19.4445529,49.8190538],[19.4444794,49.8189669],[19.4443336,49.8190117],[19.4442098,49.8190449],[19.4443138,49.8191288],[19.444159,49.8191947],[19.4440347,49.8190919],[19.4439708,49.8189386],[19.4438492,49.8189429],[19.4437911,49.8189294],[19.4438076,49.8190106],[19.4437601,49.8191295],[19.4438069,49.8193426],[19.4439137,49.8196583],[19.4435936,49.8196416],[19.4435708,49.8194985],[19.4424666,49.8193949],[19.4423253,49.8194162],[19.4421146,49.8193733],[19.4421632,49.8191435],[19.4416624,49.8191072],[19.4415698,49.8193846],[19.4413038,49.8193573],[19.4412727,49.8193022],[19.4408822,49.8193664],[19.4406242,49.8194556],[19.440738,49.819148],[19.4406728,49.8191374],[19.4403444,49.8190194],[19.4400424,49.8189762],[19.4400554,49.8189236],[19.4401519,49.8186359],[19.4397495,49.8185691],[19.4397038,49.8186273],[19.4396064,49.8186051],[19.4393759,49.8190027],[19.4390684,49.8188914],[19.4391738,49.8187005],[19.4393384,49.8185129],[19.4390429,49.8184004],[19.4389927,49.8184555],[19.4390363,49.8184802],[19.4389639,49.8185452],[19.4388606,49.818546],[19.4387601,49.8183631],[19.4387729,49.8183456],[19.4388023,49.818216],[19.4385722,49.8180878],[19.4383133,49.8179855],[19.4382042,49.8178956],[19.4381466,49.8178969],[19.437549,49.8175498],[19.437396,49.8176051],[19.4372798,49.8176054],[19.4371981,49.817622],[19.4370316,49.817585],[19.4369482,49.817614],[19.4367711,49.8175355],[19.4365763,49.8174079],[19.4361776,49.8170528],[19.4360716,49.816912],[19.4360615,49.8167408],[19.4361199,49.8166517],[19.4359891,49.8161638],[19.435729,49.8162687],[19.4352614,49.81635],[19.4348568,49.8164087],[19.4348488,49.8166186],[19.4349188,49.8167792],[19.4349509,49.8168228],[19.4349433,49.8170274],[19.4350373,49.8171878],[19.4350185,49.8172385],[19.4349824,49.8172319],[19.4347848,49.8172883],[19.4345403,49.8173444],[19.4344523,49.8173921],[19.4344962,49.8176652],[19.434603,49.8177827],[19.4346783,49.8177746],[19.4346188,49.8178612],[19.434639,49.8179758],[19.4349961,49.818083],[19.4350228,49.8183751],[19.4350296,49.8185264],[19.435011,49.8186209],[19.4349174,49.8187726],[19.4348556,49.8190028],[19.4347096,49.8188507],[19.4345156,49.8187549],[19.4340987,49.8187077],[19.4338313,49.8187463],[19.433648,49.8188726],[19.4335242,49.8188883],[19.4334019,49.8188227],[19.4332237,49.8189537],[19.4334325,49.8191326],[19.4332675,49.8191587],[19.433476,49.8193353],[19.4334052,49.8193742],[19.4332111,49.8193294],[19.4331546,49.8193665],[19.4332,49.8194038],[19.4330723,49.8194628],[19.4331473,49.8195304],[19.4330713,49.819577],[19.4327087,49.8192534],[19.4326108,49.8193032],[19.4324696,49.8192035],[19.4323565,49.8192239],[19.4320909,49.8194101],[19.4321447,49.8195037],[19.4317675,49.8196759],[19.4320715,49.8201832],[19.4317308,49.8201955],[19.4317667,49.8203724],[19.4320415,49.8204146],[19.4320424,49.8204938],[19.4322909,49.8205346],[19.4321311,49.8205563],[19.4325619,49.8209582],[19.4333033,49.8208492],[19.4339634,49.8214709],[19.4334709,49.8216683],[19.4336166,49.8217478],[19.4343758,49.8222815],[19.4342208,49.8225471],[19.4349578,49.8228753],[19.4351892,49.8230132],[19.4362921,49.8235943],[19.4361863,49.8236967],[19.4364578,49.8238581],[19.4365211,49.8238216],[19.4367329,49.8239244],[19.4370403,49.8236751],[19.4374143,49.8239453],[19.4371688,49.8242257],[19.4374529,49.824234],[19.4386433,49.8241356],[19.4387194,49.8241781],[19.438767,49.8242896],[19.4391075,49.8242364],[19.4393534,49.8241844],[19.4392882,49.8241585],[19.4397544,49.8239888],[19.4400241,49.8239826],[19.4401599,49.8240393],[19.4402329,49.8239493],[19.4403383,49.8240979],[19.4411112,49.8241931],[19.441169,49.824208],[19.441523,49.8243218],[19.4417668,49.8244424],[19.4420785,49.8245389],[19.4426834,49.8246641],[19.4431611,49.8246767],[19.443353,49.8247138],[19.4435413,49.8247317],[19.4438285,49.8248035],[19.4440032,49.8248382],[19.4441432,49.8248596],[19.444362,49.8249302],[19.4444647,49.8249685],[19.4446027,49.8250044],[19.4447172,49.824979],[19.4448852,49.8247315],[19.4453506,49.824727],[19.4458686,49.824672],[19.4460295,49.82499],[19.446066,49.8249818],[19.4461101,49.8250629],[19.4452944,49.8252758],[19.4456156,49.8257827],[19.4457964,49.8261039],[19.4458549,49.8263293],[19.445702,49.8263613],[19.4456141,49.8264667],[19.4456668,49.8265999],[19.446037,49.8268785],[19.4463593,49.8268967],[19.4462668,49.8267883],[19.4463992,49.8267485],[19.4467145,49.8271379],[19.4468913,49.827137],[19.4468246,49.8273587],[19.4468532,49.8274875],[19.4469777,49.8276803],[19.4470072,49.827923],[19.4469888,49.8280015],[19.4470515,49.8280564],[19.4469972,49.828156],[19.4471139,49.8282895],[19.4473321,49.8284379],[19.4471705,49.8285613],[19.4472808,49.8286203],[19.4473786,49.8285782],[19.4474182,49.828602],[19.4477222,49.8286927],[19.4478389,49.8285223],[19.4482368,49.8280068],[19.4484368,49.8282705],[19.4483405,49.8283276],[19.4482919,49.828488],[19.4483215,49.8286899],[19.4482432,49.8288745],[19.4481166,49.8290853],[19.4479344,49.8292604],[19.4481577,49.829417],[19.4481896,49.8296593],[19.4481388,49.8296906],[19.4480892,49.8297702],[19.4481327,49.8298346],[19.4481492,49.8299779],[19.448183,49.8300217],[19.4479804,49.830163],[19.4478069,49.8300907],[19.4475915,49.830031],[19.447497,49.8298755],[19.4474216,49.8298121],[19.4472013,49.8298795],[19.4469415,49.829876],[19.4466219,49.829823],[19.4464812,49.8298532],[19.4462846,49.8298089],[19.4461831,49.829801],[19.446009,49.829833],[19.4458491,49.8297818],[19.4457422,49.8297662],[19.4456598,49.8298289],[19.4455462,49.8298328],[19.4454297,49.8298247],[19.4453234,49.8298372],[19.4452399,49.8298628],[19.4451316,49.8298283],[19.445021,49.8298075],[19.4445167,49.8298393],[19.4442946,49.8298836],[19.443705,49.8299748],[19.4435911,49.8301387],[19.4432963,49.8300394],[19.4427865,49.8298251],[19.4427441,49.829825],[19.4426265,49.8298473],[19.4424988,49.8299537],[19.4423442,49.8299396],[19.4421246,49.8298869],[19.442031,49.8299157],[19.4417809,49.8298695],[19.4416786,49.8299212],[19.4414778,49.8299014],[19.4413979,49.8299209],[19.4413573,49.8299754],[19.4410144,49.8300335],[19.440761,49.8300598],[19.4405072,49.8301022],[19.4404717,49.8301016],[19.4403426,49.8301102],[19.4402202,49.8300578],[19.4401036,49.8300335],[19.440094,49.8300479],[19.4400315,49.8300829],[19.4399234,49.8301558],[19.4398767,49.8302047],[19.4399012,49.8303375],[19.4398879,49.8304633],[19.4398951,49.8305319],[19.4399185,49.8305887],[19.4400373,49.8306426],[19.4401706,49.830653],[19.4397818,49.8307092],[19.4398269,49.8308473],[19.4399561,49.8310793],[19.4399572,49.8311806],[19.4399075,49.8312204],[19.4398725,49.8313142],[19.4405173,49.8313188],[19.4409995,49.8313783],[19.4410793,49.8314013],[19.4412434,49.8313883],[19.4415009,49.8313796],[19.441757,49.8313355],[19.4417524,49.8314099],[19.4418181,49.8314925],[19.4419915,49.8315459],[19.4421249,49.8315736],[19.4422023,49.8314641],[19.4422571,49.831501],[19.4424324,49.831553],[19.4424627,49.8315152],[19.4426425,49.8315541],[19.4427107,49.8314577],[19.4428827,49.8315114],[19.4429319,49.8314777],[19.4429008,49.8314442],[19.4429784,49.8313816],[19.4432586,49.8314652],[19.443266,49.8313394],[19.4433595,49.8312191],[19.4436018,49.8311318],[19.4436691,49.831097],[19.4437992,49.8309659],[19.4438727,49.8309993],[19.4439853,49.8309845],[19.4444068,49.8309501],[19.4446923,49.8309036],[19.4447367,49.8308888],[19.4450573,49.8308154],[19.4453057,49.8309193],[19.4458891,49.8311025],[19.4462145,49.8308552],[19.446305,49.8307986],[19.4465132,49.8308617],[19.4466662,49.8309024],[19.446443,49.8311371],[19.4463648,49.8312931],[19.4463991,49.8313231],[19.4465132,49.8313671],[19.4468552,49.8315826],[19.4468634,49.8317105],[19.4475786,49.8319098],[19.4475006,49.8320003],[19.4484129,49.8322341],[19.4483919,49.8323049],[19.4496974,49.8325437],[19.4496555,49.8325864],[19.4499087,49.8326775],[19.4500869,49.8327638],[19.4501829,49.8326826],[19.450889,49.8329755],[19.4510775,49.8330625],[19.4510236,49.8331219],[19.4510635,49.8332505],[19.4511821,49.8333374],[19.4512405,49.8334125],[19.4512496,49.833531],[19.4512133,49.8335493],[19.4511112,49.833663],[19.4512008,49.8336963],[19.4513331,49.8337245],[19.4516219,49.8337473],[19.4519167,49.8337492],[19.4526963,49.8337457],[19.453227,49.8338198],[19.4535119,49.833868],[19.4537671,49.8339329],[19.4539009,49.8338647],[19.4545303,49.833466],[19.4549174,49.8331789],[19.4551136,49.8332339],[19.4551602,49.833343],[19.4552889,49.8334016],[19.4554319,49.833519],[19.4555839,49.8335963],[19.4556698,49.8336285],[19.4557177,49.833674],[19.4557592,49.8340297],[19.4558456,49.8350442],[19.4559919,49.8348501],[19.4564103,49.8350799],[19.4568359,49.8345957],[19.4567862,49.8345803],[19.4569925,49.8343467],[19.4570814,49.8343542],[19.4571816,49.834394],[19.4573267,49.8341154],[19.4574893,49.8341661],[19.4576021,49.8341292],[19.4577888,49.8338009],[19.4580945,49.8333535],[19.4581533,49.8334564],[19.4580876,49.8335885],[19.4581736,49.8336111],[19.4582697,49.8336301],[19.4581931,49.8337458],[19.4593386,49.8340435],[19.4593216,49.8341121],[19.4592756,49.8341764],[19.4594542,49.8342916],[19.4598201,49.8344927],[19.4602103,49.8347171],[19.4602765,49.834527],[19.4603865,49.8345794],[19.4603402,49.8347072],[19.4604238,49.8347301],[19.4606768,49.8345492],[19.4609751,49.834396],[19.4610895,49.8343518],[19.4616755,49.8341513],[19.4617355,49.8339895],[19.462092,49.8339044],[19.4622247,49.8338842],[19.4624829,49.8334582],[19.4627497,49.8335142],[19.4631134,49.8334426],[19.4631294,49.8333811],[19.463483,49.833354],[19.4640603,49.8334413],[19.4648202,49.833537],[19.4651966,49.8336526],[19.4656507,49.833914],[19.4665122,49.8339199],[19.4677111,49.8337926],[19.4677425,49.8337974],[19.46754,49.8339943],[19.4674246,49.8342219],[19.4674429,49.8342863],[19.4673134,49.8344548],[19.467194,49.8346267],[19.4670272,49.8348421],[19.467109,49.8348609],[19.4676921,49.8351186],[19.4680438,49.83531],[19.4682307,49.8353967],[19.4686292,49.835481],[19.4688094,49.8353212],[19.4688766,49.8352692],[19.4690734,49.8355164],[19.46892,49.835671],[19.46894,49.8357068],[19.4688076,49.8358359],[19.4686137,49.8360732],[19.4686981,49.8361485],[19.4686824,49.8361952],[19.4686256,49.8362286],[19.4685546,49.8362509],[19.468412,49.8363486],[19.4686974,49.8364902],[19.4688724,49.8365578],[19.4693263,49.8367051],[19.4695676,49.8365385],[19.4695466,49.8364371],[19.4696003,49.836422],[19.4695866,49.8363852],[19.4696987,49.8363773],[19.4699158,49.8363205],[19.4702327,49.8361069],[19.4703556,49.8360751],[19.4703285,49.8360355],[19.470327,49.8360084],[19.4701769,49.8359382],[19.4704958,49.8358678],[19.4706831,49.8358977],[19.4709262,49.8360162],[19.4712902,49.8361583],[19.4715975,49.8362326],[19.4719336,49.8363648],[19.4720714,49.8364085],[19.472065,49.8365498],[19.4722494,49.8366226],[19.4721938,49.8367875],[19.4723596,49.8368094],[19.4725461,49.8367919],[19.4728473,49.8368223],[19.4729934,49.8368329],[19.4734111,49.836746],[19.4735501,49.8367837],[19.4738123,49.8368463],[19.4738979,49.8368821],[19.4738985,49.8369737],[19.474111,49.8370277],[19.4741691,49.8370736],[19.4743882,49.8371717],[19.4745345,49.8372086],[19.4746603,49.8373773],[19.4748728,49.8374992],[19.4750245,49.8375388],[19.4751696,49.8375389],[19.4753039,49.8375216],[19.4753995,49.8375941],[19.4754113,49.8376649],[19.4754975,49.8377333],[19.4754188,49.8378912],[19.4753487,49.8379827],[19.475753,49.8381232],[19.4759374,49.838158],[19.4760602,49.838248],[19.4762101,49.8381916],[19.4762421,49.8381577],[19.476587,49.8379955],[19.4765932,49.8379586],[19.4769687,49.8379849],[19.4770345,49.8380412],[19.4772557,49.8380155],[19.4773166,49.8380178],[19.4771103,49.838194],[19.4772076,49.8385404],[19.4771726,49.8386629],[19.4769489,49.8385843],[19.4769369,49.838786],[19.4766334,49.8387818],[19.4768954,49.8395031],[19.477069,49.8400107],[19.4770402,49.8400333],[19.4772021,49.8400346],[19.4774789,49.8400599],[19.4777476,49.8401182],[19.4777889,49.8401336],[19.4779024,49.8401335],[19.4780303,49.8401668],[19.4783813,49.8403449],[19.4784841,49.8403707],[19.4785548,49.8402838],[19.4786994,49.840075],[19.4789419,49.8401769],[19.4792244,49.8402656],[19.4794573,49.8403493],[19.4796687,49.8401044],[19.4798433,49.8399306],[19.4801592,49.8400107],[19.4809238,49.8401838],[19.4809055,49.8403134],[19.4809602,49.840318],[19.4811721,49.840245],[19.4814353,49.8402004],[19.4816354,49.8401946],[19.4817897,49.8402633],[19.4817862,49.8403559],[19.4817765,49.8404146],[19.4817355,49.8404878],[19.481652,49.8405757],[19.4815591,49.8406207],[19.4814414,49.8406894],[19.4814199,49.8407164],[19.4828325,49.8410544],[19.4829229,49.8409979],[19.483181,49.8408186],[19.4834575,49.8406574],[19.4835973,49.8407337],[19.4837131,49.8408498],[19.4838331,49.8409265],[19.4839245,49.8409727],[19.4843177,49.8411329],[19.484635,49.8412404],[19.4847492,49.8412877],[19.484871,49.8413268],[19.4850441,49.8410133],[19.4850167,49.840809],[19.4851135,49.8406124],[19.4854079,49.8406218],[19.4856187,49.8407522],[19.4858575,49.8408193],[19.486153,49.8408352],[19.4862383,49.8407824],[19.4863027,49.8407501],[19.486459,49.8407243],[19.4865438,49.8407439],[19.4865229,49.8409279],[19.4868676,49.8409394],[19.4874641,49.8409788],[19.4874422,49.8410412],[19.4880019,49.841097],[19.4886266,49.8412204],[19.4886228,49.8411366],[19.4884882,49.8409991],[19.488507,49.8409887],[19.4886289,49.8410324],[19.4887943,49.8410455],[19.4895952,49.8410685],[19.4898825,49.8410562],[19.4899853,49.8411011],[19.4900312,49.8410414],[19.4900831,49.8408617],[19.4901943,49.8408556],[19.4902057,49.8408108],[19.4908798,49.8408719],[19.4908735,49.8408958],[19.490997,49.8408991],[19.4909251,49.8410139],[19.491221,49.8409965],[19.4911792,49.8410489],[19.4911338,49.8411498],[19.4916413,49.8412495],[19.4922752,49.8413173],[19.4926962,49.8412702],[19.4932384,49.8412845],[19.4937913,49.8412713],[19.4947755,49.8412786],[19.4948551,49.8412693],[19.4949777,49.8412719],[19.4951436,49.8412894],[19.4956988,49.8413931],[19.4961231,49.8414339],[19.4970565,49.8414282],[19.4974008,49.8413881],[19.4975219,49.8414363],[19.4978171,49.8415229],[19.4980186,49.8415745],[19.4984316,49.8416307],[19.4985472,49.8416382],[19.4990815,49.8417969],[19.4990725,49.8418097],[19.4995933,49.8419383],[19.4999983,49.8419728],[19.5008082,49.8420201],[19.5013164,49.8421134],[19.50171,49.842268],[19.501858,49.8423453],[19.5020742,49.8424358],[19.5023266,49.8424796],[19.5022468,49.8426414],[19.5024163,49.8427696],[19.5021158,49.8429682],[19.5025995,49.8432472],[19.5024146,49.8434273],[19.5021999,49.8436473],[19.502489,49.8438077],[19.5021864,49.8440751],[19.5021495,49.8440623],[19.5018989,49.843899],[19.5015928,49.8438],[19.5009973,49.844286],[19.5006687,49.8442376],[19.5004475,49.8445017],[19.5002356,49.8448094],[19.5001396,49.845082],[19.5004232,49.845162],[19.5003316,49.8453137],[19.5006469,49.8454644],[19.5002442,49.8458905],[19.4998882,49.8457566],[19.49976,49.8457206],[19.4994099,49.8459036],[19.4992199,49.8462367],[19.4992412,49.846242],[19.4991222,49.8464111],[19.4987279,49.8466475],[19.4986837,49.8466849],[19.4984905,49.846827],[19.4982004,49.8471728],[19.4978244,49.8474033],[19.497669,49.8474845],[19.4969865,49.8474576],[19.4963931,49.8472904],[19.4958174,49.8471812],[19.4952627,49.8478224],[19.4949632,49.8476295],[19.4948319,49.8475396],[19.4940794,49.8488296],[19.4939192,49.8490849],[19.4936414,49.8494544],[19.4935031,49.8494473],[19.4930681,49.849517],[19.492426,49.8498281],[19.4923299,49.8500359],[19.4919394,49.8499877],[19.4918866,49.8500321],[19.4918027,49.8500069],[19.4916079,49.8499857],[19.4912684,49.8499191],[19.4911659,49.8500923],[19.4911148,49.850084],[19.4909076,49.8505347],[19.4904463,49.8506163],[19.49032,49.8508277],[19.4901834,49.8509001],[19.4900337,49.8512454],[19.4899119,49.8514483],[19.4898434,49.8514866],[19.4890149,49.8512359],[19.4880751,49.8509325],[19.4882956,49.8505018],[19.4885567,49.849891],[19.4888067,49.8496448],[19.4893394,49.8489197],[19.4886619,49.8487396],[19.4883473,49.84876],[19.4878436,49.8486956],[19.4872582,49.8488367],[19.4869391,49.8488809],[19.4866904,49.8488305],[19.4860049,49.8486567],[19.4850675,49.8482305],[19.4846604,49.8480578],[19.4842886,49.8479471],[19.4827748,49.8476758],[19.4824808,49.8476203],[19.4823563,49.8475724],[19.4818946,49.8472258],[19.4818558,49.8472296],[19.4815796,49.8471933],[19.4812211,49.8471535],[19.4811944,49.8471761],[19.4809332,49.847568],[19.4808647,49.847566],[19.480848,49.8476304],[19.4803726,49.8475416],[19.4799963,49.8475059],[19.4799134,49.8479948],[19.4794407,49.8478141],[19.4794756,49.8477531],[19.4795569,49.847448],[19.4785823,49.8473356],[19.478227,49.8476275],[19.4767176,49.8474294],[19.4768424,49.8471023],[19.4763854,49.8470387],[19.4760525,49.8469963],[19.4759766,49.8472034],[19.4748634,49.8469849],[19.4740612,49.8468973],[19.4734046,49.8468376],[19.4734409,49.8467416],[19.4732847,49.846664],[19.4729083,49.846487],[19.4724043,49.8464317],[19.4721242,49.8464189],[19.4718653,49.8464353],[19.47186,49.8465018],[19.4712626,49.8465258],[19.4712033,49.8464354],[19.4706378,49.8464963],[19.4699808,49.8466475],[19.4699282,49.8466632],[19.4694939,49.8467646],[19.469407,49.8468738],[19.4690911,49.8469315],[19.4688396,49.8471394],[19.4684837,49.8472076],[19.4685133,49.8469846],[19.4685371,49.8469126],[19.4677777,49.8468429],[19.4678423,49.8466248],[19.4679854,49.8464222],[19.4680039,49.8461543],[19.4678108,49.8461077],[19.4677294,49.8461841],[19.4676206,49.8461341],[19.4674369,49.8461304],[19.4670762,49.8460156],[19.467129,49.8459144],[19.4668031,49.8457855],[19.4662965,49.8458445],[19.4661529,49.8458029],[19.4661423,49.8458344],[19.4653212,49.8454481],[19.4639661,49.8450457],[19.4640182,49.8448837],[19.4641672,49.8446062],[19.463972,49.8444284],[19.4636316,49.8441979],[19.4635074,49.8441066],[19.4633022,49.8438159],[19.4631519,49.84389],[19.4626096,49.8438297],[19.4623135,49.8437932],[19.462152,49.8437163],[19.4618808,49.8435948],[19.4618289,49.843603],[19.4617754,49.843784],[19.4616396,49.8440088],[19.4614289,49.844217],[19.4613072,49.8443963],[19.4611121,49.8449567],[19.4607179,49.8449365],[19.4604136,49.8448749],[19.4601627,49.8449956],[19.4599029,49.8449315],[19.4596439,49.8450426],[19.4595408,49.8449641],[19.4593041,49.8450161],[19.4590578,49.8451538],[19.4585837,49.8451551],[19.4573623,49.8452212],[19.4578996,49.845714],[19.4587379,49.8465204],[19.4594891,49.8472097],[19.4592015,49.8472105],[19.4589266,49.8474027],[19.458717,49.847589],[19.4582858,49.8479532],[19.4577212,49.8484092],[19.4574162,49.8486328],[19.4569632,49.8489372],[19.4567271,49.8490498],[19.4569479,49.8492266],[19.4571906,49.8491555],[19.457211,49.8491789],[19.45747,49.8491031],[19.4576152,49.8491501],[19.4577919,49.8491278],[19.4578349,49.8491377],[19.4580445,49.8493235],[19.457455,49.8496344],[19.4571687,49.8494028],[19.4565418,49.8497172],[19.4563459,49.8498251],[19.456412,49.8498627],[19.4563662,49.8500599],[19.456438,49.850181],[19.4565161,49.850291],[19.4565461,49.8506296],[19.4562137,49.8507971],[19.4562735,49.8508442],[19.4561276,49.8509326],[19.456287,49.8510546],[19.4564653,49.8510209],[19.4566606,49.8511859],[19.4563245,49.8513806],[19.4557296,49.8516855],[19.4555671,49.8515087],[19.4553798,49.8515961],[19.4551913,49.851401],[19.4551396,49.8514274],[19.4548189,49.8515698],[19.4540277,49.8519169],[19.4535023,49.8521235],[19.453188,49.8518801],[19.4531284,49.8519042],[19.45286,49.8516223],[19.452743,49.8513586],[19.4531066,49.8510287],[19.4528785,49.850759],[19.4527554,49.8505945],[19.4527853,49.8505588],[19.4525194,49.8503949],[19.4521911,49.8503879],[19.4519546,49.8503887],[19.4524602,49.850196],[19.4522028,49.849967],[19.4516576,49.8497056],[19.4512896,49.8499161],[19.4509853,49.849703],[19.4510959,49.8496429],[19.4508544,49.8493847],[19.4508031,49.8493387],[19.450869,49.8492969],[19.4507213,49.8491636],[19.450536,49.8492462],[19.4504596,49.849187],[19.4501994,49.8489044],[19.4503202,49.8488435],[19.4506453,49.8487024],[19.4507922,49.8484925],[19.4511476,49.8484198],[19.4526637,49.847701],[19.4530452,49.8475345],[19.4529774,49.8471958],[19.452611,49.8473686],[19.4522946,49.847262],[19.4522092,49.8473055],[19.4520119,49.8471683],[19.452472,49.8469178],[19.4524455,49.8469026],[19.4517811,49.8467423],[19.4516515,49.8466479],[19.4515194,49.8465416],[19.4512636,49.8466787],[19.4510907,49.8465648],[19.4511431,49.8465256],[19.4510243,49.8464468],[19.4513413,49.8462466],[19.4515883,49.8462275],[19.4520161,49.8459205],[19.4523141,49.8457192],[19.4522736,49.8457119],[19.4521616,49.8456518],[19.4519522,49.8455518],[19.4520166,49.8455215],[19.4518291,49.845406],[19.4516911,49.8454606],[19.4516144,49.8454067],[19.4515197,49.8454473],[19.4514607,49.8454119],[19.4512639,49.8453074],[19.4511511,49.8452528],[19.4509907,49.8451837],[19.4509726,49.8451647],[19.4507393,49.8450075],[19.4504744,49.8447455],[19.4501978,49.8444218],[19.4504136,49.8443002],[19.4508486,49.8440179],[19.4510334,49.8439141],[19.4516307,49.8436035],[19.4513685,49.8433834],[19.4517608,49.8431743],[19.4516314,49.8430747],[19.4512608,49.8432994],[19.4511323,49.843174],[19.4515527,49.842926],[19.4510771,49.842561],[19.4512622,49.8424885],[19.451381,49.842352],[19.4514048,49.8422936],[19.4512073,49.8420474],[19.4512765,49.8420246],[19.4512238,49.8419711],[19.4514555,49.8419052],[19.4515298,49.8420351],[19.451715,49.8419698],[19.4522868,49.8417978],[19.452221,49.8416155],[19.4521106,49.841458],[19.452028,49.8413234],[19.4520808,49.8411505],[19.4519088,49.8408257],[19.451983,49.8408083],[19.452026,49.8407466],[19.4520362,49.84069],[19.4519951,49.8406092],[19.4513217,49.8407267],[19.450021,49.8411388],[19.4500462,49.8411951],[19.449268,49.841431],[19.4493341,49.8415121],[19.4488878,49.8416606],[19.4486129,49.8414011],[19.4489459,49.8412926],[19.4489279,49.8412573],[19.4482329,49.8414152],[19.4476808,49.8414928],[19.4468834,49.8417398],[19.4464766,49.8420273],[19.4464644,49.8421365],[19.4462965,49.842195],[19.44461,49.8426774],[19.4445867,49.8426396],[19.4437353,49.8427518],[19.4424535,49.8429083],[19.4413246,49.8431106],[19.4410238,49.8431612],[19.4407272,49.8432944],[19.440492,49.8433722],[19.4399769,49.8435751],[19.43912,49.8438847],[19.4389216,49.843979],[19.4388411,49.844023],[19.4385214,49.8440971],[19.438253,49.8441685],[19.4378529,49.8444307],[19.4377738,49.8443756],[19.437491,49.844491],[19.4371696,49.8446057],[19.4369577,49.8443966],[19.4367852,49.8443698],[19.4362041,49.8445155],[19.4358204,49.8444156],[19.435562,49.844465],[19.435276,49.8445908],[19.4350688,49.844644],[19.4349144,49.8448007],[19.4345654,49.8446933],[19.4344967,49.8447013],[19.4347917,49.8449017],[19.4342732,49.8449658],[19.4340557,49.8449306],[19.4337504,49.8449995],[19.4334024,49.8450976],[19.4333607,49.8450787],[19.4331415,49.8452151],[19.432872,49.8450806],[19.4326368,49.8449119],[19.432257,49.8450251],[19.4318241,49.8450785],[19.4314243,49.8448945],[19.4311538,49.8446718],[19.4311218,49.8446839],[19.4308661,49.8443844],[19.4305748,49.8441348],[19.4304716,49.8441269],[19.4303699,49.8441805],[19.4302221,49.8441033],[19.4301089,49.8441292],[19.4297912,49.8442277],[19.4292951,49.8443286],[19.4290015,49.8443962],[19.4285358,49.8443953],[19.4283956,49.8444441],[19.4283426,49.8446383],[19.4281577,49.8445934],[19.4277721,49.8445316],[19.4276773,49.8446015],[19.4271773,49.8445],[19.4271492,49.844536],[19.4270658,49.8445141],[19.4270196,49.8445802],[19.4269033,49.8445645],[19.426862,49.8445862],[19.4268334,49.844704],[19.4269396,49.844907],[19.4268126,49.8449435],[19.4274508,49.845745],[19.4276297,49.8457015],[19.4278977,49.8458155],[19.4277494,49.845932],[19.4278664,49.8460311],[19.4272778,49.8462826],[19.4273947,49.8463995],[19.4273845,49.8464336],[19.4268682,49.8466015],[19.4264253,49.8467632],[19.4262085,49.8468625],[19.4261626,49.8467997],[19.424834,49.8471437],[19.4248542,49.8469932],[19.4241834,49.8471169],[19.4239291,49.8471937],[19.4225938,49.8476258],[19.4220874,49.8477946],[19.4221935,49.8478594],[19.4213307,49.8482544],[19.4211029,49.8478972],[19.4192694,49.8482038],[19.4195054,49.8485786],[19.4192646,49.8486513],[19.4190005,49.848731],[19.4186112,49.8488087],[19.4185562,49.8488197],[19.4174619,49.848921],[19.417089,49.8489328],[19.4157613,49.8493191],[19.4151846,49.8495687],[19.4141217,49.8499261],[19.414211,49.8500738],[19.4131756,49.8504767],[19.4122379,49.8508646],[19.4119488,49.8509989],[19.4115046,49.8511532],[19.4109518,49.8513351],[19.4099974,49.8516692],[19.4091269,49.8519467],[19.4085589,49.8521166],[19.408086,49.8522497],[19.4079504,49.8520836],[19.4075343,49.8521901],[19.40745,49.8520689],[19.4073913,49.8520851],[19.4073706,49.8520605],[19.40728,49.8520861],[19.4072009,49.8519944],[19.4067761,49.852013],[19.4064334,49.8520897],[19.4064532,49.8521267],[19.4052432,49.8523598],[19.4052351,49.8523876],[19.4049576,49.8524307],[19.4050044,49.8526357],[19.4049227,49.8530522],[19.4049014,49.8530565],[19.4044331,49.8529062],[19.4044893,49.8528768],[19.404478,49.8528326],[19.4046345,49.8527689],[19.4046191,49.8526641],[19.4044402,49.8525032],[19.404334,49.8524734],[19.4042396,49.85251],[19.4041631,49.8522573],[19.4041189,49.8521672],[19.4041727,49.8521297],[19.404491,49.8519678],[19.4045985,49.8519073],[19.4045017,49.8517094],[19.4044625,49.8517041],[19.4042818,49.8514272],[19.4044804,49.8513203],[19.4044612,49.8512791],[19.4040512,49.850793],[19.4033743,49.8509744],[19.4023568,49.8512194],[19.4023688,49.8511972],[19.4027558,49.8506932],[19.4027281,49.8506648],[19.4023943,49.8506387],[19.4021215,49.8505901],[19.4018076,49.8504904],[19.4015273,49.8504591],[19.4014001,49.8504836],[19.4007923,49.8505072],[19.4005511,49.8503417],[19.4003719,49.8501908],[19.400298,49.8501602],[19.3998774,49.8498669],[19.4000678,49.8498133],[19.4000209,49.8497791],[19.4000106,49.8497576],[19.4000252,49.8496474],[19.3991792,49.8498867],[19.3983363,49.8501554],[19.3974219,49.8504213],[19.3972989,49.8505615],[19.3972258,49.8505851],[19.397195,49.8506007],[19.3969915,49.850678],[19.3968636,49.8507198],[19.3967753,49.8504748],[19.3966951,49.8501795],[19.3966985,49.85016],[19.3962201,49.8503117],[19.3961948,49.8502488],[19.3956794,49.8503916],[19.3957105,49.8504352],[19.395459,49.8505224],[19.3954131,49.8504872],[19.3945094,49.850771],[19.3944648,49.8506355],[19.3938085,49.8502518],[19.3935583,49.8502917],[19.3932379,49.8504902],[19.3930547,49.8505863],[19.3926304,49.8507673],[19.392395,49.8508139],[19.3922685,49.8509028],[19.3920225,49.8511006],[19.3919012,49.8511878],[19.3917825,49.8509513],[19.3916985,49.8508273],[19.3915303,49.8508374],[19.3908305,49.8507743],[19.3904303,49.8506389],[19.3899907,49.8502972],[19.390014,49.8502637],[19.3896619,49.8500958],[19.3894457,49.8498403],[19.3894015,49.8498184],[19.3886119,49.8504711],[19.3879263,49.8510755],[19.3876417,49.8512293],[19.3872136,49.8513766],[19.3872297,49.8511013],[19.3867887,49.8508635],[19.3864904,49.8508396],[19.3860076,49.8507947],[19.3853982,49.8506526],[19.3851182,49.8506054],[19.3845778,49.8503993],[19.3841407,49.8503224],[19.384088,49.8503586],[19.3840691,49.8504536],[19.383964,49.8505241],[19.3838722,49.8504363],[19.3838813,49.8502343],[19.3837251,49.8501612],[19.3825319,49.8494943],[19.3825083,49.8494687],[19.3824277,49.8494708],[19.3823532,49.849161],[19.3822505,49.8489018],[19.382094,49.8482399],[19.3819329,49.8478431],[19.3819569,49.847423],[19.3818924,49.8471012],[19.381732,49.8468203],[19.3816178,49.8466729],[19.3815515,49.8465327],[19.3816501,49.8464635],[19.3819902,49.8464502],[19.3822474,49.8464145],[19.3825609,49.8463648],[19.3825281,49.8462291],[19.3832373,49.8461168],[19.3834781,49.8460006],[19.3834495,49.845751],[19.3834585,49.8457473],[19.3833362,49.8456078],[19.3832529,49.8454583],[19.3831774,49.8452775],[19.3830908,49.8450981],[19.3828805,49.844954],[19.3826735,49.8448442],[19.3824149,49.8446713],[19.3825063,49.8446204],[19.3822838,49.8443084],[19.3823014,49.8442993],[19.382193,49.844068],[19.3824482,49.8439121],[19.3830881,49.8436458],[19.3831784,49.8436775],[19.3835187,49.8432462],[19.3839275,49.8430996],[19.3839396,49.8430212],[19.3840836,49.8428438],[19.3840995,49.8427801],[19.384492,49.8426841],[19.3846085,49.8427142],[19.3846626,49.8426162],[19.3850215,49.8423435],[19.385138,49.8424279],[19.3851125,49.8424472],[19.3852007,49.8424822],[19.3859254,49.8421397],[19.3862664,49.8422593],[19.3866152,49.8424675],[19.3867208,49.8424576],[19.3871266,49.8427217],[19.3873165,49.8430997],[19.3875864,49.8432664],[19.3875448,49.8428473],[19.387546,49.8427042],[19.3875863,49.8427104],[19.3876092,49.8425144],[19.3877217,49.8425064],[19.387822,49.8425714],[19.3878457,49.8424882],[19.387971,49.8424508],[19.3881996,49.8419729],[19.3882084,49.8419215],[19.3884802,49.8419945],[19.3893215,49.8422517],[19.3893776,49.842305],[19.3894363,49.8422774],[19.3901755,49.8420918],[19.3900737,49.8418973],[19.3900336,49.8417645],[19.3902928,49.841834],[19.3903241,49.8417916],[19.3903339,49.8417174],[19.3902067,49.8416122],[19.3901704,49.8415758],[19.3900539,49.8413695],[19.3902096,49.8410228],[19.3902843,49.8408839],[19.3901861,49.8408233],[19.3904268,49.8408188],[19.3904655,49.8408507],[19.3905446,49.840868],[19.3905626,49.8408177],[19.3906518,49.8408168],[19.3907495,49.840878],[19.3910326,49.8404614],[19.3914017,49.8400621],[19.3923533,49.8394937],[19.3924589,49.8393277],[19.3920405,49.8392636],[19.3920544,49.8391739],[19.3916194,49.8393831],[19.3914446,49.8393796],[19.3911117,49.8393346],[19.3907267,49.839402],[19.3899149,49.8392356],[19.3899027,49.8392637],[19.3897249,49.839252],[19.3895292,49.839267],[19.389446,49.839324],[19.3890981,49.8394055],[19.388986,49.8393928],[19.3886771,49.8391915],[19.3883979,49.8391351],[19.3882781,49.8390436],[19.3880431,49.8388524],[19.3880778,49.8387242],[19.3880117,49.838617],[19.3879578,49.8384789],[19.3877994,49.8384044],[19.3876482,49.8383728],[19.3876248,49.8383743],[19.3877146,49.8382079],[19.3878448,49.8381108],[19.3881272,49.8379378],[19.38825,49.8378735],[19.3885903,49.8377127],[19.3883774,49.8375808],[19.3882328,49.8375462],[19.3878856,49.8376633],[19.3875946,49.8375823],[19.386824,49.8370631],[19.386316,49.8368164],[19.3863414,49.836633],[19.3865996,49.8363646],[19.3868482,49.8358614],[19.3870989,49.8355695],[19.3874685,49.8352694],[19.3879108,49.8348577],[19.3884214,49.8343277],[19.3885649,49.8340673],[19.3889221,49.8337215],[19.3894351,49.8332962],[19.389901,49.8327784],[19.3902404,49.8324876],[19.3906826,49.8322335],[19.391046,49.8320375],[19.3910805,49.832048],[19.3911879,49.8320286],[19.3915645,49.8318006],[19.3919177,49.8315004],[19.3921224,49.831364],[19.3929074,49.8311121],[19.3934755,49.830847],[19.3938712,49.8306032],[19.394101,49.8304564],[19.3944445,49.8303548],[19.3945417,49.8302836],[19.3946031,49.8300933],[19.3945589,49.8300172],[19.3943246,49.8299375],[19.393704,49.8298938],[19.3930052,49.8296904],[19.3929222,49.8296022],[19.3929663,49.829497],[19.3931099,49.8292265],[19.3931671,49.8288941],[19.3932522,49.8288351],[19.3932428,49.8287985],[19.393564,49.8287748],[19.3936039,49.8287653],[19.3936627,49.8287611],[19.3944622,49.8285401],[19.3947675,49.8284339],[19.395158,49.8282022],[19.3953976,49.8280322],[19.3955349,49.8279871],[19.395773,49.8279687],[19.3960376,49.8280546],[19.3963079,49.8280706],[19.3966733,49.8280685],[19.3969621,49.8280512],[19.3971761,49.8280117],[19.3979735,49.8278757],[19.398023,49.827873],[19.3986886,49.8277885],[19.3987389,49.827692],[19.3984636,49.8272789],[19.3983854,49.8272934],[19.3983308,49.8270741],[19.3983268,49.8270335],[19.3982902,49.8268967],[19.3984137,49.8265946],[19.3986157,49.8265235],[19.3989181,49.8264104],[19.3988601,49.8263122],[19.3994454,49.8261852],[19.3993696,49.8260538],[19.4001256,49.8259714],[19.400676,49.8258541],[19.4011289,49.8257329],[19.4010828,49.8257084],[19.4008206,49.825313],[19.4008928,49.8252919],[19.4005039,49.8245511],[19.4006828,49.8244619],[19.4007886,49.8243614],[19.401001,49.8240758],[19.4009144,49.8240812],[19.4001146,49.8236084],[19.4001052,49.8235601],[19.3999775,49.8235473],[19.3998209,49.8234795],[19.3995846,49.8232723],[19.3993721,49.8227509],[19.3993334,49.8226736],[19.3992456,49.822569],[19.3997264,49.8223064],[19.3998058,49.8217246],[19.3998262,49.821725],[19.4000582,49.8216573],[19.400465,49.8215281],[19.4004437,49.8214558],[19.4003482,49.8214277],[19.4002656,49.8214467],[19.398943,49.8211759],[19.397726,49.8209184],[19.397777,49.8208081],[19.3979678,49.8204449],[19.3978856,49.8203503],[19.3978061,49.8202934],[19.3977675,49.8202377],[19.3985823,49.8195906],[19.3988053,49.8196905],[19.3991171,49.8194092],[19.3992033,49.8193474],[19.3993387,49.8190274],[19.3994032,49.8189324],[19.399548,49.8187926],[19.3996284,49.8186952],[19.3997189,49.8186415],[19.4001505,49.8184391],[19.400522,49.8182551],[19.400552,49.818244],[19.4007035,49.8182051],[19.4014298,49.8181091],[19.4016674,49.8180077],[19.4015672,49.8171906],[19.4018503,49.8169822],[19.4017759,49.8169394],[19.4017215,49.816928],[19.4016375,49.8169319],[19.4013424,49.8170241],[19.4012,49.8170932],[19.4010917,49.8171301],[19.4009064,49.8171468],[19.4007434,49.8171272],[19.4005762,49.8170599],[19.3997015,49.8167808],[19.3996327,49.8167657],[19.3992291,49.816733],[19.3987631,49.816707],[19.3983727,49.8167258],[19.3980856,49.8167114],[19.3978897,49.816666],[19.3977604,49.81663],[19.3972852,49.8165098],[19.3963816,49.8162913],[19.3960633,49.8162052],[19.3956669,49.816088],[19.3954436,49.8159323],[19.395328,49.8156668],[19.395265,49.8155501],[19.3951493,49.8154535],[19.3939745,49.815047],[19.3939778,49.8150103],[19.394747,49.8147255],[19.394838,49.8146964],[19.3949366,49.8146364],[19.3952462,49.814194],[19.3953087,49.814144],[19.3954024,49.8141244],[19.3955727,49.8141129],[19.3956907,49.8140359],[19.3957883,49.8138584],[19.3958941,49.813681],[19.3959592,49.8136019],[19.3961633,49.8134175],[19.3963925,49.8132272],[19.3964887,49.813164],[19.3967427,49.8130135],[19.396846,49.8128992],[19.3971621,49.8128233],[19.3972901,49.8127649],[19.3976191,49.8125894],[19.3978848,49.8122521],[19.3984108,49.8115603],[19.3985656,49.8113648],[19.3987857,49.8111857],[19.3991989,49.8106206],[19.39932,49.8102589],[19.3994027,49.8100719],[19.3995217,49.8098925],[19.399578,49.8097867],[19.3996515,49.8096304],[19.3996618,49.8095981],[19.3996583,49.8095649],[19.399783,49.8092298],[19.3998695,49.8091934],[19.4002736,49.8086035],[19.4009409,49.8078024],[19.4013362,49.8072007],[19.4015359,49.8067479],[19.4018933,49.8063546],[19.4021442,49.8058008],[19.4022467,49.8056503],[19.4027041,49.8050538],[19.4030627,49.8045351],[19.4031764,49.804357],[19.4032792,49.8041383],[19.4035891,49.8036793],[19.4044407,49.8021751],[19.404845,49.8020947],[19.4051105,49.8020222],[19.4053629,49.8019396],[19.4062013,49.8014779],[19.4063106,49.8015023],[19.4064943,49.8014549],[19.4066495,49.801374],[19.4066519,49.801377],[19.4067617,49.8012936],[19.4069156,49.8012284],[19.4075096,49.8011156],[19.4076765,49.8010405],[19.4077527,49.800988],[19.4078199,49.8009346],[19.4080096,49.8008692],[19.4083135,49.8008621],[19.4085264,49.8008177],[19.4088106,49.8006817],[19.4094393,49.8005679],[19.4095212,49.8004928],[19.4101015,49.8004581],[19.4103962,49.8005167],[19.4109408,49.8005493],[19.4112384,49.8005022],[19.4114879,49.8003156],[19.4116311,49.8002499],[19.4117759,49.8002289],[19.4122043,49.8002922],[19.4122275,49.8002831],[19.4122335,49.8002913],[19.4123484,49.800353],[19.4128754,49.8004324],[19.4131471,49.8004083],[19.4132439,49.8004034],[19.4134571,49.8004132],[19.4136634,49.8003967],[19.413851,49.8003702],[19.4139645,49.8003314],[19.413659,49.8000177],[19.4137158,49.7999798],[19.4137352,49.7999523],[19.4140777,49.8001543],[19.4141995,49.8000842],[19.4145469,49.8000558],[19.4149172,49.8000443],[19.4151435,49.8001662],[19.4157747,49.8001054],[19.4158862,49.8000505],[19.416329,49.7999556],[19.4164655,49.799898],[19.416413,49.7998291],[19.4164597,49.7998008],[19.4165174,49.7998097],[19.416968,49.7997733],[19.4173489,49.79967],[19.4173498,49.7995774],[19.4175055,49.7995562],[19.4175914,49.7995655],[19.418194,49.7994764],[19.4184759,49.7994543],[19.418479,49.7993568],[19.418343,49.7992473],[19.4183462,49.7992173],[19.4188887,49.7991256],[19.4188888,49.7991078],[19.4189451,49.7991562],[19.4192551,49.7991645],[19.4193382,49.7991595],[19.4193378,49.7993167],[19.4195284,49.7993283],[19.4197947,49.7993279],[19.4198784,49.7993514],[19.4200207,49.7993584],[19.4203044,49.7993035],[19.4205763,49.7993234],[19.4205863,49.799207],[19.42098,49.7991393],[19.4216593,49.7990367],[19.4216199,49.7990919],[19.4220386,49.7990298],[19.4221617,49.798998],[19.4222797,49.7989357],[19.4225681,49.7989285],[19.4226798,49.7989087],[19.4228113,49.7992025],[19.4231255,49.7991005],[19.4232389,49.7990177],[19.4233306,49.799007],[19.423418,49.7990395],[19.4239253,49.7988],[19.4241321,49.7987501],[19.4242635,49.7986089],[19.4241506,49.7984082],[19.4241452,49.7983543],[19.4241698,49.798322],[19.4241227,49.7982645],[19.4240379,49.7982648],[19.423953,49.7982509],[19.423916,49.7982356],[19.4237179,49.7983418],[19.4236251,49.7983623],[19.4232876,49.7983965],[19.4230861,49.7983853],[19.4227498,49.7983391],[19.4225506,49.7983458],[19.4224357,49.7983707],[19.4216974,49.7982708],[19.4213025,49.7981395],[19.421165,49.7981385],[19.4210024,49.7981913],[19.4208082,49.7982255],[19.4204174,49.798277],[19.4199072,49.7983174],[19.419676,49.7983199],[19.4194123,49.7982879],[19.4192471,49.7982411],[19.4186872,49.7982761],[19.4186184,49.7982766],[19.4183811,49.7982459],[19.4182895,49.7982285],[19.4180391,49.7983264],[19.4174088,49.7983245],[19.4173823,49.7983279],[19.4171365,49.7984211],[19.4170057,49.7984411],[19.416542,49.7984442],[19.4164272,49.7984589],[19.4163986,49.7984657],[19.4163413,49.7984549],[19.4160552,49.7984436],[19.4156225,49.7985162],[19.4152594,49.798599],[19.415191,49.7984749],[19.4149518,49.7985427],[19.4149196,49.7985422],[19.4148912,49.7985608],[19.4145491,49.7986896],[19.4146825,49.7988251],[19.4142488,49.7989977],[19.4141928,49.7988944],[19.4140774,49.7988142],[19.4139227,49.7985869],[19.4138223,49.7983803],[19.4138166,49.7982259],[19.4139072,49.7981531],[19.4138966,49.7980018],[19.4139386,49.7979568],[19.4140392,49.797905],[19.4142124,49.7978928],[19.4143317,49.7978134],[19.4143817,49.797669],[19.4144722,49.7975608],[19.4146332,49.7974511],[19.4146966,49.797334],[19.4147284,49.7972326],[19.4151394,49.7969814],[19.4151943,49.7969058],[19.4152175,49.7967056],[19.4153952,49.7965213],[19.4152166,49.7963322],[19.4152256,49.7961295],[19.4151852,49.7960178],[19.4152809,49.7958859],[19.4155487,49.7954667],[19.415782,49.7951436],[19.4158365,49.7950448],[19.4160106,49.7946052],[19.4160937,49.7945393],[19.4162574,49.7944513],[19.416255,49.7944036],[19.4154402,49.7943157],[19.4152528,49.7944135],[19.4152027,49.7943788],[19.4149481,49.7943422],[19.4148756,49.7943541],[19.4147565,49.7947284],[19.4146139,49.7949773],[19.4145547,49.7951782],[19.4145533,49.7952166],[19.4145433,49.7952426],[19.4144205,49.7952233],[19.4141353,49.7952475],[19.4142728,49.7953905],[19.4141591,49.795388],[19.4140295,49.7954204],[19.4139616,49.7953611],[19.4139818,49.7952991],[19.4137969,49.7952901],[19.4137193,49.7953441],[19.4136114,49.7954559],[19.4135697,49.7954593],[19.4133232,49.795697],[19.4133315,49.7957508],[19.4134169,49.7958345],[19.413387,49.7958998],[19.4132592,49.7958853],[19.4127964,49.7963555],[19.4127019,49.7964301],[19.4125085,49.7964261],[19.4124245,49.7964965],[19.4123741,49.7966108],[19.4122635,49.7967171],[19.4121702,49.7966872],[19.411689,49.7971085],[19.411493,49.7970097],[19.4112517,49.797093],[19.411223,49.7970983],[19.410953,49.7972439],[19.4108518,49.7973048],[19.4107794,49.7973149],[19.4107397,49.7973256],[19.4093134,49.7975714],[19.4095422,49.7989352],[19.4082727,49.7991066],[19.4081941,49.7992257],[19.4081465,49.7993515],[19.406967,49.7995344],[19.4068962,49.7995508],[19.4067979,49.7995049],[19.406506,49.7995373],[19.4062763,49.7996396],[19.4056445,49.7997608],[19.4054754,49.7998717],[19.405177,49.7999572],[19.4047952,49.8001611],[19.4045149,49.8003027],[19.4045152,49.8003222],[19.404343,49.8003125],[19.4036637,49.8003668],[19.4035756,49.8003556],[19.4034895,49.8003235],[19.4033312,49.8002267],[19.403268,49.800183],[19.4031743,49.8001354],[19.4030864,49.8000981],[19.4024552,49.7999536],[19.4023712,49.7998958],[19.4023163,49.7999141],[19.402813,49.8007153],[19.402918,49.8009137],[19.4029574,49.8010175],[19.4027129,49.8011456],[19.4024803,49.8011994],[19.4023404,49.8012217],[19.4021972,49.8012363],[19.4021098,49.8012634],[19.4021946,49.8013112],[19.4018401,49.8013024],[19.40188,49.8013691],[19.4018583,49.8013754],[19.4015346,49.8015359],[19.4012753,49.80167],[19.4011682,49.8017328],[19.3999247,49.8026014],[19.3995199,49.8022618],[19.3994689,49.8023065],[19.399307,49.8020513],[19.3989699,49.801587],[19.3988583,49.8013916],[19.3987851,49.8012524],[19.3986468,49.8008449],[19.3986229,49.8007208],[19.3986169,49.80056],[19.3985375,49.8004402],[19.3984181,49.8003663],[19.3982504,49.8003385],[19.3978681,49.800343],[19.3977499,49.8003183],[19.3977345,49.8003011],[19.397549,49.8001894],[19.3972249,49.799963],[19.3971565,49.7999213],[19.397144,49.7998332],[19.3970821,49.7998367],[19.3969646,49.7999781],[19.396836,49.800161],[19.3967521,49.8002577],[19.3963903,49.8005277],[19.3960694,49.8009775],[19.3959275,49.8012444],[19.3959182,49.801323],[19.3958937,49.801373],[19.395522,49.801378],[19.3952822,49.8013729],[19.3949028,49.8013712],[19.3947866,49.8015474],[19.3947726,49.8016563],[19.3947954,49.8017284],[19.3937673,49.8018499],[19.3937007,49.8016576],[19.3937103,49.8012516],[19.393765,49.8008837],[19.3938309,49.8003522],[19.3938067,49.8003309],[19.3939426,49.8000786],[19.3938121,49.7996894],[19.3938202,49.7995763],[19.3940634,49.7993153],[19.3944085,49.7992312],[19.3945915,49.7990878],[19.3947711,49.7989381],[19.3948853,49.7987764],[19.3948879,49.7986312],[19.3946058,49.7983543],[19.3946305,49.7983131],[19.3946547,49.7982903],[19.3949566,49.7983446],[19.3951204,49.7981338],[19.3950888,49.7979514],[19.3948556,49.7977946],[19.3947813,49.7972046],[19.3947782,49.797165],[19.3951369,49.7970002],[19.3949077,49.7968267],[19.3949257,49.7966696],[19.3950823,49.7966422],[19.3951236,49.7965496],[19.3950891,49.7962993],[19.3949395,49.7959464],[19.3948161,49.7958882],[19.3947561,49.7958807],[19.3937112,49.7956459],[19.3934655,49.7960936],[19.3927632,49.795936],[19.3927747,49.7958811],[19.3928662,49.7952198],[19.3928744,49.7948673],[19.3928087,49.7947894],[19.3927098,49.7947825],[19.3923175,49.7942703],[19.3923384,49.7942306],[19.3923135,49.7941954],[19.3922146,49.7941814],[19.3916962,49.7941373],[19.3898411,49.7940092],[19.3896017,49.79339],[19.3894751,49.7931828],[19.3892633,49.7928899],[19.3892052,49.7928727],[19.388417,49.7929263],[19.3882873,49.7928504],[19.3880157,49.7929049],[19.3875006,49.7929765],[19.38692,49.7930658],[19.387009,49.7934338],[19.3867617,49.7934498],[19.3867796,49.7937215],[19.3867937,49.7943415],[19.3868104,49.7947904],[19.3867423,49.794857],[19.3867061,49.7951298],[19.3865481,49.7952371],[19.3865649,49.7952852],[19.3864713,49.795875],[19.3864512,49.7961496],[19.3864138,49.796473],[19.3864005,49.7970735],[19.3866617,49.7971445],[19.3866896,49.7977221],[19.3865802,49.7977144],[19.3866069,49.7980903],[19.38671,49.7985991],[19.3866809,49.7986862],[19.3866303,49.7989828],[19.386655,49.7994025],[19.3867167,49.7994796],[19.3866224,49.799537],[19.3864921,49.7995471],[19.3863313,49.8001072],[19.3864408,49.8001111],[19.3863388,49.8004776],[19.3863144,49.8004767],[19.3862365,49.8007784],[19.3863214,49.8007815],[19.3862633,49.8011576],[19.3862613,49.8012646],[19.3862024,49.8015536],[19.3861519,49.8018386],[19.3860476,49.8025335],[19.3858283,49.8032653],[19.3857478,49.8032715],[19.3856284,49.8034397],[19.3853909,49.8036265],[19.3852373,49.8036989],[19.3854406,49.8038348],[19.3851663,49.803945],[19.3849085,49.8040762],[19.3848428,49.804123],[19.3848378,49.8039757],[19.3844272,49.8039357],[19.38433,49.8041899],[19.3840189,49.8041114],[19.3834942,49.8040043],[19.3830979,49.8038865],[19.382948,49.8037673],[19.3825697,49.8033044],[19.3822936,49.8030807],[19.3821271,49.8029825],[19.3819424,49.8028929],[19.3814204,49.8026284],[19.3812764,49.802612],[19.3811276,49.8026227],[19.3807724,49.8028463],[19.380662,49.8028525],[19.3804676,49.8028335],[19.3801128,49.8027192],[19.3799134,49.8026953],[19.3797291,49.8027462],[19.3795599,49.8027642],[19.3789366,49.8026824],[19.3786133,49.802588],[19.3782646,49.8023752],[19.3770376,49.801901],[19.3767698,49.8017637],[19.376596,49.8016253],[19.3763531,49.8015337],[19.3755243,49.8013287],[19.3752192,49.8012478],[19.3750121,49.8011267],[19.3749337,49.8010142],[19.3748701,49.8008522],[19.3747814,49.8007742],[19.3746102,49.800749],[19.3744893,49.8007734],[19.3742689,49.800853],[19.3740422,49.800892],[19.3738255,49.8008578],[19.3734845,49.8006978],[19.3733697,49.8005948],[19.3731021,49.8002493],[19.3728331,49.800029],[19.3727387,49.7999173],[19.3725567,49.7998711],[19.3723446,49.7997399],[19.3721462,49.7996258],[19.3720161,49.7995166],[19.3712087,49.7985957],[19.3711141,49.7984671],[19.3708091,49.7979109],[19.370772,49.7977666],[19.3708079,49.797648],[19.3707715,49.7975426],[19.3700845,49.7971549],[19.3697434,49.7968885],[19.3695935,49.7968216],[19.3690777,49.7966992],[19.3689178,49.7966335],[19.3687896,49.7965773],[19.3684685,49.7963151],[19.368304,49.7962268],[19.3678269,49.7960949],[19.3676848,49.7960512],[19.3674709,49.7959265],[19.3671976,49.7957994],[19.3666606,49.7959767],[19.366643,49.7959909],[19.3666249,49.795992],[19.3665088,49.7961457],[19.3664094,49.7961543],[19.3663044,49.7960458],[19.3660332,49.7957086],[19.3658959,49.7955512],[19.3656138,49.7953794],[19.3653795,49.795277],[19.3650476,49.7951201],[19.3644283,49.7956871],[19.3638424,49.7961311],[19.3636425,49.7962316],[19.3632233,49.7965101],[19.3630775,49.7966283],[19.3622093,49.7960544],[19.3620535,49.7961687],[19.3619075,49.7963709],[19.3619533,49.7965987],[19.3616287,49.7967826],[19.3616774,49.7970643],[19.3617697,49.7971769],[19.3618151,49.7972194],[19.3618134,49.7973518],[19.3618926,49.7975026],[19.3618882,49.7975886],[19.3618747,49.7976804],[19.3618857,49.7978065],[19.3618011,49.797807],[19.3617497,49.7975979],[19.361771,49.7974954],[19.3615909,49.7973522],[19.3610518,49.7975169],[19.3610926,49.7972761],[19.3609791,49.7973172],[19.3608264,49.7976403],[19.3606213,49.7978483],[19.3607969,49.7980221],[19.3614156,49.7986669],[19.3615449,49.7989721],[19.3616914,49.7989538],[19.362307,49.7993688],[19.3619668,49.7994611],[19.3618389,49.7996001],[19.3615467,49.7997418],[19.3619824,49.800178],[19.3624122,49.8003624],[19.3625915,49.8007313],[19.3622489,49.8005082],[19.3619834,49.8009625],[19.3621276,49.8011661],[19.3617242,49.8010244],[19.3602281,49.8017349],[19.3593019,49.8013881],[19.3592848,49.80136],[19.3592255,49.801357],[19.3591894,49.8013847],[19.3590585,49.801528],[19.3589303,49.8022582],[19.3589124,49.8023367],[19.3589054,49.8024236],[19.3586341,49.8024438],[19.3586316,49.8025183],[19.3587225,49.8025706],[19.359219,49.8027945],[19.3585677,49.8026693],[19.3580913,49.8027178],[19.3580637,49.8028073],[19.3572529,49.8032112],[19.3570816,49.8031192],[19.356808,49.8032689],[19.3566194,49.803357],[19.3563937,49.8034544],[19.3558947,49.8031654],[19.3557046,49.8032776],[19.3554807,49.8033489],[19.3550827,49.8034457],[19.3553663,49.8037447],[19.3552526,49.8043621],[19.3553099,49.8052728],[19.3551462,49.8053529],[19.3549068,49.8054318],[19.3546673,49.8054628],[19.3545349,49.8053778],[19.3542788,49.8051685],[19.3539358,49.8049226],[19.353524,49.805025],[19.3530937,49.8053184],[19.3531234,49.8053519],[19.3532643,49.8056261],[19.3529381,49.8058092],[19.3527914,49.8057717],[19.3526346,49.8058775],[19.3526286,49.806036],[19.3530893,49.8063951],[19.3532995,49.806514],[19.3535197,49.8066275],[19.3539055,49.8067402],[19.354015,49.8067656],[19.3541645,49.8068591],[19.3547386,49.8073994],[19.3542781,49.807636],[19.3532834,49.8081355],[19.3534779,49.8083098],[19.3536771,49.8084969],[19.3539426,49.8086777],[19.3541314,49.8086537],[19.3541637,49.8086803],[19.3543214,49.8088411],[19.3543351,49.8090999],[19.3553033,49.8099939],[19.3548775,49.8099933],[19.3543218,49.8096038],[19.3540723,49.8094229],[19.3536779,49.8091947],[19.3533134,49.8089912],[19.3532554,49.809063],[19.3529573,49.8088948],[19.3526164,49.8085456],[19.3524998,49.80858],[19.3521655,49.8082101],[19.3520204,49.8079659],[19.3519422,49.8078924],[19.3516742,49.8076657],[19.3516781,49.8075952],[19.3515745,49.8073722],[19.3514558,49.8072895],[19.3511947,49.8070884],[19.3508866,49.8069528],[19.350691,49.8068174],[19.3507207,49.8067341],[19.3506103,49.8066062],[19.3506201,49.806461],[19.3505118,49.8062714],[19.3505139,49.8061388],[19.3503136,49.8060743],[19.3500721,49.8060727],[19.3499096,49.8058097],[19.3499203,49.8057542],[19.3497612,49.8058851],[19.3489877,49.806015],[19.3487305,49.8060642],[19.3486946,49.8060674],[19.348697,49.8061465],[19.3486809,49.806151],[19.348637,49.8063553],[19.3485153,49.8063472],[19.348274,49.8060516],[19.3475683,49.8060605],[19.3475866,49.8056913],[19.3475428,49.8055685],[19.3474564,49.8053562],[19.3473422,49.805258],[19.3473058,49.8052493],[19.3472678,49.805257],[19.3472114,49.8052757],[19.3471265,49.8053532],[19.3470152,49.8048372],[19.346712,49.8043724],[19.3463879,49.8044008],[19.3462828,49.804443],[19.3459172,49.8040147],[19.3455944,49.8037566],[19.3452774,49.8039556],[19.34497,49.8037159],[19.3447792,49.8038242],[19.3444863,49.8039353],[19.3445274,49.8039879],[19.3444601,49.8041447],[19.3443056,49.8041459],[19.344289,49.8042112],[19.3448732,49.804527],[19.3448614,49.8046164],[19.3448085,49.8046429],[19.3449434,49.8049668],[19.3449177,49.8055219],[19.3452126,49.8058232],[19.345302,49.8063739],[19.3452949,49.8065173],[19.3452216,49.8068291],[19.3450491,49.8070151],[19.3449998,49.8071831],[19.3449768,49.8073916],[19.3449499,49.807565],[19.344823,49.8078481],[19.3447527,49.8080759],[19.3448548,49.8080688],[19.3445177,49.8083548],[19.3444253,49.8085452],[19.3446277,49.8086335],[19.3445039,49.8087582],[19.3442578,49.8090243],[19.3437949,49.8095094],[19.343751,49.8099788],[19.3436928,49.8101431],[19.3434779,49.8100856],[19.3433753,49.8103604],[19.3432838,49.8103369],[19.3431451,49.8107494],[19.3430245,49.8107945],[19.342968,49.8109915],[19.3429484,49.8110441],[19.3434458,49.8112583],[19.3433462,49.8114535],[19.3432365,49.8116083],[19.3430798,49.8121738],[19.3430062,49.8122112],[19.3421891,49.8118866],[19.3413085,49.8116655],[19.3408726,49.8116083],[19.3408422,49.8115823],[19.3407297,49.8115906],[19.3406056,49.8114523],[19.3407589,49.8113866],[19.3409699,49.8112442],[19.3410967,49.8111984],[19.3411699,49.8111917],[19.3413639,49.8111581],[19.3414567,49.811028],[19.3417835,49.810859],[19.3417078,49.8107413],[19.3419813,49.8105313],[19.3420202,49.8104691],[19.3421627,49.810278],[19.3423046,49.8101556],[19.3424811,49.8095565],[19.3425483,49.8093866],[19.3424504,49.8092134],[19.3425896,49.8087106],[19.342218,49.8080306],[19.3416368,49.8079901],[19.3413842,49.8080127],[19.3409851,49.8081479],[19.3409047,49.8078113],[19.3407804,49.807368],[19.340681,49.8073232],[19.3405589,49.8074037],[19.3403415,49.8076298],[19.3399629,49.8080523],[19.3395757,49.8082814],[19.3392416,49.8084916],[19.3390609,49.8086679],[19.3386434,49.8089357],[19.3384842,49.8091362],[19.3384411,49.8090985],[19.3380186,49.8092332],[19.3375505,49.8093553],[19.3373729,49.8093765],[19.3372129,49.8094803],[19.3370284,49.809581],[19.3369785,49.8095557],[19.3368869,49.8097286],[19.337009,49.8099457],[19.336657,49.8101783],[19.3365518,49.8101242],[19.3366577,49.8099401],[19.3366418,49.8097385],[19.3366012,49.8095854],[19.3366752,49.8092389],[19.336889,49.8091544],[19.3368626,49.8087418],[19.3369337,49.8083078],[19.3371358,49.8078894],[19.3371823,49.8076915],[19.3374647,49.8075843],[19.3376428,49.8074504],[19.337797,49.8071086],[19.3379715,49.8069184],[19.3379076,49.8066098],[19.3378693,49.8064602],[19.3374779,49.8064158],[19.3369202,49.8066185],[19.3373679,49.8060209],[19.3375682,49.8057793],[19.3376956,49.8054109],[19.3380101,49.8046051],[19.3378214,49.8043302],[19.3374865,49.8039643],[19.3363358,49.8041015],[19.3357282,49.8039544],[19.3354084,49.8042084],[19.3351379,49.8044941],[19.3340208,49.805237],[19.3337427,49.8054411],[19.3339301,49.8059646],[19.33409,49.806047],[19.3340784,49.8061056],[19.3340247,49.8061668],[19.3338935,49.8061763],[19.3337236,49.8061239],[19.3331746,49.8059308],[19.3328866,49.8058249],[19.3329467,49.8057916],[19.3334339,49.8055609],[19.3335944,49.8054477],[19.3333314,49.8052239],[19.3330852,49.8050319],[19.3327015,49.8047453],[19.3327756,49.8046811],[19.333373,49.8039329],[19.3324691,49.8035715],[19.3323388,49.8036151],[19.3317572,49.8038273],[19.3313664,49.8040088],[19.330893,49.8042453],[19.3308358,49.8044138],[19.3304907,49.8045422],[19.3294818,49.8047492],[19.3296544,49.8051011],[19.3299288,49.8052567],[19.3300745,49.8053154],[19.3299686,49.8054721],[19.3296636,49.8056077],[19.3296413,49.80571],[19.3295217,49.805831],[19.3292935,49.8059178],[19.3291239,49.8059591],[19.3289136,49.8061632],[19.3285524,49.8058416],[19.3282944,49.8057384],[19.328,49.8058642],[19.3278228,49.8059446],[19.3280445,49.8064148],[19.3279168,49.8065595],[19.3280504,49.8068191],[19.3278821,49.8069955],[19.3278603,49.8070559],[19.3276627,49.8070921],[19.3272072,49.8064268],[19.3270851,49.8061253],[19.3270842,49.8059503],[19.3271531,49.805938],[19.327171,49.8058186],[19.3272676,49.8057956],[19.3272803,49.8052276],[19.3269299,49.8050662],[19.3267735,49.8052323],[19.3265968,49.8052918],[19.3266746,49.8054966],[19.3265664,49.8056791],[19.3265906,49.8059675],[19.326801,49.8060237],[19.326892,49.8061643],[19.3268892,49.8062466],[19.3269632,49.8064825],[19.3267292,49.8065168],[19.3267404,49.8063308],[19.3266022,49.8061272],[19.3263741,49.8060907],[19.3262713,49.8060787],[19.3261987,49.8058098],[19.3261241,49.8053331],[19.3256399,49.8048104],[19.3255181,49.804568],[19.3254529,49.8043993],[19.3254347,49.80428],[19.3254438,49.8041734],[19.3257429,49.8038495],[19.3259228,49.8037666],[19.3259241,49.8035639],[19.3264418,49.8033822],[19.3267383,49.8033251],[19.3269603,49.8033556],[19.3274785,49.8032936],[19.3283363,49.8030874],[19.3287437,49.8029385],[19.3288872,49.8029048],[19.3291488,49.8029002],[19.3293441,49.8028166],[19.3296014,49.8027965],[19.3296029,49.8027487],[19.3295811,49.802706],[19.3294491,49.8027027],[19.3292377,49.8027319],[19.3290666,49.8027188],[19.3288822,49.8027103],[19.3283736,49.8027356],[19.3281493,49.8027775],[19.3279927,49.8028484],[19.3278779,49.8028749],[19.3277682,49.8028925],[19.3276678,49.8028713],[19.3275093,49.8028545],[19.3274066,49.8028313],[19.327172,49.802732],[19.3277249,49.8026082],[19.3276885,49.8025572],[19.3281747,49.8024625],[19.3283182,49.8024235],[19.3282997,49.8023745],[19.3284316,49.8023779],[19.3285756,49.8024019],[19.3286994,49.8024146],[19.3289055,49.8023872],[19.3291656,49.8023751],[19.3293621,49.8023548],[19.3295537,49.8023101],[19.3295635,49.802287],[19.3295532,49.8022701],[19.3298149,49.8021569],[19.3298381,49.8021637],[19.3300098,49.8021802],[19.3300794,49.801968],[19.3299962,49.8019205],[19.3299341,49.8019008],[19.3299914,49.8017933],[19.3296242,49.8016666],[19.3293787,49.8015546],[19.3288856,49.801416],[19.328787,49.8014318],[19.3285759,49.8013831],[19.3282981,49.8014019],[19.327907,49.8015057],[19.3276824,49.8010845],[19.327558,49.8009546],[19.3272799,49.8009051],[19.3270363,49.8005427],[19.3268864,49.8002044],[19.326635,49.8002484],[19.3265391,49.7998451],[19.3266459,49.7997948],[19.3265913,49.7994067],[19.3266289,49.7991108],[19.3268177,49.7987314],[19.3269746,49.7984573],[19.3269194,49.7982326],[19.3275254,49.7983595],[19.3283733,49.7980511],[19.3285169,49.7976933],[19.3289986,49.7975827],[19.3290382,49.7972862],[19.3292707,49.7971221],[19.3295101,49.7963997],[19.3294403,49.7963885],[19.3292504,49.7965621],[19.3290768,49.7965863],[19.3290964,49.7964957],[19.3286409,49.7964687],[19.3283696,49.7964278],[19.3281109,49.796301],[19.3275804,49.7961456],[19.3268002,49.7959909],[19.3264781,49.7959368],[19.3264314,49.7959955],[19.3263728,49.7962913],[19.3263047,49.796281],[19.3262874,49.7963198],[19.3261858,49.7963135],[19.326192,49.7960516],[19.3259796,49.796145],[19.3260249,49.7960406],[19.3259568,49.7960468],[19.326046,49.7957787],[19.3261119,49.7957119],[19.3262913,49.7956591],[19.3266628,49.7951781],[19.3266306,49.7950089],[19.3266973,49.7949735],[19.326999,49.7947131],[19.3272695,49.7946841],[19.3274382,49.7939273],[19.3274175,49.7938583],[19.3274567,49.793823],[19.3275274,49.7938051],[19.3276777,49.7935989],[19.3278341,49.7935043],[19.3279075,49.793377],[19.3277439,49.7933343],[19.3277387,49.7932725],[19.3277606,49.793221],[19.3279069,49.7929706],[19.3278462,49.7929495],[19.3278937,49.7928979],[19.3279609,49.792883],[19.3279662,49.79285],[19.3281712,49.7928861],[19.3282714,49.7928297],[19.3283535,49.7927413],[19.328194,49.7926681],[19.3283588,49.7925284],[19.3285988,49.7926349],[19.3287146,49.7925438],[19.328927,49.7923306],[19.3290617,49.7921803],[19.3291376,49.7922341],[19.3291533,49.7922178],[19.3294387,49.7920437],[19.3296437,49.7919468],[19.3300109,49.7916572],[19.3301988,49.7913318],[19.3300194,49.7911842],[19.3299472,49.7911539],[19.3298713,49.7911457],[19.3293802,49.7911114],[19.3292905,49.7911354],[19.3292357,49.7911891],[19.3291986,49.7912471],[19.3289614,49.7913609],[19.3289376,49.7912654],[19.3288138,49.7912439],[19.3288872,49.7910706],[19.3287645,49.7910493],[19.3291131,49.7907434],[19.3291589,49.7907722],[19.3295714,49.7907265],[19.3296746,49.7906836],[19.3298706,49.790559],[19.3296513,49.7904134],[19.3297252,49.7903686],[19.3298808,49.7904244],[19.3301608,49.7905063],[19.3303831,49.7906153],[19.3305238,49.7906765],[19.3305799,49.790831],[19.3306363,49.790855],[19.331036,49.7910558],[19.3311987,49.7912273],[19.3314379,49.7912339],[19.3316778,49.7913097],[19.3320488,49.7913062],[19.3321069,49.7911786],[19.3317697,49.7910201],[19.3317657,49.790591],[19.3315365,49.7904332],[19.3311442,49.790352],[19.3314538,49.7902383],[19.3316304,49.7901464],[19.3321858,49.7901522],[19.3324575,49.790252],[19.3326326,49.7903231],[19.3334298,49.7904219],[19.333936,49.7904765],[19.3343513,49.7903276],[19.3349199,49.7897169],[19.3362824,49.789142],[19.3366593,49.7889137],[19.3367392,49.788815],[19.33691,49.7886451],[19.3376319,49.7883624],[19.337893,49.7883265],[19.3382972,49.7883756],[19.3385459,49.7883956],[19.3392144,49.7884164],[19.3398908,49.7884811],[19.3400117,49.7883037],[19.3392044,49.7881023],[19.3388399,49.7880529],[19.3385345,49.7880405],[19.338156,49.7879877],[19.3377784,49.7878534],[19.3377135,49.7876842],[19.3376635,49.7876298],[19.3376018,49.7876512],[19.3374287,49.7874816],[19.3371748,49.7873846],[19.3369768,49.7874149],[19.3367493,49.7875411],[19.3367303,49.7875834],[19.3365956,49.7875209],[19.3365592,49.7875384],[19.3361608,49.7874296],[19.3357708,49.787192],[19.3347587,49.7867495],[19.3350681,49.7865529],[19.3350584,49.7865242],[19.3351389,49.7861371],[19.3352439,49.7860431],[19.3346992,49.7860947],[19.3341917,49.786039],[19.3336884,49.7862133],[19.3334491,49.7863876],[19.3333954,49.7864821],[19.3327467,49.7865674],[19.3326501,49.7866342],[19.3325002,49.7868793],[19.3320523,49.7874071],[19.3316731,49.7875608],[19.3314567,49.7876749],[19.3313368,49.7877889],[19.3312926,49.7875216],[19.3309544,49.7875782],[19.3307044,49.7877063],[19.3304308,49.7879084],[19.3302137,49.7880976],[19.3300071,49.788393],[19.3298852,49.7884681],[19.3298163,49.7885441],[19.3297663,49.7885888],[19.3296674,49.7888556],[19.329639,49.7890672],[19.329581,49.7893447],[19.329586,49.7895706],[19.3296078,49.7896804],[19.3297052,49.789734],[19.3299289,49.7897212],[19.3301859,49.789676],[19.3300163,49.7898575],[19.329634,49.7900244],[19.3293471,49.7901796],[19.3291288,49.7903447],[19.3287536,49.7904166],[19.3283702,49.7905694],[19.3280763,49.7907509],[19.3279691,49.7908126],[19.3279532,49.7907916],[19.3279512,49.7906709],[19.3280776,49.7903651],[19.3282034,49.7900258],[19.328219,49.7899663],[19.3281805,49.7898036],[19.3279375,49.789787],[19.3279741,49.7896831],[19.3283608,49.7894305],[19.3283893,49.7893447],[19.3282533,49.7891636],[19.3281796,49.7889586],[19.3280693,49.7888313],[19.3279134,49.788415],[19.3278338,49.7879496],[19.3273575,49.7877865],[19.3270607,49.788013],[19.327117,49.7882924],[19.327345,49.7881928],[19.3275248,49.7883642],[19.3275548,49.7884296],[19.3273046,49.7884927],[19.3268847,49.7885616],[19.3266047,49.7876675],[19.326524,49.7875265],[19.3263496,49.7870362],[19.3262637,49.7869161],[19.3261871,49.7867032],[19.3261149,49.7863901],[19.3260096,49.7862551],[19.3259028,49.7860119],[19.3255642,49.785466],[19.3253039,49.785386],[19.3251048,49.7853601],[19.3247795,49.7852312],[19.3241971,49.7852953],[19.323934,49.785292],[19.3240454,49.7854733],[19.3239057,49.7854534],[19.3236016,49.7854698],[19.3233024,49.7855516],[19.3227859,49.7858787],[19.3228107,49.7861496],[19.3226196,49.7861536],[19.3226054,49.7862438],[19.3219406,49.7863004],[19.3218254,49.7863473],[19.3214414,49.7862667],[19.321452,49.7862901],[19.3214672,49.7864143],[19.3216468,49.7867094],[19.3215685,49.7869376],[19.321364,49.7871657],[19.3208246,49.7875011],[19.3207903,49.7875495],[19.3208859,49.7876189],[19.3209395,49.7878303],[19.3211076,49.7880846],[19.321436,49.7882677],[19.3224219,49.7883781],[19.3235172,49.7884752],[19.3235493,49.7884705],[19.3237812,49.7887937],[19.3239926,49.7887631],[19.3240323,49.788733],[19.3241981,49.7887143],[19.3242985,49.7889843],[19.3243866,49.7894758],[19.3245802,49.7894902],[19.3250649,49.7895048],[19.3249284,49.7896282],[19.3248202,49.7897906],[19.3245738,49.7900598],[19.324507,49.7904146],[19.3248757,49.7905314],[19.3247496,49.7906274],[19.3250149,49.7906958],[19.3249529,49.7907934],[19.3253347,49.7908869],[19.3252293,49.7909608],[19.3251225,49.791005],[19.3247628,49.7909542],[19.3243406,49.7908796],[19.3243204,49.7909256],[19.3241403,49.7910168],[19.3245752,49.7913606],[19.3245595,49.7913791],[19.3241215,49.791748],[19.3241369,49.7917911],[19.3240768,49.7921665],[19.3240886,49.7922491],[19.3241055,49.7922921],[19.3238612,49.7922997],[19.323806,49.7923284],[19.3240282,49.7925421],[19.3239052,49.7926906],[19.3237961,49.7928534],[19.3234583,49.7934474],[19.3232739,49.7936957],[19.3232571,49.7937315],[19.3228357,49.7936063],[19.3227641,49.7935542],[19.3224813,49.793323],[19.322247,49.7931385],[19.3220975,49.7930273],[19.3219084,49.7928557],[19.3218677,49.7928735],[19.3217588,49.792856],[19.32142,49.7928825],[19.3213182,49.7930913],[19.3209928,49.7934186],[19.3208905,49.7934678],[19.3215118,49.7940641],[19.3204611,49.7946791],[19.3202397,49.7947907],[19.3201338,49.7948985],[19.3200126,49.79493],[19.3198985,49.7949843],[19.3198856,49.79502],[19.3198519,49.795058],[19.3200774,49.7952601],[19.320489,49.7954089],[19.3204787,49.795482],[19.3204336,49.7955322],[19.320841,49.7957902],[19.3211182,49.7957535],[19.3213531,49.7960534],[19.3213466,49.7961569],[19.3213616,49.7961935],[19.3212901,49.7963519],[19.3212009,49.7965956],[19.3209984,49.7969623],[19.3203327,49.7971197],[19.320026,49.7972093],[19.3192423,49.7973635],[19.3189802,49.7975667],[19.3187239,49.7976739],[19.3185934,49.7978414],[19.3183284,49.79793],[19.3179774,49.7980212],[19.3176872,49.7981273],[19.3174354,49.7981581],[19.3171632,49.7978449],[19.316925,49.7977355],[19.3165614,49.7978975],[19.316185,49.7977029],[19.3161496,49.797652],[19.3158283,49.7980463],[19.3157652,49.7981012],[19.3151067,49.7981697],[19.3152125,49.7983104],[19.3151273,49.798332],[19.3150126,49.7981795],[19.3148351,49.7980108],[19.3147231,49.7980314],[19.3146031,49.7980663],[19.3145289,49.7981019],[19.314056,49.7981878],[19.3138586,49.7981936],[19.3136927,49.798148],[19.3136266,49.7981757],[19.3136356,49.7981911],[19.313296,49.7982942],[19.3126366,49.7982741],[19.3122161,49.7980687],[19.3113563,49.7979297],[19.3113993,49.7982313],[19.3112977,49.7988487],[19.3114621,49.7993766],[19.3116233,49.799451],[19.3111978,49.7995431],[19.3110157,49.7999096],[19.3109243,49.8004851],[19.3109781,49.8011995],[19.3109712,49.8014475],[19.3109887,49.8016477],[19.3109371,49.801878],[19.3108883,49.802134],[19.3106092,49.8022807],[19.310824,49.8023819],[19.3108979,49.8024087],[19.310926,49.8024143],[19.3110829,49.8024069],[19.3113424,49.8024833],[19.3114822,49.8027148],[19.3120665,49.8028792],[19.31214,49.8029495],[19.3122647,49.8030148],[19.3123983,49.8032606],[19.3129323,49.8032868],[19.3127304,49.8034601],[19.3124053,49.803467],[19.3121149,49.8036102],[19.3124093,49.8041491],[19.3128588,49.8046609],[19.3128687,49.8047341],[19.3128971,49.8047638],[19.3128798,49.8048544],[19.3128735,49.8049188],[19.312576,49.8053947],[19.3129253,49.805476],[19.313189,49.8058798],[19.3119845,49.8063096],[19.3115632,49.8063824],[19.3114941,49.806553],[19.3112316,49.8066212],[19.310622,49.8069076],[19.3103555,49.806931],[19.3103409,49.8072233],[19.3103517,49.8075395],[19.3103696,49.8075603],[19.3109164,49.8075255],[19.3112729,49.807556],[19.3115485,49.8076537],[19.3117534,49.807765],[19.3120664,49.8081233],[19.3120049,49.8081968],[19.3124006,49.8083609],[19.3127168,49.8084308],[19.3130394,49.8087232],[19.3132538,49.8089426],[19.3140132,49.8096457],[19.3141732,49.8098833],[19.3142783,49.8100302],[19.3137296,49.8104166],[19.3135844,49.8105001],[19.313398,49.8106699],[19.3131673,49.8108481],[19.3131345,49.8108691],[19.3133498,49.8109467],[19.3118892,49.8108989],[19.3118831,49.8109702],[19.3113042,49.8110118],[19.3113,49.811133],[19.3107215,49.811058],[19.3106304,49.8112471],[19.3101768,49.8111762],[19.3102246,49.8112816],[19.310052,49.8114838],[19.3101145,49.8115895],[19.3099251,49.8116931],[19.309908,49.8117451],[19.3103079,49.8118617],[19.3105336,49.811896],[19.3104432,49.81209],[19.311717,49.8121855],[19.3129012,49.8126586],[19.3131394,49.8128543],[19.3133525,49.8127998],[19.3134139,49.8126035],[19.313488,49.8126269],[19.3135194,49.8126222],[19.3135995,49.8128401],[19.313076,49.8132892],[19.3130151,49.8134265],[19.3129947,49.8135408],[19.3133355,49.8136174],[19.3136654,49.8139229],[19.3139116,49.8142531],[19.3141697,49.8143283],[19.3141702,49.8143628],[19.3141151,49.8143796],[19.3141151,49.8143985],[19.3134796,49.8143436],[19.3133927,49.814376],[19.3131785,49.814371],[19.3131607,49.8145599]]],[[[19.2032863,49.8355952],[19.2029594,49.8356554],[19.202996,49.8362225],[19.203047,49.8367216],[19.2023026,49.8392004],[19.2018953,49.8402118],[19.2008774,49.8417699],[19.1996461,49.8422774],[19.1966208,49.8415237],[19.1950534,49.8411835],[19.189253,49.8396073],[19.1891308,49.8393405],[19.1892057,49.8390017],[19.1888917,49.8384775],[19.1882329,49.8383215],[19.1879674,49.8383164],[19.1875476,49.8384941],[19.1870503,49.8386448],[19.186872,49.8385905],[19.1867411,49.8384284],[19.1867327,49.8382426],[19.1859106,49.8376329],[19.185554,49.8374538],[19.1853793,49.8372691],[19.1852185,49.8371252],[19.1848379,49.8371375],[19.1845257,49.8372552],[19.1842395,49.837248],[19.1835575,49.8371696],[19.1829421,49.8372118],[19.1824213,49.8372046],[19.1823107,49.8366974],[19.1820286,49.836318],[19.1818565,49.835799],[19.1815053,49.8354088],[19.1811438,49.8356116],[19.1809103,49.8356043],[19.1806701,49.8353927],[19.1804298,49.8349877],[19.180249,49.8343151],[19.1800391,49.8341441],[19.1784864,49.8370205],[19.1776205,49.8375688],[19.1774639,49.8381313],[19.1769369,49.8385005],[19.1769523,49.839126],[19.1761609,49.8404779],[19.1755651,49.8404521],[19.1742914,49.840278],[19.1742714,49.8408233],[19.1708738,49.8398203],[19.1705353,49.8392788],[19.1687718,49.8375601],[19.1680792,49.8365915],[19.1669724,49.8388036],[19.1665828,49.8387369],[19.1658851,49.8385479],[19.1654785,49.8382519],[19.1646412,49.8382572],[19.1639687,49.8378952],[19.1634,49.8375732],[19.1623372,49.8376044],[19.1619509,49.8364052],[19.1617058,49.8361604],[19.1616882,49.8359079],[19.1618157,49.8357376],[19.1618632,49.8350812],[19.1619905,49.8346256],[19.1620068,49.8343476],[19.1619988,49.8339889],[19.1621705,49.8339076],[19.1645,49.8325315],[19.1554205,49.8290479],[19.1551856,49.8288499],[19.1551577,49.8286289],[19.1546788,49.8281057],[19.1539511,49.8271788],[19.1533816,49.8263674],[19.1521651,49.8262866],[19.1519729,49.8263426],[19.1517332,49.826568],[19.1516642,49.8269756],[19.1516484,49.8279724],[19.1505804,49.826469],[19.1501831,49.8261943],[19.1498356,49.8260374],[19.1495037,49.8259604],[19.149281,49.8260897],[19.1490464,49.8263112],[19.1489895,49.8266826],[19.148773,49.8269281],[19.1482681,49.8274426],[19.1483486,49.828503],[19.1458982,49.8285197],[19.1454963,49.8284376],[19.1443593,49.8279838],[19.1433517,49.8271589],[19.1429184,49.8269543],[19.1426042,49.8269133],[19.1419115,49.826839],[19.140615,49.8264911],[19.139327,49.8260152],[19.1378922,49.8256333],[19.1369891,49.8256992],[19.1361826,49.8258314],[19.1353854,49.8259088],[19.1351834,49.8259926],[19.1347352,49.8255483],[19.1345092,49.8253727],[19.1339777,49.8247438],[19.1334768,49.8247055],[19.1330661,49.8243602],[19.1326879,49.8239346],[19.1326224,49.8236964],[19.1328,49.8233587],[19.1327364,49.8231046],[19.1323758,49.8229185],[19.1320752,49.822709],[19.132095,49.8223676],[19.1321531,49.8221723],[19.1316683,49.8223535],[19.1310646,49.8215529],[19.1306366,49.8202099],[19.1305776,49.8198591],[19.1303436,49.8191582],[19.1302432,49.8185951],[19.1300448,49.8181637],[19.1296917,49.8172992],[19.1295884,49.816942],[19.1290233,49.8165004],[19.128329,49.8161202],[19.1276597,49.8155893],[19.1257404,49.815936],[19.1251441,49.816021],[19.1240441,49.8160979],[19.1232302,49.8162041],[19.1227039,49.8163713],[19.1223876,49.8165533],[19.1228306,49.8167309],[19.1228684,49.8168783],[19.1217564,49.8176864],[19.1210941,49.8181972],[19.1159861,49.8192748],[19.1153018,49.8188136],[19.1148953,49.8186421],[19.1143349,49.8186144],[19.113505,49.8185891],[19.1111819,49.8157912],[19.1107636,49.815812],[19.1103747,49.8157471],[19.1101197,49.8150659],[19.1098204,49.814106],[19.1095471,49.8139556],[19.1091463,49.8139119],[19.1081338,49.8132426],[19.1072892,49.8125259],[19.1066877,49.811631],[19.1062937,49.811289],[19.1059731,49.8109061],[19.1057376,49.8103558],[19.1048831,49.8096612],[19.104615,49.8089259],[19.1044697,49.8081892],[19.1032034,49.8076712],[19.1028184,49.807221],[19.1019261,49.806842],[19.1017298,49.8063437],[19.1013455,49.805876],[19.1008419,49.8053608],[19.0998039,49.8047652],[19.0998043,49.8040671],[19.0998212,49.8036138],[19.0999792,49.8031132],[19.1002264,49.8027877],[19.09743,49.8017438],[19.0966306,49.7982468],[19.0972291,49.7983899],[19.0984779,49.7989355],[19.1001105,49.7996862],[19.1000006,49.7990885],[19.0988072,49.798216],[19.0980844,49.7977997],[19.0975579,49.7975833],[19.0969746,49.7974333],[19.0967655,49.7968807],[19.1016686,49.7959516],[19.1018311,49.7952402],[19.1032205,49.7952515],[19.1034973,49.7950705],[19.1039073,49.7949095],[19.1051395,49.7944442],[19.107125,49.794514],[19.1083956,49.7947129],[19.1056102,49.7928599],[19.1039692,49.7928871],[19.1027334,49.7921574],[19.1017356,49.791793],[19.1016323,49.7916875],[19.1016656,49.7914383],[19.1000699,49.7910815],[19.0876432,49.7914816],[19.0860636,49.791614],[19.0833478,49.7903862],[19.0833977,49.7881345],[19.082839,49.786084],[19.0829679,49.7831019],[19.0851646,49.7799444],[19.0855796,49.7798675],[19.0858553,49.7798255],[19.0862437,49.7794555],[19.086377,49.7792452],[19.0863838,49.7790249],[19.0861458,49.7788664],[19.0860484,49.7786333],[19.0871137,49.7787377],[19.0879334,49.7789241],[19.0882829,49.7791593],[19.0889544,49.7791747],[19.0921519,49.7786884],[19.0923524,49.778569],[19.0923524,49.7783252],[19.0919275,49.7779772],[19.090868,49.7776943],[19.0897976,49.7774026],[19.0883761,49.7768261],[19.0874122,49.7763976],[19.0900519,49.7734107],[19.0903278,49.7734348],[19.0909599,49.7737591],[19.091145,49.7738955],[19.0945213,49.7732505],[19.0960235,49.7713377],[19.0980631,49.7684679],[19.0990382,49.7680388],[19.0996201,49.7678258],[19.1002931,49.7676453],[19.1008928,49.76714],[19.1012402,49.7669528],[19.1040811,49.7657155],[19.1063021,49.7647868],[19.1102635,49.7625228],[19.111046,49.762109],[19.1115469,49.7621874],[19.112363,49.7620122],[19.1129,49.7619491],[19.1138149,49.7619016],[19.1142839,49.7618706],[19.1146955,49.7617361],[19.1150869,49.7613657],[19.1151175,49.7608503],[19.115969,49.759195],[19.1170387,49.7585502],[19.1214299,49.7549499],[19.1251618,49.7514839],[19.1270813,49.7496614],[19.1290628,49.7477967],[19.1305174,49.746446],[19.1295947,49.7449591],[19.1300957,49.7447493],[19.1301381,49.7442854],[19.1301614,49.7435594],[19.1303799,49.7433096],[19.1305384,49.743119],[19.1305909,49.74281],[19.1306464,49.7426642],[19.1314909,49.7431988],[19.1317567,49.7437254],[19.1318334,49.7441928],[19.1327999,49.7446088],[19.1335024,49.7450384],[19.1338945,49.7454378],[19.1344413,49.7455096],[19.1351394,49.7457613],[19.1354621,49.7460397],[19.1362098,49.7464709],[19.1368458,49.7467663],[19.1372606,49.7468723],[19.1376663,49.7469978],[19.1378493,49.7470603],[19.1381578,49.7467839],[19.1385737,49.7462486],[19.1388002,49.7460981],[19.1390967,49.7459914],[19.1391092,49.7458451],[19.1392412,49.7457235],[19.1394757,49.7455399],[19.1397213,49.7454284],[19.1398516,49.7453787],[19.1400235,49.7453932],[19.1401802,49.745484],[19.1402657,49.7456103],[19.1402993,49.7458969],[19.1403072,49.7461306],[19.1406025,49.7462603],[19.1407521,49.7457291],[19.140918,49.7454741],[19.1412973,49.7451009],[19.1415559,49.7447492],[19.1417172,49.744514],[19.141978,49.7442947],[19.1421714,49.7439411],[19.1419247,49.743334],[19.1419237,49.7430936],[19.1421454,49.7430519],[19.1424834,49.7427124],[19.142203,49.7416205],[19.1421682,49.7413399],[19.1425043,49.7408851],[19.142523,49.740662],[19.1426524,49.7405408],[19.1431857,49.7405568],[19.14333,49.7403643],[19.1433368,49.7398992],[19.1433221,49.7395433],[19.1428656,49.7391866],[19.1432941,49.7392143],[19.1432992,49.7392011],[19.1436084,49.7395445],[19.1437253,49.7396966],[19.144447,49.740093],[19.1448519,49.7403926],[19.1451484,49.7406676],[19.1519602,49.7398432],[19.1532031,49.7388816],[19.1527741,49.7382796],[19.1527073,49.7380097],[19.1529446,49.7374183],[19.1530932,49.7372559],[19.1532838,49.7371733],[19.1538342,49.7370888],[19.1539965,49.7368252],[19.1541631,49.7366426],[19.1547328,49.7365396],[19.1547209,49.7367832],[19.1550126,49.7370969],[19.1553167,49.7375218],[19.1557824,49.7377934],[19.1561456,49.7377402],[19.1563414,49.7376992],[19.1564768,49.7378058],[19.1565165,49.7379174],[19.1567157,49.7379527],[19.1570736,49.7378952],[19.1576267,49.7378214],[19.1580673,49.7378429],[19.1584973,49.7382152],[19.1588849,49.7385929],[19.159184,49.7386172],[19.1593199,49.7384857],[19.1600265,49.7371685],[19.1623532,49.7377112],[19.16262,49.7371877],[19.1628052,49.7361969],[19.1634411,49.7356129],[19.1638498,49.7347808],[19.1640348,49.7343047],[19.1642287,49.7339537],[19.1642261,49.7335259],[19.1643946,49.7333687],[19.1645689,49.7331725],[19.170939,49.7342904],[19.172045,49.7338765],[19.1728942,49.7333315],[19.1750544,49.7317543],[19.1778154,49.7307288],[19.2037267,49.7383359],[19.2039206,49.7406679],[19.2036834,49.7449356],[19.2039628,49.7455994],[19.2045638,49.7467304],[19.2050665,49.7474638],[19.2035434,49.7482435],[19.2023963,49.7483818],[19.2009399,49.748425],[19.1978213,49.7487108],[19.1973591,49.7479681],[19.1969545,49.7474488],[19.1968774,49.7465253],[19.1920324,49.7472463],[19.1924194,49.7479715],[19.1931182,49.7486111],[19.1932142,49.74888],[19.1928096,49.7490313],[19.1918578,49.7491115],[19.1908637,49.749231],[19.1898597,49.7495366],[19.1887763,49.7497951],[19.1880466,49.7497745],[19.1876988,49.7492288],[19.1872187,49.7488136],[19.1847366,49.7495352],[19.1818867,49.7510494],[19.1895161,49.7511602],[19.1902072,49.7509443],[19.190822,49.7507353],[19.1923332,49.7507139],[19.1931552,49.7506954],[19.1949494,49.7521207],[19.1947764,49.7541464],[19.1990592,49.7556127],[19.1983018,49.759057],[19.1993158,49.7590558],[19.1999922,49.7589492],[19.2011528,49.7584651],[19.2027145,49.7579474],[19.2037978,49.7578046],[19.2047281,49.7589035],[19.2039536,49.7591697],[19.2032722,49.7594752],[19.2032229,49.7596719],[19.2033792,49.7600666],[19.2035802,49.7599124],[19.2038985,49.7598526],[19.2043616,49.7598492],[19.2047532,49.7599166],[19.2058732,49.7603055],[19.2070837,49.7606159],[19.2076259,49.7608781],[19.2079092,49.7609491],[19.2084176,49.7606309],[19.2088484,49.7606559],[19.20909,49.7609545],[19.2089386,49.761358],[19.2089915,49.7616199],[19.2091113,49.7617624],[19.2089123,49.761817],[19.2084348,49.7619341],[19.2080812,49.7620915],[19.2077226,49.7622607],[19.2074186,49.7624981],[19.2072026,49.7626917],[19.2069789,49.7630159],[19.206883,49.7631729],[19.2066678,49.7632869],[19.2060754,49.7635504],[19.2056193,49.7639131],[19.2054363,49.7642765],[19.2047126,49.7643838],[19.2041713,49.7644547],[19.2031036,49.7646271],[19.2023423,49.7646561],[19.2012053,49.7652598],[19.2010166,49.7682438],[19.2011412,49.7682823],[19.2016675,49.7685256],[19.2018605,49.7686822],[19.201465,49.7690831],[19.2013618,49.7694146],[19.2011983,49.7701671],[19.2011075,49.7708967],[19.2011639,49.7716697],[19.2014119,49.7737351],[19.1995186,49.7742762],[19.1982233,49.7747431],[19.1977144,49.7748338],[19.1970674,49.7748734],[19.1954461,49.7750397],[19.1946295,49.775193],[19.1937663,49.7752252],[19.1952438,49.7756618],[19.1955156,49.7761092],[19.1960839,49.7764351],[19.1964313,49.7766526],[19.1964196,49.7772029],[19.1965269,49.7773304],[19.1968271,49.7774822],[19.1976498,49.7778821],[19.1970886,49.7782021],[19.1969777,49.7784053],[19.1969901,49.7785865],[19.1972025,49.7787613],[19.1972736,49.7788832],[19.1969075,49.7788257],[19.1960492,49.7788275],[19.1954266,49.7787714],[19.1949004,49.7787042],[19.1943582,49.7786193],[19.1939539,49.7784613],[19.1937337,49.7784964],[19.193749,49.7802905],[19.1933985,49.780322],[19.1933069,49.780632],[19.1932708,49.7810057],[19.1931936,49.7813294],[19.1926616,49.7818138],[19.1921676,49.7821552],[19.1920315,49.782487],[19.1918421,49.782848],[19.1912787,49.7829003],[19.1916786,49.7830801],[19.1922929,49.7834494],[19.1926461,49.7838446],[19.1933669,49.7843165],[19.1922079,49.7851403],[19.1891736,49.7852682],[19.1885865,49.7852077],[19.1881098,49.7851843],[19.1876956,49.7850879],[19.1870346,49.7848001],[19.1862769,49.7848175],[19.1841055,49.7847137],[19.1834579,49.7843791],[19.1828304,49.7843376],[19.1802986,49.7843826],[19.1775826,49.7846575],[19.1761592,49.7839604],[19.1757928,49.7837239],[19.1757334,49.7833413],[19.1758829,49.7832649],[19.1760527,49.7832139],[19.1759826,49.7825811],[19.1758797,49.782354],[19.1758605,49.7820671],[19.1761057,49.7817503],[19.1761075,49.7814099],[19.174263,49.7818869],[19.1719389,49.7824304],[19.1694478,49.7828747],[19.168288,49.7829609],[19.1671763,49.7829838],[19.1661423,49.783046],[19.1658076,49.7824612],[19.1656392,49.7818803],[19.1612709,49.7799969],[19.1589424,49.7784218],[19.1570491,49.7790163],[19.1551762,49.7798076],[19.1548832,49.7791567],[19.1543599,49.7785468],[19.1534088,49.7784542],[19.1527872,49.7785112],[19.1518525,49.7783635],[19.1512346,49.7783705],[19.1512098,49.7784309],[19.151982,49.7785593],[19.1526166,49.7788237],[19.1532865,49.7792248],[19.1537874,49.7795994],[19.1538044,49.7798741],[19.1543471,49.780824],[19.1547017,49.7813724],[19.1551703,49.7816978],[19.1555243,49.7819181],[19.1556182,49.7821113],[19.1562846,49.7827645],[19.1564565,49.7832799],[19.1565464,49.7851529],[19.1509335,49.787765],[19.1501526,49.7877075],[19.1496543,49.7877299],[19.1495261,49.7880763],[19.1492357,49.7883263],[19.1487392,49.7884222],[19.1478674,49.7894677],[19.147916,49.7912565],[19.1479117,49.7923672],[19.1509651,49.7959417],[19.151025,49.7952578],[19.1511391,49.7949353],[19.1516374,49.7945548],[19.1520221,49.7941961],[19.1525433,49.7940503],[19.153336,49.7928487],[19.1541992,49.7917381],[19.1567549,49.791807],[19.1704443,49.789539],[19.1754293,49.7880214],[19.176099,49.7878464],[19.1778762,49.787851],[19.1784876,49.7878845],[19.1792131,49.7880946],[19.1805195,49.7885452],[19.1822419,49.7892982],[19.1839502,49.7902266],[19.1854073,49.7905448],[19.1856815,49.790421],[19.1865004,49.7896097],[19.187174,49.7891936],[19.1889685,49.7886261],[19.187325,49.7911672],[19.1869718,49.7942653],[19.1846411,49.7992217],[19.18285,49.7999363],[19.1825077,49.800723],[19.1820566,49.8008676],[19.1809749,49.800902],[19.1796976,49.8012067],[19.1788409,49.800993],[19.1783849,49.8009429],[19.1774092,49.8011367],[19.1762115,49.8009837],[19.1754227,49.8010001],[19.1727956,49.8014099],[19.1711997,49.8015106],[19.1688066,49.8016239],[19.1684197,49.8017012],[19.1679504,49.8018103],[19.1654703,49.8018748],[19.1647111,49.8020472],[19.1645721,49.8021827],[19.1755885,49.8064776],[19.1801835,49.805633],[19.1797079,49.805761],[19.1795321,49.8059092],[19.1794571,49.8064219],[19.1792539,49.8070692],[19.1788877,49.808091],[19.1787674,49.8092517],[19.1785733,49.8101313],[19.1775894,49.8112275],[19.1817236,49.8114563],[19.1838124,49.8115667],[19.1843583,49.8111478],[19.1850226,49.8102764],[19.1856148,49.8097084],[19.1866135,49.8093184],[19.1874269,49.8086906],[19.1930754,49.8073873],[19.1918764,49.8067222],[19.1915377,49.8065188],[19.1917411,49.8051033],[19.191959,49.8038335],[19.192407,49.8040857],[19.1932833,49.8047133],[19.1946373,49.8057148],[19.1956608,49.8062987],[19.1972422,49.8069712],[19.1980405,49.8072816],[19.1986161,49.8075816],[19.1986869,49.8083406],[19.1990195,49.80868],[19.1995322,49.8088647],[19.2012216,49.8082709],[19.2076601,49.8102262],[19.206607,49.8107395],[19.2052731,49.8116874],[19.2064388,49.8121579],[19.2078687,49.8126971],[19.2102765,49.8133444],[19.210896,49.8168624],[19.2111904,49.8167956],[19.2116966,49.8167846],[19.2113966,49.8171397],[19.2113444,49.8181556],[19.2105573,49.8188425],[19.2104979,49.8213255],[19.2103949,49.8226203],[19.2102384,49.8242569],[19.209904,49.8248918],[19.2096562,49.8254297],[19.2092204,49.8257096],[19.2086026,49.8261157],[19.2081152,49.8263431],[19.2079885,49.8264451],[19.2077927,49.8271859],[19.2077013,49.8276662],[19.2081545,49.8279108],[19.2082791,49.8281063],[19.2083111,49.8285075],[19.208286,49.8290144],[19.2083271,49.8293386],[19.208657,49.8295813],[19.2084181,49.8322887],[19.2070699,49.8345226],[19.2070116,49.8350182],[19.2072102,49.835229],[19.2074075,49.8353051],[19.2067916,49.8353589],[19.2062158,49.8353709],[19.2058845,49.8354337],[19.2048733,49.835426],[19.20426,49.835443],[19.2036605,49.8355019],[19.2032863,49.8355952]]]]},"id":"relation/19589529"},{"type":"Feature","properties":{"@id":"relation/21061905","_SITE_CODE_":"116183.0","area:size:ha":"336.6","boundary":"protected_area","leisure":"nature_reserve","name":"Rezerwat Madohora","name:en":"Madohora Nature Reserve","name:pl":"Rezerwat Madohora","operator":"Regionalny Konserwator Przyrody w Katowicach w części położonej na terenie województwa śląskiego.","protect_class":"4","protection_title":"Rezerwat przyrody","protection_title:en":"Nature Reserve","ref:inspire":"PL.ZIPOP.1393.RP.930","related_law":"Zarządzenia Regionalnego Dyrektora Ochrony Środowiska w Katowicach z dnia 11 czerwca 2026 r. w sprawie rezerwatu przyrody „Madohora” (Dz. Urz. Woj. Śląskiego z 2026 r. poz. 3788)","source":"GDOŚ CRFOP","start_date":"1960-03-17","type":"boundary","wikidata":"Q9308883","wikipedia":"pl:Rezerwat przyrody Madohora"},"geometry":{"type":"Polygon","coordinates":[[[19.3991371,49.7765148],[19.3985977,49.7764641],[19.3959839,49.7759161],[19.3959182,49.7756436],[19.3960931,49.7754605],[19.3963014,49.7753254],[19.3963689,49.7751191],[19.39656,49.7751088],[19.3968162,49.7750161],[19.3966728,49.7748652],[19.3966632,49.7747186],[19.3967264,49.7746457],[19.3969898,49.7745554],[19.3967855,49.7743678],[19.3968011,49.7742872],[19.3970115,49.7740914],[19.3970086,49.7740707],[19.3967631,49.7739152],[19.3965262,49.7740025],[19.3964418,49.773803],[19.3960728,49.7732706],[19.3956964,49.7734027],[19.3954097,49.7732585],[19.3951881,49.7730098],[19.3948115,49.7727894],[19.3944349,49.7729867],[19.3941123,49.7731677],[19.3937093,49.7731905],[19.3936726,49.7732756],[19.3924881,49.7729371],[19.3923755,49.7727256],[19.3922029,49.7725003],[19.3919566,49.7722858],[19.3915969,49.7720254],[19.3911302,49.7717889],[19.391005,49.7718224],[19.3905423,49.771766],[19.3902659,49.7712646],[19.3904102,49.7711585],[19.3906669,49.7711317],[19.3909984,49.7711363],[19.3913255,49.771254],[19.3915224,49.7711298],[19.3916252,49.771052],[19.3917654,49.7707008],[19.3917802,49.7706236],[19.3916567,49.7704441],[19.3917673,49.7701747],[19.3920569,49.7699635],[19.3922435,49.7697448],[19.3918647,49.7693813],[19.3916722,49.7693351],[19.3914617,49.7692942],[19.3909268,49.7691454],[19.3904317,49.7691686],[19.3898777,49.7691751],[19.3895827,49.7692187],[19.388758,49.7693147],[19.3886691,49.7692249],[19.388947,49.7691287],[19.3876316,49.7688514],[19.3879952,49.7681463],[19.3873432,49.7680886],[19.3868083,49.7682768],[19.386394,49.7682474],[19.3862282,49.7681706],[19.3856945,49.7678114],[19.3856063,49.7677238],[19.3850333,49.7674441],[19.3850038,49.7673225],[19.3849364,49.7672667],[19.3846389,49.7671988],[19.3845239,49.7671676],[19.3844543,49.7669752],[19.3841804,49.766723],[19.3840041,49.7664361],[19.3837575,49.7663493],[19.383704,49.7662912],[19.3836705,49.7660627],[19.3835449,49.7658447],[19.3828895,49.7654127],[19.3825182,49.7650965],[19.3823496,49.7649042],[19.3820028,49.7646405],[19.3818291,49.7645641],[19.3813651,49.7642288],[19.3812883,49.7641138],[19.3803224,49.7635925],[19.3799553,49.7632568],[19.3799248,49.7631101],[19.3798577,49.7630016],[19.3794951,49.762735],[19.3794252,49.7626426],[19.3792956,49.7626125],[19.3790305,49.7624594],[19.3786271,49.762006],[19.3784767,49.7619722],[19.3782566,49.7617427],[19.3776527,49.7618511],[19.3775148,49.76185],[19.3772914,49.7617834],[19.377168,49.7617251],[19.3780245,49.7615925],[19.378351,49.7615043],[19.378578,49.7613995],[19.3800234,49.7612531],[19.3808712,49.7612407],[19.3819477,49.760854],[19.3823093,49.7606464],[19.3826299,49.7605829],[19.3831321,49.7606802],[19.3841493,49.7607369],[19.3846671,49.7606132],[19.385169,49.7604342],[19.3860865,49.7599636],[19.3866318,49.759569],[19.3878221,49.7589394],[19.3886755,49.7587181],[19.3890524,49.7584645],[19.3894496,49.758122],[19.3898296,49.7579201],[19.3899847,49.7577372],[19.3906665,49.7570873],[19.3920721,49.756418],[19.39275,49.7554964],[19.3924414,49.7552785],[19.3921787,49.7551068],[19.3921081,49.7550275],[19.3919846,49.7549374],[19.392076,49.7544608],[19.3921507,49.7542833],[19.392147,49.7541728],[19.3921908,49.7542651],[19.3925163,49.7540285],[19.3923092,49.7537899],[19.392212,49.7537827],[19.3925589,49.7535257],[19.3929946,49.7533548],[19.3943841,49.7526511],[19.3960051,49.7520552],[19.3961871,49.7519446],[19.3967793,49.7512801],[19.3970396,49.7511678],[19.3976814,49.7506652],[19.4000405,49.7498512],[19.4011455,49.7493143],[19.4011623,49.7492715],[19.4021853,49.7488061],[19.4029721,49.7483555],[19.403505,49.7482613],[19.4048995,49.7476042],[19.4052444,49.7475714],[19.4056622,49.7477638],[19.4049829,49.7486785],[19.404838,49.7489856],[19.4047994,49.7492627],[19.4050883,49.7492238],[19.4052665,49.7494332],[19.4049943,49.7497246],[19.4050465,49.7499632],[19.4045767,49.7503984],[19.404065,49.7508449],[19.4040428,49.7509246],[19.4040224,49.7511453],[19.403818,49.7515189],[19.403768,49.7518612],[19.4037952,49.7520278],[19.4039663,49.7524133],[19.4040023,49.7527252],[19.4042435,49.7529735],[19.4049921,49.7537643],[19.4051762,49.7540414],[19.405289,49.7542223],[19.405508,49.7543056],[19.4057768,49.754175],[19.4060743,49.7540712],[19.406607,49.7539369],[19.4068765,49.7538947],[19.4074039,49.7537847],[19.4074103,49.753578],[19.4072719,49.7532839],[19.4072072,49.7531626],[19.4074446,49.7532043],[19.4077936,49.7533542],[19.4079857,49.7533569],[19.4082944,49.753194],[19.40861,49.7528202],[19.4090894,49.7523294],[19.4090972,49.7521898],[19.4090242,49.7521338],[19.4085532,49.7518919],[19.4077548,49.7517166],[19.4070824,49.751617],[19.4067476,49.7517229],[19.4064023,49.7518082],[19.4057853,49.7520857],[19.4055271,49.7519021],[19.4053115,49.751756],[19.4050312,49.7517895],[19.4048713,49.751748],[19.404489,49.7516764],[19.4046054,49.7514342],[19.4047578,49.7512093],[19.4054191,49.7510112],[19.4060123,49.7509663],[19.406257,49.7507692],[19.4066142,49.7503565],[19.4071937,49.7502567],[19.4075691,49.7501441],[19.4079996,49.7500547],[19.4081367,49.7500222],[19.4086361,49.7497843],[19.4087733,49.7497098],[19.4093156,49.7493941],[19.4096445,49.7491374],[19.4101606,49.7486665],[19.410299,49.748565],[19.4107803,49.7482707],[19.4110596,49.7483457],[19.4110819,49.7484778],[19.4109941,49.7486052],[19.4109401,49.7487139],[19.4107784,49.7490909],[19.4106749,49.7494972],[19.4106658,49.7498649],[19.4109003,49.7503102],[19.4112776,49.7502102],[19.4112466,49.7498875],[19.4111859,49.7494837],[19.4112157,49.7493051],[19.4112748,49.7491205],[19.4114341,49.7489174],[19.4115809,49.7490501],[19.4117266,49.7491617],[19.4118183,49.7492658],[19.4119845,49.749395],[19.4123713,49.7495917],[19.4126534,49.7497254],[19.4127758,49.7497924],[19.4130073,49.749993],[19.413342,49.7502648],[19.414028,49.7507814],[19.4141316,49.7510043],[19.4142628,49.7514059],[19.4141691,49.7516855],[19.4144564,49.751929],[19.4148302,49.7521959],[19.4149195,49.7523397],[19.4149603,49.7526443],[19.4148676,49.7529981],[19.4149118,49.7531646],[19.4149411,49.7532361],[19.4151465,49.7533778],[19.4152609,49.7535552],[19.4151477,49.7537615],[19.4151436,49.7538999],[19.4152666,49.7541085],[19.4148955,49.754388],[19.4147852,49.7544666],[19.4147025,49.7548636],[19.4145081,49.755456],[19.4149911,49.7560383],[19.4155318,49.7561757],[19.4155439,49.7567991],[19.4154594,49.7573051],[19.4150071,49.757884],[19.4146268,49.7583183],[19.4144502,49.7588607],[19.4141877,49.7593533],[19.4140788,49.7597534],[19.4137239,49.7602133],[19.4135794,49.760939],[19.4133029,49.7613677],[19.4127207,49.7617391],[19.4126162,49.7621001],[19.4124093,49.7624945],[19.4121666,49.762838],[19.4120947,49.7633129],[19.412096,49.7633709],[19.4120274,49.7633696],[19.4116783,49.7634472],[19.4113467,49.7635504],[19.410824,49.7637357],[19.4098174,49.7640488],[19.4090437,49.7643426],[19.4090684,49.7643674],[19.4091324,49.7649082],[19.4091616,49.7651052],[19.4095407,49.7654587],[19.4096523,49.7661406],[19.4096613,49.7662418],[19.4092894,49.7662657],[19.4091936,49.7663011],[19.4085263,49.7670996],[19.4086299,49.7674966],[19.40847,49.7676491],[19.4077431,49.7677511],[19.4075879,49.7680337],[19.4077018,49.7682615],[19.408047,49.7685962],[19.4083893,49.7690152],[19.4085419,49.7694622],[19.4091867,49.7694799],[19.4098045,49.7694237],[19.4102021,49.7693336],[19.4103141,49.7697397],[19.4102178,49.7700821],[19.4102507,49.7704901],[19.4103775,49.7705992],[19.410572,49.7707505],[19.4107361,49.7710469],[19.4107401,49.7711106],[19.410766,49.7712675],[19.4107438,49.7715143],[19.4107051,49.7716538],[19.4106172,49.7717617],[19.410531,49.7718936],[19.4104589,49.7720516],[19.4103186,49.7722652],[19.4103293,49.7723838],[19.4103106,49.7724797],[19.4102262,49.7726274],[19.4101205,49.7727845],[19.4100593,49.7729568],[19.4100887,49.7732004],[19.4102012,49.7732931],[19.4100916,49.773315],[19.40946,49.7733911],[19.4090403,49.7733462],[19.4088043,49.7733825],[19.4083172,49.7735908],[19.4080389,49.7737521],[19.4079576,49.7737934],[19.4077814,49.7738259],[19.4076477,49.7739001],[19.4073008,49.7741843],[19.4069124,49.7743385],[19.4064506,49.774432],[19.4063181,49.7746217],[19.405675,49.7748252],[19.4051519,49.7748143],[19.4043659,49.7748221],[19.4041396,49.7750333],[19.4036731,49.7750857],[19.4034894,49.775224],[19.4032467,49.7752822],[19.4028573,49.7755716],[19.40229,49.7757254],[19.4016125,49.7758939],[19.4011818,49.7760448],[19.4004647,49.7763193],[19.3998332,49.7767144],[19.3991371,49.7765148]],[[19.407293,49.7572432],[19.4071942,49.7572219],[19.4069396,49.7571779],[19.4066051,49.7572634],[19.4063701,49.7574132],[19.4060779,49.7575419],[19.4061055,49.7577948],[19.4066709,49.7579542],[19.4070636,49.7577753],[19.4071086,49.7577217],[19.4073045,49.7574589],[19.407293,49.7572432]],[[19.4065842,49.7584088],[19.4063008,49.7582015],[19.4058531,49.7584005],[19.4057596,49.7584661],[19.4057519,49.758592],[19.4061645,49.7589748],[19.4064809,49.7593139],[19.4067073,49.7594964],[19.407079,49.7593575],[19.4071157,49.7591366],[19.4069318,49.7588994],[19.4065842,49.7584088]],[[19.4058954,49.7609721],[19.4054609,49.7612039],[19.4058447,49.7614695],[19.4060796,49.7617609],[19.4062121,49.7617907],[19.4066394,49.7618422],[19.4073303,49.7614741],[19.4073542,49.7613427],[19.4072152,49.7612605],[19.4069104,49.760973],[19.4064666,49.7606804],[19.4058954,49.7609721]],[[19.3993664,49.7560611],[19.399788,49.7561892],[19.3998689,49.756309],[19.3995562,49.7568801],[19.3999505,49.7572343],[19.4002326,49.7574672],[19.4008507,49.7576985],[19.4012135,49.7578721],[19.401711,49.7581766],[19.4021619,49.7583271],[19.4021947,49.7582312],[19.4021173,49.7580027],[19.402081,49.7573622],[19.4017485,49.7571713],[19.401553,49.7570027],[19.4013459,49.7568364],[19.4012965,49.7566278],[19.4012058,49.7564813],[19.4010284,49.7562412],[19.4012006,49.7561576],[19.4013191,49.7560258],[19.4013281,49.7558566],[19.4011116,49.7556701],[19.4007805,49.7556463],[19.3998636,49.7556209],[19.3997024,49.7556195],[19.3995041,49.7558436],[19.3993664,49.7560611]],[[19.3973886,49.7578475],[19.3972374,49.7580082],[19.397137,49.7581303],[19.3976186,49.7583314],[19.397705,49.7583292],[19.3982202,49.7585097],[19.3985929,49.7583223],[19.3988526,49.7580541],[19.3990831,49.7577722],[19.3993848,49.7575104],[19.3992953,49.7569473],[19.3990133,49.7569914],[19.398637,49.7572261],[19.3985344,49.7573006],[19.3982285,49.7573896],[19.397987,49.7573416],[19.3978387,49.757276],[19.3975676,49.7575895],[19.3973886,49.7578475]],[[19.3991824,49.7677796],[19.3994888,49.7678495],[19.3997572,49.7673923],[19.399743,49.7671884],[19.3995318,49.7668768],[19.3991282,49.7665494],[19.3986948,49.7663605],[19.3982403,49.766201],[19.3979675,49.7663166],[19.3979891,49.7665294],[19.3983852,49.766784],[19.3987815,49.7673208],[19.3988388,49.7675171],[19.3990603,49.7676481],[19.3991824,49.7677796]],[[19.3980152,49.7670585],[19.3976188,49.7672128],[19.3973681,49.7673913],[19.3972562,49.7675141],[19.3974614,49.7676593],[19.3977186,49.7680062],[19.3980162,49.7683325],[19.3982459,49.7683654],[19.3983824,49.7684279],[19.3990021,49.7685114],[19.3992077,49.7683635],[19.3992623,49.768153],[19.3986465,49.7676854],[19.3984225,49.7674731],[19.3983935,49.7672705],[19.3980152,49.7670585]],[[19.400273,49.7693665],[19.3996027,49.7694874],[19.4001198,49.7699201],[19.4001971,49.7701456],[19.4003555,49.7703368],[19.4005289,49.7707443],[19.4008222,49.770775],[19.4013357,49.7707214],[19.4014629,49.7705639],[19.4014209,49.7702668],[19.4014681,49.7700108],[19.4011227,49.7696188],[19.4006709,49.769333],[19.400273,49.7693665]],[[19.3986169,49.7695559],[19.3984432,49.7697287],[19.3979598,49.7699449],[19.3977535,49.7704579],[19.3977023,49.7707792],[19.3981709,49.7710789],[19.3988356,49.7707977],[19.3990351,49.7707709],[19.3992786,49.7707302],[19.3995368,49.770548],[19.3996684,49.7700576],[19.3994065,49.7697491],[19.3990206,49.7696488],[19.3986169,49.7695559]],[[19.3975249,49.7714773],[19.3972816,49.7715399],[19.3970197,49.7716362],[19.3970807,49.7720687],[19.3971998,49.7720863],[19.3975659,49.7720445],[19.3980199,49.7719544],[19.398212,49.7717733],[19.3983719,49.7715782],[19.3982237,49.7714342],[19.3980141,49.7712795],[19.3975249,49.7714773]],[[19.4020601,49.7707276],[19.4018948,49.770847],[19.4017346,49.7710648],[19.4014731,49.7713792],[19.4014502,49.7717039],[19.4018372,49.7718921],[19.4027015,49.7714242],[19.4026547,49.7710673],[19.4026594,49.7707701],[19.4020601,49.7707276]],[[19.3973496,49.7729098],[19.3968845,49.7730139],[19.3966021,49.7733737],[19.3966226,49.7736601],[19.3968834,49.7738274],[19.397271,49.7736406],[19.3978439,49.7733864],[19.3980299,49.7732635],[19.39808,49.7731214],[19.3980948,49.7727798],[19.3977457,49.7729176],[19.3973496,49.7729098]]]},"id":"relation/21061905"},{"type":"Feature","properties":{"@id":"way/158243562","_SITE_CODE_":"177437.0","dog":"leashed","established":"2001","leisure":"nature_reserve","name":"Rezerwat Las Gościbia","protect_class":"4","protection_title":"Nature Reserve","protection_title:pl":"Rezerwat przyrody","source":"European Environment Agency","start_date":"2001-04-01","wikidata":"Q11834635","wikipedia":"pl:Rezerwat przyrody Las Gościbia"},"geometry":{"type":"Polygon","coordinates":[[[19.8248075,49.7979296],[19.8248988,49.7982145],[19.8245717,49.7988271],[19.8244337,49.7996228],[19.8244202,49.7997149],[19.8243498,49.8002095],[19.8240252,49.8010373],[19.8238079,49.8011403],[19.8232126,49.8013088],[19.8221698,49.8016806],[19.821349,49.801858],[19.8209548,49.8019256],[19.8201699,49.8020191],[19.8197369,49.8020709],[19.8189538,49.8021672],[19.8183061,49.8024057],[19.8181078,49.8024788],[19.8178185,49.8025279],[19.8177589,49.8025387],[19.8176103,49.8025659],[19.8174201,49.8026008],[19.8168099,49.8027123],[19.8163459,49.802828],[19.8150703,49.8032388],[19.8142705,49.8033409],[19.8134539,49.8034356],[19.8130587,49.8034876],[19.8127747,49.8035431],[19.8119526,49.8038519],[19.8115466,49.8043701],[19.811475,49.8044407],[19.8109494,49.8047691],[19.8103122,49.8050793],[19.8095435,49.8053028],[19.8088074,49.8053715],[19.8078937,49.8054729],[19.807032,49.8055927],[19.8067285,49.8056712],[19.8060538,49.8058291],[19.8053736,49.8060053],[19.8049941,49.8060461],[19.8046302,49.8059434],[19.8039046,49.8060233],[19.8037994,49.8061395],[19.8037147,49.8060538],[19.8037159,49.8060225],[19.8036663,49.8059651],[19.8036649,49.8059449],[19.8036404,49.8058743],[19.8035852,49.8057998],[19.803527,49.8057568],[19.8032924,49.8056887],[19.8031914,49.8056706],[19.8030291,49.8056716],[19.8029523,49.8056664],[19.8028816,49.8056143],[19.8029151,49.8053291],[19.8025369,49.8051935],[19.8022046,49.805041],[19.8022197,49.804933],[19.80214,49.8048266],[19.8019888,49.8046339],[19.8017286,49.8046295],[19.8015192,49.8044949],[19.8008462,49.8042341],[19.8006857,49.8042665],[19.8005986,49.8042688],[19.8004974,49.8042599],[19.8002957,49.8041773],[19.8002531,49.804141],[19.7998178,49.8035438],[19.7992921,49.8034141],[19.7992141,49.8033803],[19.7991311,49.8033341],[19.7990582,49.8032814],[19.7990037,49.8032534],[19.7988729,49.803252],[19.798761,49.8031894],[19.7987316,49.8030941],[19.7987661,49.8030383],[19.7987471,49.8029916],[19.7987101,49.8029487],[19.7986766,49.8029387],[19.7986281,49.8029327],[19.7985325,49.8029334],[19.7984275,49.8029607],[19.7983608,49.8029924],[19.7980402,49.8028595],[19.798,49.8028053],[19.7978846,49.8027521],[19.7977826,49.8026787],[19.7978257,49.8024631],[19.7976727,49.8024739],[19.7975718,49.8024316],[19.7974942,49.8024139],[19.7974469,49.8023962],[19.7973443,49.802395],[19.7972934,49.8024135],[19.7972767,49.802427],[19.7969928,49.8022739],[19.7968069,49.8021737],[19.7966239,49.8020322],[19.796745,49.801747],[19.7967849,49.801689],[19.7968314,49.8016267],[19.796713,49.8015628],[19.7964492,49.8015045],[19.7963352,49.801456],[19.7963419,49.8012154],[19.7963057,49.8011961],[19.7961029,49.8012247],[19.795982,49.8011801],[19.7958189,49.80112],[19.7956952,49.8010239],[19.7954925,49.8008893],[19.7948611,49.8007215],[19.7947652,49.8006897],[19.7946824,49.8006687],[19.7946252,49.8006373],[19.7945681,49.8006176],[19.7944909,49.8006032],[19.7944259,49.8005486],[19.7944207,49.8004897],[19.794419,49.8004863],[19.7944127,49.8003905],[19.7943939,49.8003572],[19.7943292,49.8003045],[19.7942409,49.8002632],[19.7941699,49.8001987],[19.7941331,49.8001705],[19.7940766,49.8001361],[19.7940014,49.8001167],[19.7939033,49.8001056],[19.7938363,49.8000893],[19.7937883,49.7999422],[19.7937514,49.7998742],[19.7937751,49.7998132],[19.7937637,49.799755],[19.7936955,49.7997302],[19.7935958,49.799688],[19.793535,49.7996727],[19.793463,49.7993938],[19.7935336,49.7993526],[19.7935478,49.7993014],[19.7935344,49.7992451],[19.793436,49.7991942],[19.7934593,49.7991252],[19.7933381,49.7990663],[19.7930656,49.7990496],[19.7931822,49.7989438],[19.7931672,49.7989314],[19.7931296,49.7989023],[19.7929833,49.7988044],[19.7931572,49.7986538],[19.7932427,49.7985423],[19.7931886,49.7985191],[19.7931971,49.7984655],[19.7932427,49.7984121],[19.7932653,49.7983118],[19.7932782,49.7982942],[19.7932669,49.7982125],[19.7932798,49.7981718],[19.7933069,49.798105],[19.7932668,49.7980585],[19.7933203,49.7979591],[19.7933712,49.7977107],[19.7934085,49.7976812],[19.7934428,49.7976126],[19.7935168,49.7975368],[19.7935474,49.7974814],[19.7935848,49.7974338],[19.7935961,49.7973865],[19.793516,49.7973041],[19.7934447,49.7972147],[19.7933335,49.7968448],[19.7930625,49.7965635],[19.7929152,49.7964104],[19.7926205,49.7962092],[19.7928742,49.7959396],[19.7927429,49.795799],[19.7926034,49.79565],[19.7924632,49.7955101],[19.7922669,49.795315],[19.7921734,49.7952062],[19.7920785,49.7951079],[19.7920272,49.7950612],[19.7918533,49.7948881],[19.7917365,49.7948008],[19.7913512,49.7945209],[19.7913615,49.7945117],[19.7914251,49.7944821],[19.7914858,49.79441],[19.7914823,49.7943419],[19.7914527,49.7942617],[19.7913973,49.7941904],[19.7912016,49.7940151],[19.7911667,49.7939338],[19.7911277,49.793867],[19.7910503,49.7937348],[19.7910045,49.7936811],[19.7910085,49.7936432],[19.7910288,49.7936037],[19.7909822,49.7935363],[19.7909739,49.7934835],[19.7909386,49.7934192],[19.7909137,49.7933815],[19.7909067,49.7933058],[19.7909618,49.7932071],[19.7909789,49.7931585],[19.7909519,49.7930706],[19.7909478,49.7929723],[19.7909234,49.7929074],[19.7908242,49.7928015],[19.7907865,49.7927183],[19.7907982,49.7926432],[19.7907973,49.7925797],[19.7907933,49.7925176],[19.7908153,49.7924657],[19.7907793,49.792411],[19.7907858,49.7923599],[19.7907611,49.7922668],[19.7907292,49.7922001],[19.7907076,49.7921407],[19.7907064,49.7920724],[19.790726,49.7920104],[19.7907171,49.7919341],[19.7906877,49.791884],[19.7906517,49.7918559],[19.7906396,49.7918056],[19.7906004,49.7917264],[19.7906068,49.7916798],[19.7906292,49.7916521],[19.7906236,49.791609],[19.7906361,49.7915361],[19.7906347,49.7914545],[19.7905811,49.7912328],[19.7905703,49.7911329],[19.7905846,49.7910633],[19.7906444,49.7909155],[19.7911382,49.7907897],[19.7915548,49.7907795],[19.7922512,49.7908325],[19.7928676,49.7908128],[19.793154,49.790957],[19.7932016,49.7911826],[19.7935116,49.7915523],[19.7937121,49.7920062],[19.7942948,49.7918424],[19.7943305,49.7916429],[19.7943427,49.7915779],[19.7951027,49.7912074],[19.7958147,49.7912318],[19.7963397,49.7910485],[19.7968804,49.7909514],[19.7974924,49.7909678],[19.7980151,49.7911072],[19.7984659,49.791045],[19.7988154,49.7908833],[19.7992036,49.7907438],[19.7998251,49.7903181],[19.800014,49.7902513],[19.8004402,49.7901],[19.8007612,49.7899915],[19.8011875,49.7898817],[19.802138,49.7899898],[19.8029565,49.7902644],[19.803557,49.7903451],[19.8042062,49.7902781],[19.8054696,49.790091],[19.8057039,49.7901248],[19.8065041,49.7900775],[19.8071859,49.7901671],[19.8077277,49.7903945],[19.8079021,49.7904803],[19.8080111,49.790534],[19.8081353,49.7905955],[19.8081935,49.7906248],[19.8082612,49.7906586],[19.8083336,49.7906952],[19.8084013,49.7907292],[19.8084599,49.7907594],[19.8085733,49.7908187],[19.8086344,49.7908508],[19.8087193,49.790895],[19.8088596,49.7909682],[19.8090037,49.7910437],[19.8091218,49.7911055],[19.8091736,49.7911324],[19.8092606,49.7911781],[19.8093696,49.7912349],[19.8098321,49.7914881],[19.8103239,49.7917067],[19.8108938,49.7918356],[19.8120624,49.7919639],[19.8129518,49.7920275],[19.8138099,49.792514],[19.8138375,49.7931609],[19.8151406,49.793392],[19.8164002,49.794003],[19.8167428,49.7943249],[19.8165802,49.7948294],[19.8168227,49.7953222],[19.8173151,49.7959412],[19.8189671,49.7955803],[19.8202878,49.7954859],[19.8208884,49.795585],[19.8211489,49.7959159],[19.8215235,49.7961952],[19.8218774,49.7966608],[19.8229279,49.7966096],[19.8236376,49.7968462],[19.8239593,49.7968211],[19.8243489,49.7968703],[19.8245544,49.7972357],[19.8246513,49.7974901],[19.8248075,49.7979296]]]},"id":"way/158243562"},{"type":"Feature","properties":{"@id":"way/158243567","_SITE_CODE_":"116155.0","established":"1970","leisure":"nature_reserve","name":"Rezerwat Luboń Wielki","name:en":"Luboń Wielki Nature Reserve","name:pl":"Rezerwat Luboń Wielki","protect_class":"4","protection_title":"Nature Reserve","protection_title:pl":"Rezerwat przyrody","source":"European Environment Agency","wikidata":"Q9308874","wikipedia":"pl:Rezerwat przyrody Luboń Wielki"},"geometry":{"type":"Polygon","coordinates":[[[19.9986667,49.6534021],[19.9984933,49.6534634],[19.9989696,49.6536091],[19.9994272,49.6539214],[19.9997593,49.6539287],[20.0000863,49.6542098],[20.0002987,49.65429],[20.0002629,49.6544802],[19.9994559,49.6544399],[19.9993103,49.654431],[19.9989109,49.6543702],[19.9985328,49.6542226],[19.9979951,49.6540828],[19.997247,49.6538626],[19.9966071,49.6537371],[19.9962569,49.6536258],[19.9960969,49.6534128],[19.9955978,49.6531865],[19.9953502,49.6530757],[19.9951576,49.6529722],[19.9950856,49.6528517],[19.9949127,49.6527295],[19.9946214,49.6526454],[19.994349,49.6525516],[19.9938264,49.6526253],[19.9936751,49.6526547],[19.9934173,49.6527447],[19.9928831,49.6530108],[19.9923954,49.6532053],[19.9923153,49.6531556],[19.9920325,49.65298],[19.9917845,49.6531306],[19.9916387,49.6529982],[19.9913669,49.6525231],[19.9910636,49.6519412],[19.9908805,49.6513542],[19.9908212,49.6510794],[19.9908133,49.6507198],[19.9908522,49.6505817],[19.9909347,49.6504097],[19.9910111,49.6503331],[19.9910165,49.6502755],[19.9913669,49.6498012],[19.9914146,49.649567],[19.9913521,49.6493704],[19.9913397,49.6489738],[19.9913873,49.6486155],[19.991459,49.6484182],[19.9915251,49.6483127],[19.9916909,49.6481209],[19.9921899,49.6478285],[19.9923003,49.6477836],[19.9924793,49.6475639],[19.9928062,49.6472979],[19.992989,49.6472196],[19.9929904,49.6471521],[19.9933492,49.6468747],[19.9942038,49.64707],[19.9948831,49.6471649],[19.9954411,49.6472957],[19.9963143,49.647466],[19.9971421,49.6476072],[19.9977739,49.6477269],[19.998165,49.6478317],[19.9987631,49.6479089],[19.998814,49.6485945],[19.9989816,49.6490088],[19.9986092,49.6498416],[19.9986471,49.6503678],[19.9982255,49.6509273],[19.9982198,49.6511874],[19.9983212,49.6513499],[19.9983879,49.6518243],[19.9987344,49.6523964],[19.9987863,49.6526269],[19.9989004,49.6531338],[19.9988853,49.6531802],[19.9988327,49.6533413],[19.9986667,49.6534021]]]},"id":"way/158243567"},{"type":"Feature","properties":{"@id":"way/158243583","_SITE_CODE_":"11440.0","established":"1962","leisure":"nature_reserve","name":"Rezerwat Zamczysko nad Rabą","protect_class":"4","protection_title":"Nature Reserve","protection_title:pl":"Rezerwat przyrody","source":"European Environment Agency"},"geometry":{"type":"Polygon","coordinates":[[[19.9479221,49.8178464],[19.9476205,49.8182505],[19.9474406,49.8181983],[19.9474186,49.8181921],[19.9469333,49.8180558],[19.9464549,49.8178548],[19.94609,49.8174614],[19.9461465,49.8173195],[19.9465136,49.8169787],[19.9465904,49.8169286],[19.9467463,49.8169084],[19.946887,49.8169219],[19.9472578,49.8172543],[19.9471651,49.8176422],[19.9472515,49.817703],[19.9479221,49.8178464]]]},"id":"way/158243583"},{"type":"Feature","properties":{"@id":"way/203027589","_SITE_CODE_":"145205.0","established":"1960","leisure":"nature_reserve","name":"Rezerwat Szeroka w Beskidzie Małym","protect_class":"4","protection_title":"Nature Reserve","protection_title:pl":"Rezerwat przyrody","source":"European Environment Agency","wikidata":"Q9309408","wikipedia":"pl:Rezerwat przyrody Szeroka w Beskidzie Małym"},"geometry":{"type":"Polygon","coordinates":[[[19.2694835,49.7747699],[19.2688655,49.7752707],[19.2684689,49.7757016],[19.26832,49.7759036],[19.2681738,49.7761371],[19.2680821,49.7763991],[19.2679393,49.7765186],[19.267012,49.7762836],[19.2666594,49.7763991],[19.2664906,49.7765405],[19.2662435,49.7765711],[19.265752,49.7763183],[19.2653427,49.7763297],[19.2647889,49.7761683],[19.2641026,49.7763014],[19.263072,49.7760404],[19.2624347,49.7759846],[19.2617489,49.7757198],[19.2611165,49.7754406],[19.2600124,49.7748384],[19.2585802,49.7736326],[19.2580062,49.7735202],[19.2571162,49.7732786],[19.2566678,49.7726065],[19.2563907,49.7724992],[19.2565835,49.7715927],[19.2572199,49.7709546],[19.2573457,49.7702562],[19.2570458,49.769521],[19.257267,49.769496],[19.2572488,49.7696276],[19.2574756,49.7698846],[19.257846,49.770247],[19.2579854,49.7704196],[19.2582356,49.7705566],[19.2592146,49.7714971],[19.2601088,49.7708662],[19.2639641,49.7715989],[19.2642422,49.7713097],[19.2645479,49.7712575],[19.2654457,49.7707662],[19.2657428,49.7703825],[19.2659036,49.7705553],[19.2705173,49.77144],[19.2715637,49.7716902],[19.2731303,49.7721172],[19.2728784,49.7725133],[19.2720802,49.7733072],[19.27193,49.7733333],[19.2715785,49.7732848],[19.271056,49.7734964],[19.2708897,49.7737868],[19.270828,49.7740409],[19.269951,49.7745136],[19.2694835,49.7747699]]]},"id":"way/203027589"},{"type":"Feature","properties":{"@id":"way/203027590","_SITE_CODE_":"145355.0","established":"1973","leisure":"nature_reserve","name":"Rezerwat Zasolnica","protect_class":"4","protection_title":"Nature Reserve","protection_title:pl":"Rezerwat przyrody","source":"European Environment Agency","wikidata":"Q11834791","wikipedia":"pl:Rezerwat przyrody Zasolnica"},"geometry":{"type":"Polygon","coordinates":[[[19.2064155,49.8150691],[19.2074789,49.8151364],[19.2080549,49.814803],[19.2078603,49.8144269],[19.2072216,49.8139586],[19.2085525,49.8136082],[19.2092672,49.8142647],[19.2095502,49.8141834],[19.2100449,49.8152643],[19.2101806,49.816036],[19.2102085,49.81655],[19.2101286,49.817506],[19.2100961,49.8183586],[19.2100408,49.8185713],[19.2099708,49.8187634],[19.2097619,49.8192474],[19.209551,49.819577],[19.2093835,49.8197885],[19.2090741,49.8200613],[19.2087969,49.8200216],[19.2087852,49.8199467],[19.2082356,49.8199521],[19.2080244,49.8199208],[19.2073025,49.8195001],[19.2070041,49.8195401],[19.2067577,49.8199485],[19.2061832,49.81977],[19.2060749,49.8194299],[19.2065585,49.819388],[19.2063568,49.8187261],[19.206474,49.8177105],[19.2059782,49.8169733],[19.2054035,49.8170715],[19.2051753,49.8167788],[19.2046552,49.8167842],[19.2050589,49.8163973],[19.2051343,49.8159907],[19.2055299,49.8161388],[19.2062589,49.8159375],[19.2064155,49.8150691]]]},"id":"way/203027590"},{"type":"Feature","properties":{"@id":"way/1547802749","area:size:ha":"20.4","boundary":"protected_area","name":"Rezerwat Lubogoszcz","operator":"Regionalny Dyrektor Ochrony Środowiska w Krakowie","protect_class":"4","protection_title":"Rezerwat przyrody","protection_title:en":"Nature Reserve","ref:inspire":"PL.ZIPOP.1393.RP.1833","related_law":"Zarządzenie Regionalnego Dyrektora Ochrony Środowiska w Krakowie z dnia 9 lipca 2026 roku w sprawie uznania za rezerwat przyrody \"Lubogoszcz\" (Dz. Urz. Woj. Małopolskiego z 2026 r. poz. 4187)","source":"GDOŚ CRFOP","start_date":"2026-07-29"},"geometry":{"type":"Polygon","coordinates":[[[20.1078965,49.7142784],[20.1077405,49.7142891],[20.1080306,49.7144822],[20.1078772,49.7145516],[20.1077166,49.7145654],[20.1069852,49.7145609],[20.1063914,49.714797],[20.105849,49.7148403],[20.1056097,49.7148933],[20.1053466,49.7150279],[20.1046652,49.7152558],[20.1040226,49.7154064],[20.1037853,49.7155228],[20.103524,49.7155156],[20.1031344,49.7157415],[20.1027225,49.7157698],[20.102378,49.7158618],[20.1019504,49.7158534],[20.0998128,49.7158279],[20.0983783,49.7156594],[20.0977997,49.7154431],[20.097985,49.714962],[20.0981055,49.7145165],[20.0984362,49.7135699],[20.0986833,49.7129572],[20.0988808,49.712736],[20.0988669,49.7126936],[20.0988716,49.7126351],[20.0995305,49.7127764],[20.1001386,49.7128359],[20.1008188,49.7130064],[20.1021485,49.7130983],[20.1023355,49.7131144],[20.1027577,49.7131392],[20.1035349,49.7132684],[20.1046953,49.7133515],[20.10491,49.7132365],[20.1050691,49.7132249],[20.105336,49.7133168],[20.1060347,49.7133373],[20.106238,49.7132957],[20.1064352,49.7131939],[20.1066465,49.7130972],[20.1071109,49.7129801],[20.1073777,49.7129881],[20.1078321,49.7129694],[20.107946,49.7129497],[20.1082917,49.7128317],[20.1088604,49.7126656],[20.1095336,49.7124506],[20.109743,49.71247],[20.1106594,49.7132818],[20.1103418,49.7133677],[20.1097478,49.7137039],[20.1092636,49.7137798],[20.1083303,49.714125],[20.1078965,49.7142784]]]},"id":"way/1547802749"}]}