{
  "type": "FeatureCollection",
  "generator": "overpass-turbo",
  "copyright": "The data included in this document is from www.openstreetmap.org. The data is made available under ODbL.",
  "timestamp": "2026-08-06T06:14:05Z",
  "features": [
    {
      "type": "Feature",
      "properties": {
        "@id": "way/96930447",
        "addr:city": "Wilkowice",
        "addr:housenumber": "7",
        "addr:postcode": "43-365",
        "addr:street": "Magurka Wilkowicka",
        "beds": "24",
        "building": "residential",
        "building:levels": "3",
        "contact:email": "infomagurka@onet.eu",
        "contact:facebook": "https://www.facebook.com/schronisko.magurka/",
        "contact:phone": "+48 33 817 04 21;+48 502 366 707;+48 500 268 216",
        "name": "Schronisko PTTK na Magurce",
        "opening_hours": "08:00-19:00",
        "opening_hours:kitchen": "08:00-18:30",
        "owner": "Polskie Towarzystwo Turystyczno-Krajoznawcze",
        "payment:credit_cards": "yes",
        "payment:debit_cards": "yes",
        "tourism": "alpine_hut",
        "website": "https://www.magurka.beskidy.pl/",
        "wheelchair": "no",
        "wikidata": "Q9334406",
        "wikipedia": "pl:Schronisko PTTK na Magurce Wilkowickiej",
        "@geometry": "center"
      },
      "geometry": {
        "type": "Point",
        "coordinates": [
          19.1301943,
          49.7765531
        ]
      },
      "id": "way/96930447"
    },
    {
      "type": "Feature",
      "properties": {
        "@id": "way/108251719",
        "amenity": "shelter",
        "bench": "yes",
        "building": "yes",
        "fireplace": "yes",
        "lit": "no",
        "name": "Szałas nad Jasionką",
        "opening_hours": "Mo-Su 10:00-22:00",
        "operator": "Nadleśnictwo Bielsko",
        "phone": "+48 33 817 21 59;+48 696 413 463",
        "shelter_type": "picnic_shelter",
        "@geometry": "center"
      },
      "geometry": {
        "type": "Point",
        "coordinates": [
          18.9100564,
          49.7665898
        ]
      },
      "id": "way/108251719"
    },
    {
      "type": "Feature",
      "properties": {
        "@id": "way/109527017",
        "amenity": "shelter",
        "building": "yes",
        "fireplace": "yes",
        "name": "Szałas pod Błatnią",
        "opening_hours": "10:00-22:00",
        "operator": "Nadleśnictwo Bielsko",
        "phone": "+48 33 817 21 59;+48 696 413 463",
        "shelter_type": "picnic_shelter",
        "@geometry": "center"
      },
      "geometry": {
        "type": "Point",
        "coordinates": [
          18.9416397,
          49.7768762
        ]
      },
      "id": "way/109527017"
    },
    {
      "type": "Feature",
      "properties": {
        "@id": "way/139265360",
        "addr:housenumber": "190/II",
        "addr:place": "Żarnówka Mała",
        "building": "yes",
        "email": "hrobacza828@gmail.com",
        "name": "Dom Turystyczno-Rekolekcyjny Hrobacza Łąka",
        "old_name": "Schronisko na Chrobaczej Łące",
        "phone": "+48 60 462 8643",
        "tourism": "alpine_hut",
        "wikidata": "Q9334451",
        "wikipedia": "pl:Schronisko turystyczne na Chrobaczej Łące",
        "@geometry": "center"
      },
      "geometry": {
        "type": "Point",
        "coordinates": [
          19.1659572,
          49.8219477
        ]
      },
      "id": "way/139265360"
    },
    {
      "type": "Feature",
      "properties": {
        "@id": "way/154303181",
        "addr:city": "Szyndzielnia",
        "addr:housenumber": "8",
        "addr:postcode": "43-309",
        "addr:street": "Schronisko Szyndzielnia",
        "alt_name": "Schronisko PTTK na Szyndzielni",
        "beds": "49",
        "building": "yes",
        "building:levels": "3",
        "ele": "1001",
        "email": "schronisko@szyndzielnia.com.pl",
        "internet_access": "wlan",
        "name": "Schronisko PTTK Szyndzielnia",
        "name:de": "Schindelbaude",
        "name:pl": "Schronisko PTTK Szyndzielnia",
        "owner": "Polskie Towarzystwo Turystyczno-Krajoznawcze",
        "phone": "+4833 470 64 68",
        "source": "www.geoportal.gov.pl",
        "source:addr": "EMUiA (emuia.gugik.gov.pl)",
        "tourism": "alpine_hut",
        "website": "https://www.szyndzielnia.com.pl/",
        "wikidata": "Q9334418",
        "wikipedia": "pl:Schronisko PTTK Szyndzielnia",
        "@geometry": "center"
      },
      "geometry": {
        "type": "Point",
        "coordinates": [
          19.0025487,
          49.7552184
        ]
      },
      "id": "way/154303181"
    },
    {
      "type": "Feature",
      "properties": {
        "@id": "way/162373686",
        "building": "yes",
        "contact:phone": "+48 693 070 531",
        "facebook": "https://www.facebook.com/ChatkaNaRogaczu/",
        "name": "Chatka na Rogaczu",
        "tourism": "alpine_hut",
        "website": "https://www.sstrogacz.pl/",
        "wikidata": "Q9334349",
        "wikipedia": "pl:Chatka na Rogaczu",
        "@geometry": "center"
      },
      "geometry": {
        "type": "Point",
        "coordinates": [
          19.1055846,
          49.7762384
        ]
      },
      "id": "way/162373686"
    },
    {
      "type": "Feature",
      "properties": {
        "@id": "way/222395124",
        "amenity": "shelter",
        "bench": "yes",
        "bin": "no",
        "image": "https://img.hiking.dennikn.sk/article/_older/large_x/buda_pod_malou_babi.jpg",
        "shelter_type": "weather_shelter",
        "website": "https://hiking.dennikn.sk/ar/3832/zrub_zadny_vonzovec_pod_malou_babou_horou.html",
        "wikimedia_commons": "File:Mała Babia Góra turisma ŝirmejo.jpg",
        "@geometry": "center"
      },
      "geometry": {
        "type": "Point",
        "coordinates": [
          19.4847868,
          49.5719307
        ]
      },
      "id": "way/222395124"
    },
    {
      "type": "Feature",
      "properties": {
        "@id": "way/227395938",
        "amenity": "shelter",
        "building": "roof",
        "shelter_type": "public_transport",
        "source": "Bing",
        "@geometry": "center"
      },
      "geometry": {
        "type": "Point",
        "coordinates": [
          19.8802523,
          49.6308193
        ]
      },
      "id": "way/227395938"
    },
    {
      "type": "Feature",
      "properties": {
        "@id": "way/227395939",
        "amenity": "shelter",
        "building": "roof",
        "shelter_type": "public_transport",
        "source": "Bing",
        "@geometry": "center"
      },
      "geometry": {
        "type": "Point",
        "coordinates": [
          19.8788791,
          49.6307983
        ]
      },
      "id": "way/227395939"
    },
    {
      "type": "Feature",
      "properties": {
        "@id": "way/227402225",
        "amenity": "shelter",
        "building": "roof",
        "shelter_type": "public_transport",
        "source": "Bing",
        "@geometry": "center"
      },
      "geometry": {
        "type": "Point",
        "coordinates": [
          19.7562248,
          49.6748025
        ]
      },
      "id": "way/227402225"
    },
    {
      "type": "Feature",
      "properties": {
        "@id": "way/227402226",
        "amenity": "shelter",
        "building": "roof",
        "shelter_type": "public_transport",
        "source": "Bing",
        "@geometry": "center"
      },
      "geometry": {
        "type": "Point",
        "coordinates": [
          19.7554332,
          49.6751511
        ]
      },
      "id": "way/227402226"
    },
    {
      "type": "Feature",
      "properties": {
        "@id": "way/240938543",
        "amenity": "shelter",
        "building": "yes",
        "operator": "Stara Karczma",
        "shelter_type": "picnic_shelter",
        "source": "geoportal.gov.pl:ortofoto",
        "@geometry": "center"
      },
      "geometry": {
        "type": "Point",
        "coordinates": [
          18.9254359,
          49.7208455
        ]
      },
      "id": "way/240938543"
    },
    {
      "type": "Feature",
      "properties": {
        "@id": "way/241630913",
        "addr:city": "Brenna",
        "addr:housenumber": "20",
        "addr:postcode": "43-438",
        "addr:street": "Błatnia",
        "beds": "49",
        "building": "civic",
        "building:levels": "3",
        "contact:email": "schronisko@blatnia.pl",
        "contact:phone": "+48 33 853 64 84",
        "name": "Schronisko PTTK na Błatniej",
        "operator": "PTTK",
        "operator:wikidata": "Q4994123",
        "owner": "Polskie Towarzystwo Turystyczno-Krajoznawcze",
        "power_supply": "yes",
        "roof:levels": "1",
        "start_date": "1926",
        "tourism": "alpine_hut",
        "website": "https://www.blatnia.pl/",
        "wikidata": "Q9334390",
        "wikipedia": "pl:Schronisko PTTK na Błatniej",
        "@geometry": "center"
      },
      "geometry": {
        "type": "Point",
        "coordinates": [
          18.942653,
          49.7472616
        ]
      },
      "id": "way/241630913"
    },
    {
      "type": "Feature",
      "properties": {
        "@id": "way/255061080",
        "amenity": "shelter",
        "shelter_type": "public_transport",
        "source": "geoportal.gov.pl:orto",
        "@geometry": "center"
      },
      "geometry": {
        "type": "Point",
        "coordinates": [
          19.6761234,
          49.7270281
        ]
      },
      "id": "way/255061080"
    },
    {
      "type": "Feature",
      "properties": {
        "@id": "way/255061082",
        "amenity": "shelter",
        "bench": "yes",
        "building": "roof",
        "shelter_type": "public_transport",
        "source": "geoportal.gov.pl:orto",
        "@geometry": "center"
      },
      "geometry": {
        "type": "Point",
        "coordinates": [
          19.5817385,
          49.7409023
        ]
      },
      "id": "way/255061082"
    },
    {
      "type": "Feature",
      "properties": {
        "@id": "way/255061083",
        "amenity": "shelter",
        "shelter_type": "public_transport",
        "source": "geoportal.gov.pl:orto",
        "@geometry": "center"
      },
      "geometry": {
        "type": "Point",
        "coordinates": [
          19.6770611,
          49.7269
        ]
      },
      "id": "way/255061083"
    },
    {
      "type": "Feature",
      "properties": {
        "@id": "way/255061087",
        "amenity": "shelter",
        "shelter_type": "public_transport",
        "source": "geoportal.gov.pl:orto",
        "@geometry": "center"
      },
      "geometry": {
        "type": "Point",
        "coordinates": [
          19.6780717,
          49.7267588
        ]
      },
      "id": "way/255061087"
    },
    {
      "type": "Feature",
      "properties": {
        "@id": "way/255061092",
        "amenity": "shelter",
        "building": "roof",
        "shelter_type": "public_transport",
        "source": "geoportal.gov.pl:orto",
        "@geometry": "center"
      },
      "geometry": {
        "type": "Point",
        "coordinates": [
          19.5805326,
          49.7404353
        ]
      },
      "id": "way/255061092"
    },
    {
      "type": "Feature",
      "properties": {
        "@id": "way/273082199",
        "amenity": "shelter",
        "building": "yes",
        "shelter_type": "gazebo",
        "@geometry": "center"
      },
      "geometry": {
        "type": "Point",
        "coordinates": [
          18.9539239,
          49.86038
        ]
      },
      "id": "way/273082199"
    },
    {
      "type": "Feature",
      "properties": {
        "@id": "node/281831081",
        "amenity": "drinking_water",
        "natural": "spring"
      },
      "geometry": {
        "type": "Point",
        "coordinates": [
          19.7928764,
          49.7506219
        ]
      },
      "id": "node/281831081"
    },
    {
      "type": "Feature",
      "properties": {
        "@id": "way/284253102",
        "addr:housenumber": "326",
        "addr:place": "Żabnica",
        "addr:postcode": "34-350",
        "building": "yes",
        "building:levels": "2",
        "contact:email": "gstslowianka@wp.pl",
        "contact:facebook": "https://www.facebook.com/stslowianka/",
        "contact:phone": "+48 606 320 217",
        "name": "Stacja Turystyczna Słowianka",
        "source": "Knowledge, Bing",
        "tourism": "alpine_hut",
        "wikidata": "Q9334352",
        "wikipedia": "pl:Górska stacja turystyczna „Słowianka”",
        "@geometry": "center"
      },
      "geometry": {
        "type": "Point",
        "coordinates": [
          19.2138999,
          49.5783067
        ]
      },
      "id": "way/284253102"
    },
    {
      "type": "Feature",
      "properties": {
        "@id": "way/295633987",
        "alt_name:pl": "Schronisko na Leskowcu",
        "building": "civic",
        "building:levels": "2",
        "contact:facebook": "https://www.facebook.com/leskowiec/",
        "contact:mobile": "+48 606743880",
        "contact:phone": "+48 338721694",
        "ele": "890",
        "name": "Schronisko PTTK Leskowiec",
        "operator": "PTTK",
        "operator:wikidata": "Q4994123",
        "tourism": "alpine_hut",
        "website": "https://leskowiec.pttk.pl/",
        "wikidata": "Q9334391",
        "wikipedia": "pl:Schronisko PTTK Leskowiec",
        "@geometry": "center"
      },
      "geometry": {
        "type": "Point",
        "coordinates": [
          19.4474148,
          49.7952542
        ]
      },
      "id": "way/295633987"
    },
    {
      "type": "Feature",
      "properties": {
        "@id": "way/299476702",
        "building": "yes",
        "ele": "1250",
        "fireplace": "yes",
        "name": "Schronisko PTTK Skrzyczne",
        "owner": "Polskie Towarzystwo Turystyczno-Krajoznawcze",
        "toilets": "yes",
        "toilets:hands_drying": "yes",
        "toilets:handwashing": "yes",
        "tourism": "alpine_hut",
        "website": "http://www.skrzyczne.szczyrk.pl",
        "wikidata": "Q9334413",
        "wikipedia": "pl:Schronisko PTTK Skrzyczne",
        "@geometry": "center"
      },
      "geometry": {
        "type": "Point",
        "coordinates": [
          19.0320186,
          49.6844425
        ]
      },
      "id": "way/299476702"
    },
    {
      "type": "Feature",
      "properties": {
        "@id": "way/319402349",
        "addr:city": "Wisła",
        "addr:housenumber": "8",
        "addr:postcode": "43-460",
        "addr:street": "Czarna Wisełka",
        "alt_name": "Schronisko PTTK na Przysłopiu",
        "building": "yes",
        "building:levels": "5",
        "contact:facebook": "https://www.facebook.com/przyslop/",
        "contact:instagram": "https://www.instagram.com/schronisko_przyslop/",
        "ele": "951",
        "email": "schronisko@przyslop.pl",
        "name": "Schronisko PTTK Przysłop pod Baranią Górą",
        "note": "Błędna wysokość na tablicy schroniska",
        "owner": "Polskie Towarzystwo Turystyczno-Krajoznawcze",
        "phone": "+48 33 855 37 15",
        "source": "www.geoportal.gov.pl",
        "tourism": "alpine_hut",
        "website": "https://przyslop.pl/",
        "wikidata": "Q19401374",
        "wikipedia": "pl:Schronisko PTTK Przysłop pod Baranią Górą",
        "@geometry": "center"
      },
      "geometry": {
        "type": "Point",
        "coordinates": [
          18.9837903,
          49.5963639
        ]
      },
      "id": "way/319402349"
    },
    {
      "type": "Feature",
      "properties": {
        "@id": "way/321051255",
        "amenity": "shelter",
        "building": "roof",
        "shelter_type": "public_transport",
        "source": "www.Geoportal.gov.pl: Ortofoto",
        "@geometry": "center"
      },
      "geometry": {
        "type": "Point",
        "coordinates": [
          19.9003511,
          49.6129048
        ]
      },
      "id": "way/321051255"
    },
    {
      "type": "Feature",
      "properties": {
        "@id": "way/321051258",
        "amenity": "shelter",
        "building": "roof",
        "shelter_type": "public_transport",
        "source": "www.Geoportal.gov.pl: Ortofoto",
        "@geometry": "center"
      },
      "geometry": {
        "type": "Point",
        "coordinates": [
          19.7230212,
          49.6900934
        ]
      },
      "id": "way/321051258"
    },
    {
      "type": "Feature",
      "properties": {
        "@id": "way/321051265",
        "amenity": "shelter",
        "building": "roof",
        "shelter_type": "public_transport",
        "source": "www.Geoportal.gov.pl: Ortofoto",
        "@geometry": "center"
      },
      "geometry": {
        "type": "Point",
        "coordinates": [
          19.52458,
          49.7330332
        ]
      },
      "id": "way/321051265"
    },
    {
      "type": "Feature",
      "properties": {
        "@id": "way/321051266",
        "amenity": "shelter",
        "building": "roof",
        "shelter_type": "public_transport",
        "source": "www.Geoportal.gov.pl: Ortofoto",
        "@geometry": "center"
      },
      "geometry": {
        "type": "Point",
        "coordinates": [
          19.905326,
          49.5781099
        ]
      },
      "id": "way/321051266"
    },
    {
      "type": "Feature",
      "properties": {
        "@id": "way/321051268",
        "amenity": "shelter",
        "building": "roof",
        "shelter_type": "public_transport",
        "source": "www.Geoportal.gov.pl: Ortofoto",
        "@geometry": "center"
      },
      "geometry": {
        "type": "Point",
        "coordinates": [
          19.9364584,
          49.5970333
        ]
      },
      "id": "way/321051268"
    },
    {
      "type": "Feature",
      "properties": {
        "@id": "way/321051269",
        "amenity": "shelter",
        "building": "roof",
        "shelter_type": "public_transport",
        "source": "www.Geoportal.gov.pl: Ortofoto",
        "@geometry": "center"
      },
      "geometry": {
        "type": "Point",
        "coordinates": [
          19.5253083,
          49.7334707
        ]
      },
      "id": "way/321051269"
    },
    {
      "type": "Feature",
      "properties": {
        "@id": "way/321051272",
        "amenity": "shelter",
        "building": "roof",
        "shelter_type": "public_transport",
        "source": "www.Geoportal.gov.pl: Ortofoto",
        "@geometry": "center"
      },
      "geometry": {
        "type": "Point",
        "coordinates": [
          19.9061769,
          49.57885
        ]
      },
      "id": "way/321051272"
    },
    {
      "type": "Feature",
      "properties": {
        "@id": "way/321051283",
        "amenity": "shelter",
        "building": "roof",
        "shelter_type": "public_transport",
        "source": "www.Geoportal.gov.pl: Ortofoto",
        "@geometry": "center"
      },
      "geometry": {
        "type": "Point",
        "coordinates": [
          19.6917688,
          49.7069756
        ]
      },
      "id": "way/321051283"
    },
    {
      "type": "Feature",
      "properties": {
        "@id": "way/321051293",
        "amenity": "shelter",
        "building": "roof",
        "shelter_type": "public_transport",
        "source": "www.Geoportal.gov.pl: Ortofoto",
        "@geometry": "center"
      },
      "geometry": {
        "type": "Point",
        "coordinates": [
          19.9381213,
          49.5971567
        ]
      },
      "id": "way/321051293"
    },
    {
      "type": "Feature",
      "properties": {
        "@id": "way/321552523",
        "amenity": "shelter",
        "building": "roof",
        "shelter_type": "public_transport",
        "source": "www.Geoportal.gov.pl: Ortofoto",
        "@geometry": "center"
      },
      "geometry": {
        "type": "Point",
        "coordinates": [
          19.473138,
          49.7123539
        ]
      },
      "id": "way/321552523"
    },
    {
      "type": "Feature",
      "properties": {
        "@id": "way/321873761",
        "amenity": "shelter",
        "building": "roof",
        "shelter_type": "public_transport",
        "source": "www.Geoportal.gov.pl: Ortofoto",
        "@geometry": "center"
      },
      "geometry": {
        "type": "Point",
        "coordinates": [
          19.1854206,
          49.6786958
        ]
      },
      "id": "way/321873761"
    },
    {
      "type": "Feature",
      "properties": {
        "@id": "way/321873762",
        "amenity": "shelter",
        "building": "roof",
        "shelter_type": "public_transport",
        "source": "www.Geoportal.gov.pl: Ortofoto",
        "@geometry": "center"
      },
      "geometry": {
        "type": "Point",
        "coordinates": [
          19.2214589,
          49.6765124
        ]
      },
      "id": "way/321873762"
    },
    {
      "type": "Feature",
      "properties": {
        "@id": "way/321873763",
        "amenity": "shelter",
        "building": "roof",
        "shelter_type": "public_transport",
        "source": "www.Geoportal.gov.pl: Ortofoto",
        "@geometry": "center"
      },
      "geometry": {
        "type": "Point",
        "coordinates": [
          19.3202354,
          49.6523949
        ]
      },
      "id": "way/321873763"
    },
    {
      "type": "Feature",
      "properties": {
        "@id": "way/321873764",
        "amenity": "shelter",
        "building": "roof",
        "shelter_type": "public_transport",
        "source": "www.Geoportal.gov.pl: Ortofoto",
        "@geometry": "center"
      },
      "geometry": {
        "type": "Point",
        "coordinates": [
          19.1852336,
          49.6787432
        ]
      },
      "id": "way/321873764"
    },
    {
      "type": "Feature",
      "properties": {
        "@id": "way/321873765",
        "amenity": "shelter",
        "building": "roof",
        "shelter_type": "public_transport",
        "source": "www.Geoportal.gov.pl: Ortofoto",
        "@geometry": "center"
      },
      "geometry": {
        "type": "Point",
        "coordinates": [
          19.3214606,
          49.6524019
        ]
      },
      "id": "way/321873765"
    },
    {
      "type": "Feature",
      "properties": {
        "@id": "way/321873766",
        "amenity": "shelter",
        "building": "roof",
        "shelter_type": "public_transport",
        "source": "www.Geoportal.gov.pl: Ortofoto",
        "@geometry": "center"
      },
      "geometry": {
        "type": "Point",
        "coordinates": [
          19.3799534,
          49.6691535
        ]
      },
      "id": "way/321873766"
    },
    {
      "type": "Feature",
      "properties": {
        "@id": "way/321873768",
        "amenity": "shelter",
        "building": "roof",
        "shelter_type": "public_transport",
        "source": "www.Geoportal.gov.pl: Ortofoto",
        "@geometry": "center"
      },
      "geometry": {
        "type": "Point",
        "coordinates": [
          19.3224619,
          49.6522138
        ]
      },
      "id": "way/321873768"
    },
    {
      "type": "Feature",
      "properties": {
        "@id": "way/321873769",
        "amenity": "shelter",
        "building": "roof",
        "shelter_type": "public_transport",
        "source": "www.Geoportal.gov.pl: Ortofoto",
        "@geometry": "center"
      },
      "geometry": {
        "type": "Point",
        "coordinates": [
          19.1859034,
          49.679574
        ]
      },
      "id": "way/321873769"
    },
    {
      "type": "Feature",
      "properties": {
        "@id": "way/321873770",
        "amenity": "shelter",
        "building": "roof",
        "shelter_type": "public_transport",
        "source": "www.Geoportal.gov.pl: Ortofoto",
        "@geometry": "center"
      },
      "geometry": {
        "type": "Point",
        "coordinates": [
          19.1857172,
          49.6796193
        ]
      },
      "id": "way/321873770"
    },
    {
      "type": "Feature",
      "properties": {
        "@id": "way/326143127",
        "amenity": "shelter",
        "building": "roof",
        "shelter_type": "public_transport",
        "source": "www.Geoportal.gov.pl: Ortofoto",
        "@geometry": "center"
      },
      "geometry": {
        "type": "Point",
        "coordinates": [
          19.6696057,
          49.833613
        ]
      },
      "id": "way/326143127"
    },
    {
      "type": "Feature",
      "properties": {
        "@id": "way/332054557",
        "addr:housenumber": "244",
        "addr:place": "Sopotnia Wielka",
        "addr:postcode": "34-340",
        "building": "yes",
        "name": "Chatka AKT Dobrodziej",
        "phone": "+48 509 479 552",
        "tourism": "alpine_hut",
        "wikidata": "Q9189256",
        "wikipedia": "pl:Chatka AKT „Dobrodziej” na Witasówce",
        "@geometry": "center"
      },
      "geometry": {
        "type": "Point",
        "coordinates": [
          19.2945997,
          49.5706299
        ]
      },
      "id": "way/332054557"
    },
    {
      "type": "Feature",
      "properties": {
        "@id": "way/343836414",
        "addr:city": "Sidzina",
        "addr:country": "PL",
        "addr:housename": "Schronisko PTTK na Hali Krupowej",
        "addr:postcode": "34-236",
        "beds": "38",
        "building": "house",
        "building:levels": "1",
        "building:levels:underground": "1",
        "ele": "1152",
        "email": "krupowa@o2.pl",
        "facebook": "https://www.facebook.com/krupowa/",
        "name": "Schronisko PTTK na Hali Krupowej",
        "official_name": "Schronisko PTTK na Hali Krupowej im. Kazimierza Sosnowskiego",
        "owner": "Polskie Towarzystwo Turystyczno-Krajoznawcze",
        "phone": "+48 18 4475005",
        "roof:levels": "1",
        "shower": "yes",
        "tourism": "alpine_hut",
        "website": "https://www.krupowa.pttk.pl/",
        "wheelchair": "no",
        "wikidata": "Q9334394",
        "wikipedia": "pl:Schronisko PTTK na Hali Krupowej",
        "@geometry": "center"
      },
      "geometry": {
        "type": "Point",
        "coordinates": [
          19.6446347,
          49.6263043
        ]
      },
      "id": "way/343836414"
    },
    {
      "type": "Feature",
      "properties": {
        "@id": "way/345354357",
        "beds": "25",
        "building": "yes",
        "ele": "852",
        "email": "schronisko@namaciejowej.pl",
        "mobile": "+48696590538",
        "name": "Schronisko PTTK na Maciejowej",
        "opening_hours": "24/7",
        "phone": "+48184475729",
        "power_supply": "yes",
        "reservation": "yes",
        "tourism": "alpine_hut",
        "website": "https://namaciejowej.pl/",
        "wikidata": "Q11687187",
        "wikipedia": "pl:Bacówka PTTK na Maciejowej",
        "@geometry": "center"
      },
      "geometry": {
        "type": "Point",
        "coordinates": [
          20.0081488,
          49.5827421
        ]
      },
      "id": "way/345354357"
    },
    {
      "type": "Feature",
      "properties": {
        "@id": "way/345612767",
        "amenity": "shelter",
        "bench": "yes",
        "building": "roof",
        "shelter_type": "public_transport",
        "@geometry": "center"
      },
      "geometry": {
        "type": "Point",
        "coordinates": [
          19.3242682,
          49.8582491
        ]
      },
      "id": "way/345612767"
    },
    {
      "type": "Feature",
      "properties": {
        "@id": "way/350457854",
        "addr:city": "Ślemień",
        "addr:city:simc": "0071840",
        "addr:housenumber": "1",
        "addr:postcode": "34-323",
        "addr:street": "Osiedle Groń",
        "addr:street:sym_ul": "42458",
        "building": "yes",
        "name": "Chatka Gibasówka (u Stacha)",
        "operator": "Staszek",
        "phone": "+48 692284011",
        "source:addr": "slemien.e-mapa.net",
        "tourism": "alpine_hut",
        "website": "http://www.gibasy.prv.pl/",
        "@geometry": "center"
      },
      "geometry": {
        "type": "Point",
        "coordinates": [
          19.3743433,
          49.7518321
        ]
      },
      "id": "way/350457854"
    },
    {
      "type": "Feature",
      "properties": {
        "@id": "way/350457855",
        "addr:city": "Ślemień",
        "addr:city:simc": "0071840",
        "addr:housenumber": "3",
        "addr:postcode": "34-323",
        "addr:street": "Osiedle Groń",
        "beds": "17",
        "building": "yes",
        "internet_access": "yes",
        "mobile": "+48 601 838 492",
        "name": "Chata Gibasówka (Lutecja)",
        "operator": "Kasia i Rufin",
        "source:addr": "gugik.gov.pl",
        "tourism": "alpine_hut",
        "website": "https://gibasy.pl",
        "@geometry": "center"
      },
      "geometry": {
        "type": "Point",
        "coordinates": [
          19.3760274,
          49.7518785
        ]
      },
      "id": "way/350457855"
    },
    {
      "type": "Feature",
      "properties": {
        "@id": "way/357115940",
        "addr:housenumber": "734",
        "addr:place": "Zawoja",
        "addr:postcode": "34-222",
        "building": "yes",
        "contact:facebook": "https://www.facebook.com/Chatka-Stracona-Polana-247177516237707/",
        "email": "straconapolana@gmail.com",
        "fee": "yes",
        "name": "Chatka Stracona Polana",
        "phone": "+48 502 720 625",
        "source:addr": "gugik.gov.pl",
        "tourism": "alpine_hut",
        "@geometry": "center"
      },
      "geometry": {
        "type": "Point",
        "coordinates": [
          19.5476066,
          49.6059817
        ]
      },
      "id": "way/357115940"
    },
    {
      "type": "Feature",
      "properties": {
        "@id": "way/384199364",
        "addr:city": "Porąbka",
        "addr:city:simc": "0064773",
        "addr:housenumber": "41",
        "addr:postcode": "43-353",
        "addr:street": "Palenica",
        "addr:street:sym_ul": "15570",
        "building": "yes",
        "email": "pttk.limba@gmail.com",
        "fax": "+48 33 875 65 40",
        "name": "Chatka Klubu Turystyki Górskiej \"Limba\"",
        "phone": "+48609663975",
        "source:addr": "emuia.gugik.gov.pl",
        "tourism": "alpine_hut",
        "website": "https://pttkandrychow.fanimani.org.pl/",
        "wikidata": "Q9189260",
        "wikipedia": "pl:Chatka na Trzonce",
        "@geometry": "center"
      },
      "geometry": {
        "type": "Point",
        "coordinates": [
          19.2800138,
          49.8143037
        ]
      },
      "id": "way/384199364"
    },
    {
      "type": "Feature",
      "properties": {
        "@id": "way/388260088",
        "amenity": "shelter",
        "shelter_type": "public_transport",
        "@geometry": "center"
      },
      "geometry": {
        "type": "Point",
        "coordinates": [
          19.2623844,
          49.8474286
        ]
      },
      "id": "way/388260088"
    },
    {
      "type": "Feature",
      "properties": {
        "@id": "way/389303995",
        "amenity": "shelter",
        "building": "yes",
        "shelter_type": "lean_to",
        "@geometry": "center"
      },
      "geometry": {
        "type": "Point",
        "coordinates": [
          19.6336402,
          49.6527473
        ]
      },
      "id": "way/389303995"
    },
    {
      "type": "Feature",
      "properties": {
        "@id": "way/389801124",
        "amenity": "shelter",
        "building": "yes",
        "shelter_type": "lean_to",
        "@geometry": "center"
      },
      "geometry": {
        "type": "Point",
        "coordinates": [
          19.4434247,
          49.7886833
        ]
      },
      "id": "way/389801124"
    },
    {
      "type": "Feature",
      "properties": {
        "@id": "way/389890223",
        "building": "hotel",
        "email": "wadowice@zhp.pl",
        "name": "Beskidzka Baza Obozowa ZHP w Zalesiu",
        "operator": "Związek Harcerstwa Polskiego\nChorągiew Krakowska\n\nHufiec Ziemi Wadowickiej",
        "phone": "+48 509 111 662;+48 606 663 353",
        "reservation": "required",
        "tourism": "alpine_hut",
        "website": "https://wadowice.zhp.pl/zalesie-2/",
        "@geometry": "center"
      },
      "geometry": {
        "type": "Point",
        "coordinates": [
          19.6208671,
          49.8024694
        ]
      },
      "id": "way/389890223"
    },
    {
      "type": "Feature",
      "properties": {
        "@id": "way/391771227",
        "access": "private",
        "amenity": "shelter",
        "building": "yes",
        "shelter_type": "gazebo",
        "@geometry": "center"
      },
      "geometry": {
        "type": "Point",
        "coordinates": [
          19.1946478,
          49.8494171
        ]
      },
      "id": "way/391771227"
    },
    {
      "type": "Feature",
      "properties": {
        "@id": "way/392004452",
        "building": "yes",
        "contact:mobile": "+48 604 876 110",
        "ele": "730",
        "email": "schronisko-kudlacze@tlen.pl",
        "facebook": "https://www.facebook.com/Schronisko.Kudlacze/",
        "name": "Schronisko PTTK na Kudłaczach",
        "owner": "Polskie Towarzystwo Turystyczno-Krajoznawcze",
        "phone": "+48 122748995",
        "tourism": "alpine_hut",
        "website": "http://www.kudlacze.pttk.pl/",
        "@geometry": "center"
      },
      "geometry": {
        "type": "Point",
        "coordinates": [
          20.0226243,
          49.7822952
        ]
      },
      "id": "way/392004452"
    },
    {
      "type": "Feature",
      "properties": {
        "@id": "way/400328343",
        "amenity": "shelter",
        "building": "yes",
        "shelter_type": "gazebo",
        "@geometry": "center"
      },
      "geometry": {
        "type": "Point",
        "coordinates": [
          18.8902612,
          49.8492745
        ]
      },
      "id": "way/400328343"
    },
    {
      "type": "Feature",
      "properties": {
        "@id": "way/421749579",
        "addr:city": "Szczyrk",
        "addr:housenumber": "9",
        "addr:postcode": "43-370",
        "addr:street": "Pasterska",
        "building": "residential",
        "ele": "702",
        "hiking": "yes",
        "name": "Chata Wuja Toma",
        "operator": "Grupa THF",
        "phone": "+4833 827 41 45",
        "tourism": "alpine_hut",
        "website": "http://www.grupathf.pl/",
        "wikidata": "Q9334429",
        "wikipedia": "pl:Schronisko turystyczne „Chata Wuja Toma”",
        "@geometry": "center"
      },
      "geometry": {
        "type": "Point",
        "coordinates": [
          18.9933987,
          49.7253611
        ]
      },
      "id": "way/421749579"
    },
    {
      "type": "Feature",
      "properties": {
        "@id": "way/421751546",
        "amenity": "shelter",
        "name": "Chatka na Klimczoku",
        "shelter_type": "lean_to",
        "@geometry": "center"
      },
      "geometry": {
        "type": "Point",
        "coordinates": [
          18.9964558,
          49.7399343
        ]
      },
      "id": "way/421751546"
    },
    {
      "type": "Feature",
      "properties": {
        "@id": "way/421956343",
        "building": "residential",
        "description": "Rezerwacja tylko drogą telefoniczną.",
        "ele": "1052",
        "email": "biuro@schroniskoklimczok.com.pl",
        "name": "Schronisko PTTK Klimczok",
        "owner": "Polskie Towarzystwo Turystyczno-Krajoznawcze",
        "phone": "+4833 814 52 88",
        "tourism": "alpine_hut",
        "website": "http://www.schroniskoklimczok.com.pl/",
        "wikidata": "Q9334402",
        "wikipedia": "pl:Schronisko PTTK Klimczok",
        "@geometry": "center"
      },
      "geometry": {
        "type": "Point",
        "coordinates": [
          19.0049966,
          49.7385727
        ]
      },
      "id": "way/421956343"
    },
    {
      "type": "Feature",
      "properties": {
        "@id": "node/434320846",
        "amenity": "shelter",
        "fireplace": "yes",
        "shelter_type": "picnic_shelter"
      },
      "geometry": {
        "type": "Point",
        "coordinates": [
          19.05089,
          49.7663173
        ]
      },
      "id": "node/434320846"
    },
    {
      "type": "Feature",
      "properties": {
        "@id": "node/434320898",
        "amenity": "shelter",
        "fireplace": "yes",
        "shelter_type": "picnic_shelter"
      },
      "geometry": {
        "type": "Point",
        "coordinates": [
          19.0393595,
          49.7677749
        ]
      },
      "id": "node/434320898"
    },
    {
      "type": "Feature",
      "properties": {
        "@id": "way/439517775",
        "amenity": "shelter",
        "lit": "yes",
        "shelter_type": "picnic_shelter",
        "@geometry": "center"
      },
      "geometry": {
        "type": "Point",
        "coordinates": [
          19.8232214,
          49.7319661
        ]
      },
      "id": "way/439517775"
    },
    {
      "type": "Feature",
      "properties": {
        "@id": "way/439517828",
        "amenity": "shelter",
        "lit": "yes",
        "shelter_type": "picnic_shelter",
        "@geometry": "center"
      },
      "geometry": {
        "type": "Point",
        "coordinates": [
          19.823268,
          49.7318521
        ]
      },
      "id": "way/439517828"
    },
    {
      "type": "Feature",
      "properties": {
        "@id": "way/503195364",
        "amenity": "shelter",
        "building": "yes",
        "shelter_type": "public_transport",
        "source": "survey",
        "source:geometry": "geoportal.gov.pl:ortofoto",
        "@geometry": "center"
      },
      "geometry": {
        "type": "Point",
        "coordinates": [
          19.8481903,
          49.6191414
        ]
      },
      "id": "way/503195364"
    },
    {
      "type": "Feature",
      "properties": {
        "@id": "way/505305487",
        "amenity": "shelter",
        "shelter_type": "public_transport",
        "@geometry": "center"
      },
      "geometry": {
        "type": "Point",
        "coordinates": [
          20.0065427,
          49.8478376
        ]
      },
      "id": "way/505305487"
    },
    {
      "type": "Feature",
      "properties": {
        "@id": "way/506554717",
        "building": "alpine_hut",
        "building:material": "wood;stone",
        "ele": "1022",
        "email": "lubon.wielki@gmail.com",
        "heritage": "2",
        "heritage:operator": "nid",
        "historic": "building",
        "name": "Schronisko PTTK na Luboniu Wielkim",
        "owner": "Polskie Towarzystwo Turystyczno-Krajoznawcze",
        "payment:cash": "yes",
        "phone": "+48 608 791 020",
        "ref:nid": "A-1184/M",
        "tourism": "alpine_hut",
        "website": "https://lubon.pttk.pl/",
        "wikidata": "Q9334405",
        "wikipedia": "pl:Schronisko PTTK na Luboniu Wielkim",
        "@geometry": "center"
      },
      "geometry": {
        "type": "Point",
        "coordinates": [
          19.9918925,
          49.6534201
        ]
      },
      "id": "way/506554717"
    },
    {
      "type": "Feature",
      "properties": {
        "@id": "way/518640894",
        "amenity": "shelter",
        "bench": "yes",
        "shelter_type": "public_transport",
        "@geometry": "center"
      },
      "geometry": {
        "type": "Point",
        "coordinates": [
          19.579086,
          49.7900932
        ]
      },
      "id": "way/518640894"
    },
    {
      "type": "Feature",
      "properties": {
        "@id": "way/527975829",
        "amenity": "shelter",
        "bench": "yes",
        "bin": "yes",
        "building": "yes",
        "shelter_type": "public_transport",
        "@geometry": "center"
      },
      "geometry": {
        "type": "Point",
        "coordinates": [
          19.2008436,
          49.808421
        ]
      },
      "id": "way/527975829"
    },
    {
      "type": "Feature",
      "properties": {
        "@id": "way/553530599",
        "amenity": "shelter",
        "building": "yes",
        "name": "Wiata",
        "@geometry": "center"
      },
      "geometry": {
        "type": "Point",
        "coordinates": [
          19.4320002,
          49.5969698
        ]
      },
      "id": "way/553530599"
    },
    {
      "type": "Feature",
      "properties": {
        "@id": "way/593393511",
        "amenity": "shelter",
        "bench": "yes",
        "bin": "no",
        "lit": "no",
        "lockable": "no",
        "shelter_type": "weather_shelter",
        "url": "https://wiating.pl/wiata-na-kiczerze/",
        "@geometry": "center"
      },
      "geometry": {
        "type": "Point",
        "coordinates": [
          19.2492752,
          49.7917187
        ]
      },
      "id": "way/593393511"
    },
    {
      "type": "Feature",
      "properties": {
        "@id": "way/596079005",
        "amenity": "shelter",
        "shelter_type": "picnic_shelter",
        "@geometry": "center"
      },
      "geometry": {
        "type": "Point",
        "coordinates": [
          19.172869,
          49.7536327
        ]
      },
      "id": "way/596079005"
    },
    {
      "type": "Feature",
      "properties": {
        "@id": "way/603615333",
        "amenity": "shelter",
        "building": "yes",
        "shelter_type": "picnic_shelter",
        "@geometry": "center"
      },
      "geometry": {
        "type": "Point",
        "coordinates": [
          19.1648374,
          49.8215247
        ]
      },
      "id": "way/603615333"
    },
    {
      "type": "Feature",
      "properties": {
        "@id": "way/615290538",
        "amenity": "shelter",
        "building": "yes",
        "shelter_type": "public_transport",
        "@geometry": "center"
      },
      "geometry": {
        "type": "Point",
        "coordinates": [
          20.0465449,
          49.5844135
        ]
      },
      "id": "way/615290538"
    },
    {
      "type": "Feature",
      "properties": {
        "@id": "way/615792923",
        "amenity": "shelter",
        "bench": "yes",
        "building": "yes",
        "shelter_type": "picnic_shelter",
        "@geometry": "center"
      },
      "geometry": {
        "type": "Point",
        "coordinates": [
          19.837101,
          49.5958542
        ]
      },
      "id": "way/615792923"
    },
    {
      "type": "Feature",
      "properties": {
        "@id": "way/617494191",
        "amenity": "shelter",
        "building": "roof",
        "shelter_type": "picnic_shelter",
        "@geometry": "center"
      },
      "geometry": {
        "type": "Point",
        "coordinates": [
          18.8877139,
          49.6447452
        ]
      },
      "id": "way/617494191"
    },
    {
      "type": "Feature",
      "properties": {
        "@id": "way/631919732",
        "access": "private",
        "amenity": "shelter",
        "bench": "yes",
        "bin": "no",
        "shelter_type": "roof",
        "@geometry": "center"
      },
      "geometry": {
        "type": "Point",
        "coordinates": [
          19.1410693,
          49.7694696
        ]
      },
      "id": "way/631919732"
    },
    {
      "type": "Feature",
      "properties": {
        "@id": "node/639235267",
        "amenity": "shelter",
        "tourism": "picnic_site"
      },
      "geometry": {
        "type": "Point",
        "coordinates": [
          18.9619365,
          49.7180152
        ]
      },
      "id": "node/639235267"
    },
    {
      "type": "Feature",
      "properties": {
        "@id": "way/643433303",
        "amenity": "shelter",
        "building": "carport",
        "shelter_type": "picnic_shelter",
        "@geometry": "center"
      },
      "geometry": {
        "type": "Point",
        "coordinates": [
          18.9651125,
          49.628225
        ]
      },
      "id": "way/643433303"
    },
    {
      "type": "Feature",
      "properties": {
        "@id": "way/645030265",
        "amenity": "shelter",
        "shelter_type": "weather_shelter",
        "@geometry": "center"
      },
      "geometry": {
        "type": "Point",
        "coordinates": [
          19.5293064,
          49.5695317
        ]
      },
      "id": "way/645030265"
    },
    {
      "type": "Feature",
      "properties": {
        "@id": "way/645030266",
        "amenity": "shelter",
        "image": "https://img.hiking.dennikn.sk/article/_older/large/big_Zruby_na_Babej_hore00.jpg",
        "shelter_type": "weather_shelter",
        "website": "https://hiking.dennikn.sk/ar/206/zruby_na_babej_hore.html",
        "@geometry": "center"
      },
      "geometry": {
        "type": "Point",
        "coordinates": [
          19.5191432,
          49.5695893
        ]
      },
      "id": "way/645030266"
    },
    {
      "type": "Feature",
      "properties": {
        "@id": "way/681456497",
        "amenity": "shelter",
        "building": "yes",
        "shelter_type": "public_transport",
        "@geometry": "center"
      },
      "geometry": {
        "type": "Point",
        "coordinates": [
          19.0621287,
          49.8061223
        ]
      },
      "id": "way/681456497"
    },
    {
      "type": "Feature",
      "properties": {
        "@id": "way/685522478",
        "amenity": "shelter",
        "bench": "yes",
        "building": "yes",
        "name": "Chatka na Jałowcu",
        "@geometry": "center"
      },
      "geometry": {
        "type": "Point",
        "coordinates": [
          19.4775836,
          49.6610163
        ]
      },
      "id": "way/685522478"
    },
    {
      "type": "Feature",
      "properties": {
        "@id": "way/691491723",
        "amenity": "shelter",
        "bin": "yes",
        "building": "carport",
        "shelter_type": "picnic_shelter",
        "source:building": "EGiB",
        "@geometry": "center"
      },
      "geometry": {
        "type": "Point",
        "coordinates": [
          19.9312879,
          49.8160793
        ]
      },
      "id": "way/691491723"
    },
    {
      "type": "Feature",
      "properties": {
        "@id": "way/695489799",
        "addr:housenumber": "180",
        "addr:place": "Żabnica",
        "building": "yes",
        "description": "40 miejsc noclegowych, bar, sklepik",
        "name": "Stacja Turystyczna Abrahamów",
        "operator": "Wanda Radecka",
        "phone": "+48 502 268 808",
        "phone_1": "+48 33 8626408",
        "source": "Knowledge, Bing",
        "tourism": "alpine_hut",
        "@geometry": "center"
      },
      "geometry": {
        "type": "Point",
        "coordinates": [
          19.1944861,
          49.5790616
        ]
      },
      "id": "way/695489799"
    },
    {
      "type": "Feature",
      "properties": {
        "@id": "way/713928972",
        "amenity": "shelter",
        "building": "yes",
        "shelter_type": "public_transport",
        "@geometry": "center"
      },
      "geometry": {
        "type": "Point",
        "coordinates": [
          19.802607,
          49.573309
        ]
      },
      "id": "way/713928972"
    },
    {
      "type": "Feature",
      "properties": {
        "@id": "way/713930432",
        "amenity": "shelter",
        "building": "carport",
        "building:levels": "1",
        "shelter_type": "public_transport",
        "source:building": "BDOT",
        "@geometry": "center"
      },
      "geometry": {
        "type": "Point",
        "coordinates": [
          19.9141857,
          49.6047375
        ]
      },
      "id": "way/713930432"
    },
    {
      "type": "Feature",
      "properties": {
        "@id": "way/714432538",
        "amenity": "shelter",
        "bench": "yes",
        "building": "roof",
        "material": "wood",
        "shelter_type": "picnic_shelter",
        "table": "yes",
        "@geometry": "center"
      },
      "geometry": {
        "type": "Point",
        "coordinates": [
          20.118501,
          49.8578656
        ]
      },
      "id": "way/714432538"
    },
    {
      "type": "Feature",
      "properties": {
        "@id": "way/714725034",
        "amenity": "shelter",
        "bench": "yes",
        "building": "roof",
        "@geometry": "center"
      },
      "geometry": {
        "type": "Point",
        "coordinates": [
          20.1174461,
          49.8582909
        ]
      },
      "id": "way/714725034"
    },
    {
      "type": "Feature",
      "properties": {
        "@id": "way/720455216",
        "amenity": "shelter",
        "bench": "yes",
        "bin": "yes",
        "building": "yes",
        "shelter_type": "public_transport",
        "@geometry": "center"
      },
      "geometry": {
        "type": "Point",
        "coordinates": [
          19.5391334,
          49.8082597
        ]
      },
      "id": "way/720455216"
    },
    {
      "type": "Feature",
      "properties": {
        "@id": "way/720455217",
        "amenity": "shelter",
        "bench": "yes",
        "bin": "yes",
        "building": "yes",
        "shelter_type": "public_transport",
        "@geometry": "center"
      },
      "geometry": {
        "type": "Point",
        "coordinates": [
          19.5377061,
          49.8092798
        ]
      },
      "id": "way/720455217"
    },
    {
      "type": "Feature",
      "properties": {
        "@id": "way/720462713",
        "amenity": "shelter",
        "bench": "yes",
        "bin": "yes",
        "building": "yes",
        "lit": "no",
        "shelter_type": "public_transport",
        "@geometry": "center"
      },
      "geometry": {
        "type": "Point",
        "coordinates": [
          19.5915982,
          49.8181273
        ]
      },
      "id": "way/720462713"
    },
    {
      "type": "Feature",
      "properties": {
        "@id": "way/720463155",
        "amenity": "shelter",
        "bench": "yes",
        "bin": "yes",
        "building": "yes",
        "lit": "no",
        "shelter_type": "public_transport",
        "@geometry": "center"
      },
      "geometry": {
        "type": "Point",
        "coordinates": [
          19.5904208,
          49.8341815
        ]
      },
      "id": "way/720463155"
    },
    {
      "type": "Feature",
      "properties": {
        "@id": "way/722744328",
        "amenity": "shelter",
        "bench": "yes",
        "bin": "yes",
        "shelter_type": "public_transport",
        "@geometry": "center"
      },
      "geometry": {
        "type": "Point",
        "coordinates": [
          19.2516948,
          49.8090566
        ]
      },
      "id": "way/722744328"
    },
    {
      "type": "Feature",
      "properties": {
        "@id": "way/722744862",
        "amenity": "shelter",
        "bench": "yes",
        "shelter_type": "public_transport",
        "@geometry": "center"
      },
      "geometry": {
        "type": "Point",
        "coordinates": [
          19.2753449,
          49.8019821
        ]
      },
      "id": "way/722744862"
    },
    {
      "type": "Feature",
      "properties": {
        "@id": "way/723298096",
        "amenity": "shelter",
        "shelter_type": "public_transport",
        "@geometry": "center"
      },
      "geometry": {
        "type": "Point",
        "coordinates": [
          19.2608661,
          49.8560021
        ]
      },
      "id": "way/723298096"
    },
    {
      "type": "Feature",
      "properties": {
        "@id": "way/723323563",
        "amenity": "shelter",
        "building": "yes",
        "shelter_type": "picnic_shelter",
        "@geometry": "center"
      },
      "geometry": {
        "type": "Point",
        "coordinates": [
          19.2886964,
          49.7582608
        ]
      },
      "id": "way/723323563"
    },
    {
      "type": "Feature",
      "properties": {
        "@id": "way/723323564",
        "amenity": "shelter",
        "building": "yes",
        "@geometry": "center"
      },
      "geometry": {
        "type": "Point",
        "coordinates": [
          19.288407,
          49.7583003
        ]
      },
      "id": "way/723323564"
    },
    {
      "type": "Feature",
      "properties": {
        "@id": "node/732284470",
        "name": "Olza",
        "natural": "spring",
        "source": "gps"
      },
      "geometry": {
        "type": "Point",
        "coordinates": [
          18.9776332,
          49.5764968
        ]
      },
      "id": "node/732284470"
    },
    {
      "type": "Feature",
      "properties": {
        "@id": "way/734569349",
        "amenity": "shelter",
        "shelter_type": "public_transport",
        "@geometry": "center"
      },
      "geometry": {
        "type": "Point",
        "coordinates": [
          20.1182487,
          49.8550415
        ]
      },
      "id": "way/734569349"
    },
    {
      "type": "Feature",
      "properties": {
        "@id": "way/738893775",
        "amenity": "shelter",
        "bench": "yes",
        "bin": "yes",
        "building": "yes",
        "layer": "1",
        "shelter_type": "public_transport",
        "@geometry": "center"
      },
      "geometry": {
        "type": "Point",
        "coordinates": [
          19.5360163,
          49.808527
        ]
      },
      "id": "way/738893775"
    },
    {
      "type": "Feature",
      "properties": {
        "@id": "way/753023237",
        "amenity": "shelter",
        "building:material": "wood",
        "name": "Aleja Zbójnicka",
        "operator": "Nadleśnictwo Węgierska Górka",
        "roof:orientation": "along",
        "shelter_type": "picnic_shelter",
        "source": "www.geoportal.gov.pl",
        "@geometry": "center"
      },
      "geometry": {
        "type": "Point",
        "coordinates": [
          19.179011,
          49.5897155
        ]
      },
      "id": "way/753023237"
    },
    {
      "type": "Feature",
      "properties": {
        "@id": "way/757643839",
        "amenity": "shelter",
        "building": "yes",
        "shelter_type": "public_transport",
        "@geometry": "center"
      },
      "geometry": {
        "type": "Point",
        "coordinates": [
          19.9014431,
          49.6572027
        ]
      },
      "id": "way/757643839"
    },
    {
      "type": "Feature",
      "properties": {
        "@id": "way/764595417",
        "amenity": "shelter",
        "bench": "yes",
        "building": "hut",
        "shelter_type": "weather_shelter",
        "@geometry": "center"
      },
      "geometry": {
        "type": "Point",
        "coordinates": [
          19.5323298,
          49.5963217
        ]
      },
      "id": "way/764595417"
    },
    {
      "type": "Feature",
      "properties": {
        "@id": "way/764595418",
        "amenity": "shelter",
        "bench": "yes",
        "building": "hut",
        "shelter_type": "weather_shelter",
        "@geometry": "center"
      },
      "geometry": {
        "type": "Point",
        "coordinates": [
          19.5326496,
          49.6098078
        ]
      },
      "id": "way/764595418"
    },
    {
      "type": "Feature",
      "properties": {
        "@id": "node/772174084",
        "contact:facebook": "http://www.facebook.com/Chatka.pod.Potrojna",
        "contact:mobile": "+48 501 694 158; +48602433412",
        "name": "Chatka pod Potrójną",
        "tourism": "alpine_hut",
        "website": "https://www.potrojna.com.pl/",
        "wikidata": "Q9189262",
        "wikipedia": "pl:Chatka pod Potrójną"
      },
      "geometry": {
        "type": "Point",
        "coordinates": [
          19.3762574,
          49.7686024
        ]
      },
      "id": "node/772174084"
    },
    {
      "type": "Feature",
      "properties": {
        "@id": "way/775132126",
        "amenity": "shelter",
        "fireplace": "yes",
        "shelter_type": "basic_hut",
        "url": "https://wiating.pl/wiata-w-psiej-dolinie/",
        "@geometry": "center"
      },
      "geometry": {
        "type": "Point",
        "coordinates": [
          19.6494622,
          49.61556
        ]
      },
      "id": "way/775132126"
    },
    {
      "type": "Feature",
      "properties": {
        "@id": "way/790999462",
        "amenity": "shelter",
        "building": "yes",
        "shelter_type": "gazebo",
        "source": "www.geoportal.gov.pl",
        "@geometry": "center"
      },
      "geometry": {
        "type": "Point",
        "coordinates": [
          18.9149737,
          49.7211176
        ]
      },
      "id": "way/790999462"
    },
    {
      "type": "Feature",
      "properties": {
        "@id": "way/803717970",
        "amenity": "shelter",
        "building": "yes",
        "@geometry": "center"
      },
      "geometry": {
        "type": "Point",
        "coordinates": [
          19.4761848,
          49.7999602
        ]
      },
      "id": "way/803717970"
    },
    {
      "type": "Feature",
      "properties": {
        "@id": "way/803717973",
        "amenity": "shelter",
        "building": "yes",
        "shelter_type": "picnic_shelter",
        "@geometry": "center"
      },
      "geometry": {
        "type": "Point",
        "coordinates": [
          19.4767025,
          49.8000092
        ]
      },
      "id": "way/803717973"
    },
    {
      "type": "Feature",
      "properties": {
        "@id": "way/806508531",
        "amenity": "shelter",
        "building": "yes",
        "shelter_type": "public_transport",
        "@geometry": "center"
      },
      "geometry": {
        "type": "Point",
        "coordinates": [
          19.4949789,
          49.7874936
        ]
      },
      "id": "way/806508531"
    },
    {
      "type": "Feature",
      "properties": {
        "@id": "way/807878483",
        "amenity": "shelter",
        "building": "yes",
        "description": "Mały budynek z pustaków, o wymiarach około 2m x 2m x 2m, bez drzwi. Może robić za schronienie od deszczu.",
        "@geometry": "center"
      },
      "geometry": {
        "type": "Point",
        "coordinates": [
          19.1655518,
          49.8306434
        ]
      },
      "id": "way/807878483"
    },
    {
      "type": "Feature",
      "properties": {
        "@id": "way/813615960",
        "amenity": "shelter",
        "bin": "yes",
        "building": "yes",
        "shelter_type": "picnic_shelter",
        "@geometry": "center"
      },
      "geometry": {
        "type": "Point",
        "coordinates": [
          19.430515,
          49.7398523
        ]
      },
      "id": "way/813615960"
    },
    {
      "type": "Feature",
      "properties": {
        "@id": "way/827902555",
        "amenity": "shelter",
        "building": "carport",
        "fireplace": "yes",
        "shelter_type": "picnic_shelter",
        "source": "www.geoportal.gov.pl",
        "@geometry": "center"
      },
      "geometry": {
        "type": "Point",
        "coordinates": [
          19.0990787,
          49.637086
        ]
      },
      "id": "way/827902555"
    },
    {
      "type": "Feature",
      "properties": {
        "@id": "way/835874440",
        "amenity": "shelter",
        "building": "yes",
        "shelter_type": "public_transport",
        "@geometry": "center"
      },
      "geometry": {
        "type": "Point",
        "coordinates": [
          19.094424,
          49.7613052
        ]
      },
      "id": "way/835874440"
    },
    {
      "type": "Feature",
      "properties": {
        "@id": "way/836480574",
        "amenity": "shelter",
        "building": "yes",
        "shelter_type": "public_transport",
        "@geometry": "center"
      },
      "geometry": {
        "type": "Point",
        "coordinates": [
          19.3254965,
          49.7629381
        ]
      },
      "id": "way/836480574"
    },
    {
      "type": "Feature",
      "properties": {
        "@id": "way/836481346",
        "amenity": "shelter",
        "building": "yes",
        "shelter_type": "picnic_shelter",
        "@geometry": "center"
      },
      "geometry": {
        "type": "Point",
        "coordinates": [
          19.3298106,
          49.7637945
        ]
      },
      "id": "way/836481346"
    },
    {
      "type": "Feature",
      "properties": {
        "@id": "way/837356153",
        "amenity": "shelter",
        "bench": "yes",
        "bin": "yes",
        "shelter_type": "pavilion",
        "@geometry": "center"
      },
      "geometry": {
        "type": "Point",
        "coordinates": [
          19.2617968,
          49.7294846
        ]
      },
      "id": "way/837356153"
    },
    {
      "type": "Feature",
      "properties": {
        "@id": "way/844855063",
        "amenity": "shelter",
        "shelter_type": "basic_hut",
        "@geometry": "center"
      },
      "geometry": {
        "type": "Point",
        "coordinates": [
          19.0619038,
          49.6920801
        ]
      },
      "id": "way/844855063"
    },
    {
      "type": "Feature",
      "properties": {
        "@id": "way/889344486",
        "amenity": "shelter",
        "shelter_type": "public_transport",
        "@geometry": "center"
      },
      "geometry": {
        "type": "Point",
        "coordinates": [
          20.1573958,
          49.7394612
        ]
      },
      "id": "way/889344486"
    },
    {
      "type": "Feature",
      "properties": {
        "@id": "way/898488997",
        "amenity": "shelter",
        "building": "yes",
        "shelter_type": "gazebo",
        "@geometry": "center"
      },
      "geometry": {
        "type": "Point",
        "coordinates": [
          19.5267954,
          49.6139886
        ]
      },
      "id": "way/898488997"
    },
    {
      "type": "Feature",
      "properties": {
        "@id": "way/912097564",
        "amenity": "shelter",
        "building": "hut",
        "shelter_type": "basic_hut",
        "@geometry": "center"
      },
      "geometry": {
        "type": "Point",
        "coordinates": [
          18.9558251,
          49.6907905
        ]
      },
      "id": "way/912097564"
    },
    {
      "type": "Feature",
      "properties": {
        "@id": "way/920420155",
        "amenity": "shelter",
        "building": "hut",
        "shelter_type": "public_transport",
        "@geometry": "center"
      },
      "geometry": {
        "type": "Point",
        "coordinates": [
          19.3956431,
          49.6321126
        ]
      },
      "id": "way/920420155"
    },
    {
      "type": "Feature",
      "properties": {
        "@id": "way/926795476",
        "amenity": "shelter",
        "shelter_type": "picnic_shelter",
        "@geometry": "center"
      },
      "geometry": {
        "type": "Point",
        "coordinates": [
          19.0424503,
          49.7064949
        ]
      },
      "id": "way/926795476"
    },
    {
      "type": "Feature",
      "properties": {
        "@id": "way/933423888",
        "amenity": "shelter",
        "@geometry": "center"
      },
      "geometry": {
        "type": "Point",
        "coordinates": [
          19.2085228,
          49.7523759
        ]
      },
      "id": "way/933423888"
    },
    {
      "type": "Feature",
      "properties": {
        "@id": "way/953319652",
        "amenity": "shelter",
        "bin": "yes",
        "building": "yes",
        "shelter_type": "picnic_shelter",
        "@geometry": "center"
      },
      "geometry": {
        "type": "Point",
        "coordinates": [
          19.343991,
          49.5757487
        ]
      },
      "id": "way/953319652"
    },
    {
      "type": "Feature",
      "properties": {
        "@id": "way/961668712",
        "amenity": "shelter",
        "shelter_type": "public_transport",
        "@geometry": "center"
      },
      "geometry": {
        "type": "Point",
        "coordinates": [
          18.9202821,
          49.6150758
        ]
      },
      "id": "way/961668712"
    },
    {
      "type": "Feature",
      "properties": {
        "@id": "way/964345306",
        "amenity": "shelter",
        "bench": "yes",
        "building": "yes",
        "shelter_type": "public_transport",
        "@geometry": "center"
      },
      "geometry": {
        "type": "Point",
        "coordinates": [
          19.580934,
          49.7981276
        ]
      },
      "id": "way/964345306"
    },
    {
      "type": "Feature",
      "properties": {
        "@id": "way/971761572",
        "access": "private",
        "amenity": "shelter",
        "building": "yes",
        "shelter_type": "picnic_shelter",
        "@geometry": "center"
      },
      "geometry": {
        "type": "Point",
        "coordinates": [
          19.5875528,
          49.7269733
        ]
      },
      "id": "way/971761572"
    },
    {
      "type": "Feature",
      "properties": {
        "@id": "way/972356918",
        "amenity": "shelter",
        "bench": "yes",
        "bin": "separate",
        "shelter_type": "public_transport",
        "@geometry": "center"
      },
      "geometry": {
        "type": "Point",
        "coordinates": [
          19.5822347,
          49.7403261
        ]
      },
      "id": "way/972356918"
    },
    {
      "type": "Feature",
      "properties": {
        "@id": "way/975558891",
        "amenity": "shelter",
        "building": "yes",
        "shelter_type": "picnic_shelter",
        "@geometry": "center"
      },
      "geometry": {
        "type": "Point",
        "coordinates": [
          19.09311,
          49.7946433
        ]
      },
      "id": "way/975558891"
    },
    {
      "type": "Feature",
      "properties": {
        "@id": "way/975560789",
        "amenity": "shelter",
        "building": "yes",
        "shelter_type": "gazebo",
        "@geometry": "center"
      },
      "geometry": {
        "type": "Point",
        "coordinates": [
          19.0921145,
          49.7940813
        ]
      },
      "id": "way/975560789"
    },
    {
      "type": "Feature",
      "properties": {
        "@id": "way/975570760",
        "amenity": "shelter",
        "building": "yes",
        "shelter_type": "gazebo",
        "@geometry": "center"
      },
      "geometry": {
        "type": "Point",
        "coordinates": [
          19.0888753,
          49.7958888
        ]
      },
      "id": "way/975570760"
    },
    {
      "type": "Feature",
      "properties": {
        "@id": "way/975570764",
        "amenity": "shelter",
        "building": "yes",
        "shelter_type": "gazebo",
        "@geometry": "center"
      },
      "geometry": {
        "type": "Point",
        "coordinates": [
          19.0878545,
          49.7978081
        ]
      },
      "id": "way/975570764"
    },
    {
      "type": "Feature",
      "properties": {
        "@id": "way/975570767",
        "amenity": "shelter",
        "building": "yes",
        "shelter_type": "gazebo",
        "@geometry": "center"
      },
      "geometry": {
        "type": "Point",
        "coordinates": [
          19.0872436,
          49.7983135
        ]
      },
      "id": "way/975570767"
    },
    {
      "type": "Feature",
      "properties": {
        "@id": "way/975570768",
        "amenity": "shelter",
        "building": "yes",
        "shelter_type": "gazebo",
        "@geometry": "center"
      },
      "geometry": {
        "type": "Point",
        "coordinates": [
          19.0880831,
          49.7986245
        ]
      },
      "id": "way/975570768"
    },
    {
      "type": "Feature",
      "properties": {
        "@id": "way/975570769",
        "amenity": "shelter",
        "building": "yes",
        "shelter_type": "gazebo",
        "@geometry": "center"
      },
      "geometry": {
        "type": "Point",
        "coordinates": [
          19.087735,
          49.7988054
        ]
      },
      "id": "way/975570769"
    },
    {
      "type": "Feature",
      "properties": {
        "@id": "way/975570775",
        "amenity": "shelter",
        "building": "yes",
        "shelter_type": "gazebo",
        "@geometry": "center"
      },
      "geometry": {
        "type": "Point",
        "coordinates": [
          19.0854312,
          49.7986753
        ]
      },
      "id": "way/975570775"
    },
    {
      "type": "Feature",
      "properties": {
        "@id": "way/977348522",
        "amenity": "shelter",
        "building": "roof",
        "shelter_type": "gazebo",
        "@geometry": "center"
      },
      "geometry": {
        "type": "Point",
        "coordinates": [
          19.1697877,
          49.8651928
        ]
      },
      "id": "way/977348522"
    },
    {
      "type": "Feature",
      "properties": {
        "@id": "way/984092026",
        "amenity": "shelter",
        "bench": "yes",
        "bin": "yes",
        "building": "roof",
        "check_date": "2021-09-10",
        "shelter_type": "picnic_shelter",
        "table": "yes",
        "@geometry": "center"
      },
      "geometry": {
        "type": "Point",
        "coordinates": [
          19.530772,
          49.6368348
        ]
      },
      "id": "way/984092026"
    },
    {
      "type": "Feature",
      "properties": {
        "@id": "way/984092027",
        "amenity": "shelter",
        "bench": "no",
        "bin": "no",
        "building": "roof",
        "check_date": "2021-09-10",
        "floor:material": "wood",
        "table": "no",
        "@geometry": "center"
      },
      "geometry": {
        "type": "Point",
        "coordinates": [
          19.530994,
          49.6369045
        ]
      },
      "id": "way/984092027"
    },
    {
      "type": "Feature",
      "properties": {
        "@id": "way/997740877",
        "amenity": "shelter",
        "bin": "yes",
        "building": "carport",
        "building:levels": "1",
        "shelter_type": "picnic_shelter",
        "source:building": "BDOT",
        "source:geometry": "EGiB",
        "@geometry": "center"
      },
      "geometry": {
        "type": "Point",
        "coordinates": [
          19.126893,
          49.7781985
        ]
      },
      "id": "way/997740877"
    },
    {
      "type": "Feature",
      "properties": {
        "@id": "way/1002098988",
        "amenity": "shelter",
        "bin": "yes",
        "building": "yes",
        "shelter_type": "picnic_shelter",
        "@geometry": "center"
      },
      "geometry": {
        "type": "Point",
        "coordinates": [
          18.9820376,
          49.7849109
        ]
      },
      "id": "way/1002098988"
    },
    {
      "type": "Feature",
      "properties": {
        "@id": "way/1033592918",
        "amenity": "shelter",
        "bench": "yes",
        "building": "yes",
        "shelter_type": "public_transport",
        "@geometry": "center"
      },
      "geometry": {
        "type": "Point",
        "coordinates": [
          19.2432274,
          49.848827
        ]
      },
      "id": "way/1033592918"
    },
    {
      "type": "Feature",
      "properties": {
        "@id": "way/1033601030",
        "amenity": "shelter",
        "building": "yes",
        "shelter_type": "picnic_shelter",
        "@geometry": "center"
      },
      "geometry": {
        "type": "Point",
        "coordinates": [
          19.2426549,
          49.8494296
        ]
      },
      "id": "way/1033601030"
    },
    {
      "type": "Feature",
      "properties": {
        "@id": "way/1033603575",
        "amenity": "shelter",
        "building": "yes",
        "shelter_type": "public_transport",
        "@geometry": "center"
      },
      "geometry": {
        "type": "Point",
        "coordinates": [
          19.240248,
          49.835588
        ]
      },
      "id": "way/1033603575"
    },
    {
      "type": "Feature",
      "properties": {
        "@id": "way/1033606807",
        "amenity": "shelter",
        "building": "yes",
        "@geometry": "center"
      },
      "geometry": {
        "type": "Point",
        "coordinates": [
          19.2356527,
          49.8250439
        ]
      },
      "id": "way/1033606807"
    },
    {
      "type": "Feature",
      "properties": {
        "@id": "way/1035352537",
        "amenity": "shelter",
        "building": "yes",
        "@geometry": "center"
      },
      "geometry": {
        "type": "Point",
        "coordinates": [
          19.2150535,
          49.8200104
        ]
      },
      "id": "way/1035352537"
    },
    {
      "type": "Feature",
      "properties": {
        "@id": "way/1035366711",
        "amenity": "shelter",
        "bench": "yes",
        "bin": "yes",
        "shelter_type": "public_transport",
        "@geometry": "center"
      },
      "geometry": {
        "type": "Point",
        "coordinates": [
          19.2241574,
          49.8148478
        ]
      },
      "id": "way/1035366711"
    },
    {
      "type": "Feature",
      "properties": {
        "@id": "way/1054046842",
        "amenity": "shelter",
        "building": "yes",
        "name": "Altana \"Steffansruhe\"",
        "shelter_type": "gazebo",
        "@geometry": "center"
      },
      "geometry": {
        "type": "Point",
        "coordinates": [
          19.0369763,
          49.768425
        ]
      },
      "id": "way/1054046842"
    },
    {
      "type": "Feature",
      "properties": {
        "@id": "way/1056802709",
        "amenity": "shelter",
        "building": "yes",
        "shelter_type": "public_transport",
        "@geometry": "center"
      },
      "geometry": {
        "type": "Point",
        "coordinates": [
          19.2339257,
          49.7194114
        ]
      },
      "id": "way/1056802709"
    },
    {
      "type": "Feature",
      "properties": {
        "@id": "way/1056862445",
        "amenity": "shelter",
        "building": "yes",
        "@geometry": "center"
      },
      "geometry": {
        "type": "Point",
        "coordinates": [
          19.4570649,
          49.7424881
        ]
      },
      "id": "way/1056862445"
    },
    {
      "type": "Feature",
      "properties": {
        "@id": "way/1056865015",
        "amenity": "shelter",
        "building": "yes",
        "shelter_type": "picnic_shelter",
        "@geometry": "center"
      },
      "geometry": {
        "type": "Point",
        "coordinates": [
          19.4630031,
          49.7382638
        ]
      },
      "id": "way/1056865015"
    },
    {
      "type": "Feature",
      "properties": {
        "@id": "way/1056867310",
        "amenity": "shelter",
        "building": "yes",
        "shelter_type": "public_transport",
        "@geometry": "center"
      },
      "geometry": {
        "type": "Point",
        "coordinates": [
          19.5083922,
          49.7282698
        ]
      },
      "id": "way/1056867310"
    },
    {
      "type": "Feature",
      "properties": {
        "@id": "way/1056869677",
        "amenity": "shelter",
        "building": "yes",
        "shelter_type": "public_transport",
        "@geometry": "center"
      },
      "geometry": {
        "type": "Point",
        "coordinates": [
          19.7569984,
          49.6757269
        ]
      },
      "id": "way/1056869677"
    },
    {
      "type": "Feature",
      "properties": {
        "@id": "way/1058314037",
        "access": "private",
        "amenity": "shelter",
        "bench": "yes",
        "building": "roof",
        "lit": "yes",
        "shelter_type": "picnic_shelter",
        "@geometry": "center"
      },
      "geometry": {
        "type": "Point",
        "coordinates": [
          19.9560781,
          49.753562
        ]
      },
      "id": "way/1058314037"
    },
    {
      "type": "Feature",
      "properties": {
        "@id": "way/1090200091",
        "amenity": "shelter",
        "building": "yes",
        "lit": "no",
        "material": "wood",
        "shelter_type": "picnic_shelter",
        "@geometry": "center"
      },
      "geometry": {
        "type": "Point",
        "coordinates": [
          18.9829645,
          49.6307053
        ]
      },
      "id": "way/1090200091"
    },
    {
      "type": "Feature",
      "properties": {
        "@id": "way/1090584079",
        "amenity": "shelter",
        "bench": "yes",
        "building": "hut",
        "shelter_type": "weather_shelter",
        "@geometry": "center"
      },
      "geometry": {
        "type": "Point",
        "coordinates": [
          19.5821211,
          49.5877282
        ]
      },
      "id": "way/1090584079"
    },
    {
      "type": "Feature",
      "properties": {
        "@id": "node/1100451137",
        "intermittent": "yes",
        "name": "Żródło Maryjne",
        "natural": "spring"
      },
      "geometry": {
        "type": "Point",
        "coordinates": [
          19.1540915,
          49.8175233
        ]
      },
      "id": "node/1100451137"
    },
    {
      "type": "Feature",
      "properties": {
        "@id": "way/1103576144",
        "amenity": "shelter",
        "building": "yes",
        "shelter_type": "gazebo",
        "@geometry": "center"
      },
      "geometry": {
        "type": "Point",
        "coordinates": [
          19.5537019,
          49.8056009
        ]
      },
      "id": "way/1103576144"
    },
    {
      "type": "Feature",
      "properties": {
        "@id": "way/1106562590",
        "amenity": "shelter",
        "building": "outbuilding",
        "building:levels": "1",
        "fireplace": "yes",
        "shelter_type": "picnic_shelter",
        "source": "www.geoportal.gov.pl",
        "@geometry": "center"
      },
      "geometry": {
        "type": "Point",
        "coordinates": [
          18.9221633,
          49.6127602
        ]
      },
      "id": "way/1106562590"
    },
    {
      "type": "Feature",
      "properties": {
        "@id": "way/1113132977",
        "amenity": "shelter",
        "building": "roof",
        "shelter_type": "picnic_shelter",
        "@geometry": "center"
      },
      "geometry": {
        "type": "Point",
        "coordinates": [
          19.3373369,
          49.571033
        ]
      },
      "id": "way/1113132977"
    },
    {
      "type": "Feature",
      "properties": {
        "@id": "way/1122466887",
        "amenity": "shelter",
        "building": "yes",
        "shelter_type": "public_transport",
        "@geometry": "center"
      },
      "geometry": {
        "type": "Point",
        "coordinates": [
          19.9210251,
          49.6396434
        ]
      },
      "id": "way/1122466887"
    },
    {
      "type": "Feature",
      "properties": {
        "@id": "way/1122467151",
        "amenity": "shelter",
        "building": "yes",
        "shelter_type": "public_transport",
        "@geometry": "center"
      },
      "geometry": {
        "type": "Point",
        "coordinates": [
          19.9217025,
          49.6386284
        ]
      },
      "id": "way/1122467151"
    },
    {
      "type": "Feature",
      "properties": {
        "@id": "way/1141773478",
        "amenity": "shelter",
        "building": "yes",
        "shelter_type": "picnic_shelter",
        "@geometry": "center"
      },
      "geometry": {
        "type": "Point",
        "coordinates": [
          19.0059889,
          49.7031301
        ]
      },
      "id": "way/1141773478"
    },
    {
      "type": "Feature",
      "properties": {
        "@id": "way/1141773479",
        "amenity": "shelter",
        "building": "yes",
        "shelter_type": "picnic_shelter",
        "@geometry": "center"
      },
      "geometry": {
        "type": "Point",
        "coordinates": [
          19.0063416,
          49.7033161
        ]
      },
      "id": "way/1141773479"
    },
    {
      "type": "Feature",
      "properties": {
        "@id": "way/1141773522",
        "amenity": "shelter",
        "building": "yes",
        "shelter_type": "picnic_shelter",
        "@geometry": "center"
      },
      "geometry": {
        "type": "Point",
        "coordinates": [
          19.0060112,
          49.7038793
        ]
      },
      "id": "way/1141773522"
    },
    {
      "type": "Feature",
      "properties": {
        "@id": "way/1143657734",
        "amenity": "shelter",
        "building": "yes",
        "shelter_type": "public_transport",
        "@geometry": "center"
      },
      "geometry": {
        "type": "Point",
        "coordinates": [
          19.7498275,
          49.6797228
        ]
      },
      "id": "way/1143657734"
    },
    {
      "type": "Feature",
      "properties": {
        "@id": "way/1157146163",
        "amenity": "shelter",
        "shelter_type": "picnic_shelter",
        "@geometry": "center"
      },
      "geometry": {
        "type": "Point",
        "coordinates": [
          19.115234,
          49.8150021
        ]
      },
      "id": "way/1157146163"
    },
    {
      "type": "Feature",
      "properties": {
        "@id": "way/1157146164",
        "amenity": "shelter",
        "shelter_type": "picnic_shelter",
        "@geometry": "center"
      },
      "geometry": {
        "type": "Point",
        "coordinates": [
          19.1152661,
          49.8150972
        ]
      },
      "id": "way/1157146164"
    },
    {
      "type": "Feature",
      "properties": {
        "@id": "way/1178779256",
        "amenity": "shelter",
        "building": "yes",
        "shelter_type": "public_transport",
        "@geometry": "center"
      },
      "geometry": {
        "type": "Point",
        "coordinates": [
          20.1402691,
          49.631568
        ]
      },
      "id": "way/1178779256"
    },
    {
      "type": "Feature",
      "properties": {
        "@id": "way/1178795662",
        "amenity": "shelter",
        "building": "yes",
        "shelter_type": "public_transport",
        "@geometry": "center"
      },
      "geometry": {
        "type": "Point",
        "coordinates": [
          20.119292,
          49.6429049
        ]
      },
      "id": "way/1178795662"
    },
    {
      "type": "Feature",
      "properties": {
        "@id": "way/1178795664",
        "amenity": "shelter",
        "building": "yes",
        "shelter_type": "public_transport",
        "@geometry": "center"
      },
      "geometry": {
        "type": "Point",
        "coordinates": [
          20.1217113,
          49.641296
        ]
      },
      "id": "way/1178795664"
    },
    {
      "type": "Feature",
      "properties": {
        "@id": "way/1178796014",
        "amenity": "shelter",
        "building": "yes",
        "shelter_type": "public_transport",
        "@geometry": "center"
      },
      "geometry": {
        "type": "Point",
        "coordinates": [
          20.1128729,
          49.6504061
        ]
      },
      "id": "way/1178796014"
    },
    {
      "type": "Feature",
      "properties": {
        "@id": "way/1178796015",
        "amenity": "shelter",
        "building": "yes",
        "shelter_type": "public_transport",
        "@geometry": "center"
      },
      "geometry": {
        "type": "Point",
        "coordinates": [
          20.1127773,
          49.651009
        ]
      },
      "id": "way/1178796015"
    },
    {
      "type": "Feature",
      "properties": {
        "@id": "way/1178796771",
        "amenity": "shelter",
        "building": "yes",
        "shelter_type": "public_transport",
        "@geometry": "center"
      },
      "geometry": {
        "type": "Point",
        "coordinates": [
          20.1051856,
          49.65772
        ]
      },
      "id": "way/1178796771"
    },
    {
      "type": "Feature",
      "properties": {
        "@id": "way/1178797107",
        "amenity": "shelter",
        "building": "yes",
        "shelter_type": "public_transport",
        "@geometry": "center"
      },
      "geometry": {
        "type": "Point",
        "coordinates": [
          20.0930252,
          49.6633881
        ]
      },
      "id": "way/1178797107"
    },
    {
      "type": "Feature",
      "properties": {
        "@id": "way/1178797108",
        "amenity": "shelter",
        "building": "yes",
        "shelter_type": "public_transport",
        "@geometry": "center"
      },
      "geometry": {
        "type": "Point",
        "coordinates": [
          20.0937789,
          49.6628427
        ]
      },
      "id": "way/1178797108"
    },
    {
      "type": "Feature",
      "properties": {
        "@id": "way/1178800273",
        "amenity": "shelter",
        "building": "yes",
        "shelter_type": "public_transport",
        "@geometry": "center"
      },
      "geometry": {
        "type": "Point",
        "coordinates": [
          20.1106012,
          49.6684449
        ]
      },
      "id": "way/1178800273"
    },
    {
      "type": "Feature",
      "properties": {
        "@id": "way/1191427290",
        "amenity": "shelter",
        "building": "bungalow",
        "building:levels": "1",
        "name": "Chatka myśliwska",
        "shelter_type": "basic_hut",
        "source": "www.geoportal.gov.pl",
        "@geometry": "center"
      },
      "geometry": {
        "type": "Point",
        "coordinates": [
          19.2742644,
          49.6324497
        ]
      },
      "id": "way/1191427290"
    },
    {
      "type": "Feature",
      "properties": {
        "@id": "way/1193591654",
        "amenity": "shelter",
        "building": "yes",
        "shelter_type": "public_transport",
        "@geometry": "center"
      },
      "geometry": {
        "type": "Point",
        "coordinates": [
          19.9016005,
          49.6562342
        ]
      },
      "id": "way/1193591654"
    },
    {
      "type": "Feature",
      "properties": {
        "@id": "way/1193591662",
        "amenity": "shelter",
        "building": "yes",
        "shelter_type": "public_transport",
        "@geometry": "center"
      },
      "geometry": {
        "type": "Point",
        "coordinates": [
          19.9159034,
          49.6816616
        ]
      },
      "id": "way/1193591662"
    },
    {
      "type": "Feature",
      "properties": {
        "@id": "way/1193591663",
        "amenity": "shelter",
        "building": "yes",
        "shelter_type": "public_transport",
        "@geometry": "center"
      },
      "geometry": {
        "type": "Point",
        "coordinates": [
          19.9341808,
          49.6841999
        ]
      },
      "id": "way/1193591663"
    },
    {
      "type": "Feature",
      "properties": {
        "@id": "way/1193591667",
        "amenity": "shelter",
        "building": "yes",
        "shelter_type": "public_transport",
        "@geometry": "center"
      },
      "geometry": {
        "type": "Point",
        "coordinates": [
          19.9479576,
          49.6862218
        ]
      },
      "id": "way/1193591667"
    },
    {
      "type": "Feature",
      "properties": {
        "@id": "way/1193591668",
        "amenity": "shelter",
        "building": "yes",
        "shelter_type": "public_transport",
        "@geometry": "center"
      },
      "geometry": {
        "type": "Point",
        "coordinates": [
          19.9491521,
          49.6868286
        ]
      },
      "id": "way/1193591668"
    },
    {
      "type": "Feature",
      "properties": {
        "@id": "way/1193591669",
        "amenity": "shelter",
        "building": "yes",
        "shelter_type": "public_transport",
        "@geometry": "center"
      },
      "geometry": {
        "type": "Point",
        "coordinates": [
          19.9576806,
          49.6917449
        ]
      },
      "id": "way/1193591669"
    },
    {
      "type": "Feature",
      "properties": {
        "@id": "way/1193598107",
        "amenity": "shelter",
        "bench": "yes",
        "bin": "yes",
        "covered": "no",
        "highway": "bus_stop",
        "passenger_information_display": "no",
        "public_transport": "platform",
        "shelter": "yes",
        "shelter_type": "public_transport",
        "tactile_paving": "no",
        "@geometry": "center"
      },
      "geometry": {
        "type": "Point",
        "coordinates": [
          19.9688313,
          49.7661104
        ]
      },
      "id": "way/1193598107"
    },
    {
      "type": "Feature",
      "properties": {
        "@id": "way/1193598108",
        "amenity": "shelter",
        "building": "yes",
        "shelter_type": "public_transport",
        "@geometry": "center"
      },
      "geometry": {
        "type": "Point",
        "coordinates": [
          19.963084,
          49.7731167
        ]
      },
      "id": "way/1193598108"
    },
    {
      "type": "Feature",
      "properties": {
        "@id": "way/1193598111",
        "amenity": "shelter",
        "bench": "yes",
        "bin": "yes",
        "building": "carport",
        "building:levels": "1",
        "covered": "no",
        "fireplace": "no",
        "highway": "bus_stop",
        "passenger_information_display": "no",
        "public_transport": "platform",
        "shelter": "yes",
        "shelter_type": "public_transport",
        "tactile_paving": "no",
        "wheelchair": "yes",
        "@geometry": "center"
      },
      "geometry": {
        "type": "Point",
        "coordinates": [
          19.9608841,
          49.7797559
        ]
      },
      "id": "way/1193598111"
    },
    {
      "type": "Feature",
      "properties": {
        "@id": "way/1193600302",
        "amenity": "shelter",
        "building": "yes",
        "shelter_type": "public_transport",
        "@geometry": "center"
      },
      "geometry": {
        "type": "Point",
        "coordinates": [
          19.9509406,
          49.7856393
        ]
      },
      "id": "way/1193600302"
    },
    {
      "type": "Feature",
      "properties": {
        "@id": "way/1194939049",
        "amenity": "shelter",
        "bench": "yes",
        "bin": "yes",
        "building": "roof",
        "shelter_type": "picnic_shelter",
        "@geometry": "center"
      },
      "geometry": {
        "type": "Point",
        "coordinates": [
          19.3137027,
          49.6551617
        ]
      },
      "id": "way/1194939049"
    },
    {
      "type": "Feature",
      "properties": {
        "@id": "way/1195193158",
        "amenity": "shelter",
        "building": "yes",
        "shelter_type": "picnic_shelter",
        "@geometry": "center"
      },
      "geometry": {
        "type": "Point",
        "coordinates": [
          19.7992465,
          49.777911
        ]
      },
      "id": "way/1195193158"
    },
    {
      "type": "Feature",
      "properties": {
        "@id": "way/1195207935",
        "amenity": "shelter",
        "building": "yes",
        "shelter_type": "public_transport",
        "@geometry": "center"
      },
      "geometry": {
        "type": "Point",
        "coordinates": [
          19.9567179,
          49.6948105
        ]
      },
      "id": "way/1195207935"
    },
    {
      "type": "Feature",
      "properties": {
        "@id": "way/1195214290",
        "amenity": "shelter",
        "building": "yes",
        "shelter_type": "public_transport",
        "@geometry": "center"
      },
      "geometry": {
        "type": "Point",
        "coordinates": [
          19.9570365,
          49.6931542
        ]
      },
      "id": "way/1195214290"
    },
    {
      "type": "Feature",
      "properties": {
        "@id": "way/1195214297",
        "amenity": "shelter",
        "building": "yes",
        "shelter_type": "public_transport",
        "@geometry": "center"
      },
      "geometry": {
        "type": "Point",
        "coordinates": [
          19.888942,
          49.6644651
        ]
      },
      "id": "way/1195214297"
    },
    {
      "type": "Feature",
      "properties": {
        "@id": "way/1198484509",
        "amenity": "shelter",
        "building": "yes",
        "shelter_type": "picnic_shelter",
        "@geometry": "center"
      },
      "geometry": {
        "type": "Point",
        "coordinates": [
          19.918362,
          49.5899177
        ]
      },
      "id": "way/1198484509"
    },
    {
      "type": "Feature",
      "properties": {
        "@id": "way/1198484510",
        "amenity": "shelter",
        "building": "yes",
        "shelter_type": "picnic_shelter",
        "@geometry": "center"
      },
      "geometry": {
        "type": "Point",
        "coordinates": [
          19.9184621,
          49.5899435
        ]
      },
      "id": "way/1198484510"
    },
    {
      "type": "Feature",
      "properties": {
        "@id": "way/1200672250",
        "amenity": "shelter",
        "shelter_type": "basic_hut",
        "@geometry": "center"
      },
      "geometry": {
        "type": "Point",
        "coordinates": [
          18.9617733,
          49.738294
        ]
      },
      "id": "way/1200672250"
    },
    {
      "type": "Feature",
      "properties": {
        "@id": "way/1220964631",
        "amenity": "shelter",
        "building": "roof",
        "shelter_type": "public_transport",
        "source": "www.Geoportal.gov.pl: Ortofoto",
        "@geometry": "center"
      },
      "geometry": {
        "type": "Point",
        "coordinates": [
          19.691394,
          49.7072864
        ]
      },
      "id": "way/1220964631"
    },
    {
      "type": "Feature",
      "properties": {
        "@id": "way/1243857700",
        "amenity": "shelter",
        "building": "yes",
        "@geometry": "center"
      },
      "geometry": {
        "type": "Point",
        "coordinates": [
          19.0412686,
          49.7182752
        ]
      },
      "id": "way/1243857700"
    },
    {
      "type": "Feature",
      "properties": {
        "@id": "way/1244172117",
        "amenity": "shelter",
        "building": "yes",
        "name": "Przystanek Szczyrk-Biła",
        "shelter_type": "public_transport",
        "@geometry": "center"
      },
      "geometry": {
        "type": "Point",
        "coordinates": [
          19.0022158,
          49.7234774
        ]
      },
      "id": "way/1244172117"
    },
    {
      "type": "Feature",
      "properties": {
        "@id": "way/1245118235",
        "amenity": "shelter",
        "building": "yes",
        "shelter_type": "picnic_shelter",
        "@geometry": "center"
      },
      "geometry": {
        "type": "Point",
        "coordinates": [
          18.9816634,
          49.6753221
        ]
      },
      "id": "way/1245118235"
    },
    {
      "type": "Feature",
      "properties": {
        "@id": "way/1246191235",
        "amenity": "shelter",
        "building": "yes",
        "shelter_type": "public_transport",
        "@geometry": "center"
      },
      "geometry": {
        "type": "Point",
        "coordinates": [
          19.0286968,
          49.7169197
        ]
      },
      "id": "way/1246191235"
    },
    {
      "type": "Feature",
      "properties": {
        "@id": "way/1246191236",
        "amenity": "shelter",
        "building": "yes",
        "shelter_type": "public_transport",
        "@geometry": "center"
      },
      "geometry": {
        "type": "Point",
        "coordinates": [
          19.0298088,
          49.7173576
        ]
      },
      "id": "way/1246191236"
    },
    {
      "type": "Feature",
      "properties": {
        "@id": "way/1246191237",
        "amenity": "shelter",
        "building": "yes",
        "shelter_type": "public_transport",
        "@geometry": "center"
      },
      "geometry": {
        "type": "Point",
        "coordinates": [
          19.0180886,
          49.7168801
        ]
      },
      "id": "way/1246191237"
    },
    {
      "type": "Feature",
      "properties": {
        "@id": "way/1246191238",
        "amenity": "shelter",
        "building": "yes",
        "shelter_type": "public_transport",
        "@geometry": "center"
      },
      "geometry": {
        "type": "Point",
        "coordinates": [
          19.0071472,
          49.7206762
        ]
      },
      "id": "way/1246191238"
    },
    {
      "type": "Feature",
      "properties": {
        "@id": "way/1246191243",
        "amenity": "shelter",
        "building": "yes",
        "@geometry": "center"
      },
      "geometry": {
        "type": "Point",
        "coordinates": [
          19.009917,
          49.7258232
        ]
      },
      "id": "way/1246191243"
    },
    {
      "type": "Feature",
      "properties": {
        "@id": "way/1248788278",
        "amenity": "shelter",
        "building": "yes",
        "shelter_type": "picnic_shelter",
        "@geometry": "center"
      },
      "geometry": {
        "type": "Point",
        "coordinates": [
          19.2928762,
          49.7949739
        ]
      },
      "id": "way/1248788278"
    },
    {
      "type": "Feature",
      "properties": {
        "@id": "way/1248789593",
        "amenity": "shelter",
        "shelter_type": "public_transport",
        "@geometry": "center"
      },
      "geometry": {
        "type": "Point",
        "coordinates": [
          19.2932191,
          49.7951942
        ]
      },
      "id": "way/1248789593"
    },
    {
      "type": "Feature",
      "properties": {
        "@id": "way/1252976839",
        "amenity": "shelter",
        "building": "yes",
        "shelter_type": "gazebo",
        "@geometry": "center"
      },
      "geometry": {
        "type": "Point",
        "coordinates": [
          19.0063187,
          49.722226
        ]
      },
      "id": "way/1252976839"
    },
    {
      "type": "Feature",
      "properties": {
        "@id": "way/1252976840",
        "amenity": "shelter",
        "building": "yes",
        "shelter_type": "gazebo",
        "@geometry": "center"
      },
      "geometry": {
        "type": "Point",
        "coordinates": [
          19.0050171,
          49.7213045
        ]
      },
      "id": "way/1252976840"
    },
    {
      "type": "Feature",
      "properties": {
        "@id": "way/1252976844",
        "amenity": "shelter",
        "shelter_type": "public_transport",
        "@geometry": "center"
      },
      "geometry": {
        "type": "Point",
        "coordinates": [
          19.0176697,
          49.7111236
        ]
      },
      "id": "way/1252976844"
    },
    {
      "type": "Feature",
      "properties": {
        "@id": "way/1253005956",
        "amenity": "shelter",
        "building": "yes",
        "shelter_type": "public_transport",
        "@geometry": "center"
      },
      "geometry": {
        "type": "Point",
        "coordinates": [
          19.2014717,
          49.7716624
        ]
      },
      "id": "way/1253005956"
    },
    {
      "type": "Feature",
      "properties": {
        "@id": "way/1253005957",
        "amenity": "shelter",
        "building": "yes",
        "shelter_type": "public_transport",
        "@geometry": "center"
      },
      "geometry": {
        "type": "Point",
        "coordinates": [
          19.1941133,
          49.7878116
        ]
      },
      "id": "way/1253005957"
    },
    {
      "type": "Feature",
      "properties": {
        "@id": "way/1254078584",
        "amenity": "shelter",
        "building": "yes",
        "shelter_type": "public_transport",
        "@geometry": "center"
      },
      "geometry": {
        "type": "Point",
        "coordinates": [
          19.3264093,
          49.8496395
        ]
      },
      "id": "way/1254078584"
    },
    {
      "type": "Feature",
      "properties": {
        "@id": "way/1254628145",
        "amenity": "shelter",
        "bench": "yes",
        "building": "roof",
        "shelter_type": "public_transport",
        "source": "geoportal.gov.pl:orto",
        "@geometry": "center"
      },
      "geometry": {
        "type": "Point",
        "coordinates": [
          19.5818638,
          49.7409329
        ]
      },
      "id": "way/1254628145"
    },
    {
      "type": "Feature",
      "properties": {
        "@id": "way/1254628146",
        "amenity": "shelter",
        "bench": "yes",
        "building": "roof",
        "shelter_type": "public_transport",
        "@geometry": "center"
      },
      "geometry": {
        "type": "Point",
        "coordinates": [
          19.5809019,
          49.740678
        ]
      },
      "id": "way/1254628146"
    },
    {
      "type": "Feature",
      "properties": {
        "@id": "way/1254628147",
        "amenity": "shelter",
        "bench": "yes",
        "building": "roof",
        "shelter_type": "public_transport",
        "@geometry": "center"
      },
      "geometry": {
        "type": "Point",
        "coordinates": [
          19.5810315,
          49.7407118
        ]
      },
      "id": "way/1254628147"
    },
    {
      "type": "Feature",
      "properties": {
        "@id": "way/1254628148",
        "amenity": "shelter",
        "bench": "yes",
        "building": "roof",
        "shelter_type": "public_transport",
        "@geometry": "center"
      },
      "geometry": {
        "type": "Point",
        "coordinates": [
          19.5799811,
          49.7404234
        ]
      },
      "id": "way/1254628148"
    },
    {
      "type": "Feature",
      "properties": {
        "@id": "way/1254628149",
        "amenity": "shelter",
        "bench": "yes",
        "building": "roof",
        "shelter_type": "public_transport",
        "@geometry": "center"
      },
      "geometry": {
        "type": "Point",
        "coordinates": [
          19.5798063,
          49.7403773
        ]
      },
      "id": "way/1254628149"
    },
    {
      "type": "Feature",
      "properties": {
        "@id": "way/1258797172",
        "amenity": "shelter",
        "building": "yes",
        "shelter_type": "public_transport",
        "@geometry": "center"
      },
      "geometry": {
        "type": "Point",
        "coordinates": [
          19.053624,
          49.7274993
        ]
      },
      "id": "way/1258797172"
    },
    {
      "type": "Feature",
      "properties": {
        "@id": "way/1258797173",
        "amenity": "shelter",
        "building": "yes",
        "shelter_type": "public_transport",
        "@geometry": "center"
      },
      "geometry": {
        "type": "Point",
        "coordinates": [
          19.0550787,
          49.7275179
        ]
      },
      "id": "way/1258797173"
    },
    {
      "type": "Feature",
      "properties": {
        "@id": "node/1261006770",
        "natural": "spring"
      },
      "geometry": {
        "type": "Point",
        "coordinates": [
          19.243402,
          49.7783806
        ]
      },
      "id": "node/1261006770"
    },
    {
      "type": "Feature",
      "properties": {
        "@id": "node/1264159907",
        "drinking_water": "no",
        "natural": "spring"
      },
      "geometry": {
        "type": "Point",
        "coordinates": [
          19.2337352,
          49.7526679
        ]
      },
      "id": "node/1264159907"
    },
    {
      "type": "Feature",
      "properties": {
        "@id": "way/1267090807",
        "amenity": "shelter",
        "building": "yes",
        "shelter_type": "gazebo",
        "@geometry": "center"
      },
      "geometry": {
        "type": "Point",
        "coordinates": [
          19.0519524,
          49.7381254
        ]
      },
      "id": "way/1267090807"
    },
    {
      "type": "Feature",
      "properties": {
        "@id": "way/1267091438",
        "amenity": "shelter",
        "building": "yes",
        "shelter_type": "gazebo",
        "@geometry": "center"
      },
      "geometry": {
        "type": "Point",
        "coordinates": [
          19.0513702,
          49.7364991
        ]
      },
      "id": "way/1267091438"
    },
    {
      "type": "Feature",
      "properties": {
        "@id": "way/1267094147",
        "amenity": "shelter",
        "building": "yes",
        "shelter_type": "gazebo",
        "@geometry": "center"
      },
      "geometry": {
        "type": "Point",
        "coordinates": [
          19.0662087,
          49.7311561
        ]
      },
      "id": "way/1267094147"
    },
    {
      "type": "Feature",
      "properties": {
        "@id": "way/1267103006",
        "amenity": "shelter",
        "building": "yes",
        "@geometry": "center"
      },
      "geometry": {
        "type": "Point",
        "coordinates": [
          19.0073302,
          49.706705
        ]
      },
      "id": "way/1267103006"
    },
    {
      "type": "Feature",
      "properties": {
        "@id": "way/1267103254",
        "amenity": "shelter",
        "building": "yes",
        "@geometry": "center"
      },
      "geometry": {
        "type": "Point",
        "coordinates": [
          19.0096407,
          49.7077338
        ]
      },
      "id": "way/1267103254"
    },
    {
      "type": "Feature",
      "properties": {
        "@id": "way/1273906802",
        "amenity": "shelter",
        "shelter_type": "picnic_shelter",
        "@geometry": "center"
      },
      "geometry": {
        "type": "Point",
        "coordinates": [
          19.2969803,
          49.6196752
        ]
      },
      "id": "way/1273906802"
    },
    {
      "type": "Feature",
      "properties": {
        "@id": "way/1278424374",
        "amenity": "shelter",
        "building": "yes",
        "shelter_type": "picnic_shelter",
        "@geometry": "center"
      },
      "geometry": {
        "type": "Point",
        "coordinates": [
          19.5869969,
          49.734679
        ]
      },
      "id": "way/1278424374"
    },
    {
      "type": "Feature",
      "properties": {
        "@id": "way/1304412205",
        "amenity": "shelter",
        "fireplace": "yes",
        "shelter_type": "weather_shelter",
        "@geometry": "center"
      },
      "geometry": {
        "type": "Point",
        "coordinates": [
          19.9508359,
          49.7219454
        ]
      },
      "id": "way/1304412205"
    },
    {
      "type": "Feature",
      "properties": {
        "@id": "way/1305029305",
        "amenity": "shelter",
        "building": "yes",
        "shelter_type": "picnic_shelter",
        "@geometry": "center"
      },
      "geometry": {
        "type": "Point",
        "coordinates": [
          19.7997362,
          49.7843948
        ]
      },
      "id": "way/1305029305"
    },
    {
      "type": "Feature",
      "properties": {
        "@id": "way/1306547507",
        "access": "private",
        "amenity": "shelter",
        "building": "yes",
        "shelter_type": "picnic_shelter",
        "@geometry": "center"
      },
      "geometry": {
        "type": "Point",
        "coordinates": [
          19.7200455,
          49.7269583
        ]
      },
      "id": "way/1306547507"
    },
    {
      "type": "Feature",
      "properties": {
        "@id": "way/1312063677",
        "amenity": "shelter",
        "building": "yes",
        "shelter_type": "picnic_shelter",
        "@geometry": "center"
      },
      "geometry": {
        "type": "Point",
        "coordinates": [
          19.6800328,
          49.7243738
        ]
      },
      "id": "way/1312063677"
    },
    {
      "type": "Feature",
      "properties": {
        "@id": "way/1312071477",
        "amenity": "shelter",
        "building": "yes",
        "name": "Grzechynia-Polana",
        "shelter_type": "public_transport",
        "@geometry": "center"
      },
      "geometry": {
        "type": "Point",
        "coordinates": [
          19.6036322,
          49.7015641
        ]
      },
      "id": "way/1312071477"
    },
    {
      "type": "Feature",
      "properties": {
        "@id": "way/1312082811",
        "amenity": "shelter",
        "building": "yes",
        "shelter_type": "public_transport",
        "@geometry": "center"
      },
      "geometry": {
        "type": "Point",
        "coordinates": [
          19.5309873,
          49.7410123
        ]
      },
      "id": "way/1312082811"
    },
    {
      "type": "Feature",
      "properties": {
        "@id": "way/1312366784",
        "amenity": "shelter",
        "building": "yes",
        "shelter_type": "public_transport",
        "@geometry": "center"
      },
      "geometry": {
        "type": "Point",
        "coordinates": [
          19.5178299,
          49.7461033
        ]
      },
      "id": "way/1312366784"
    },
    {
      "type": "Feature",
      "properties": {
        "@id": "way/1312372787",
        "amenity": "shelter",
        "building": "yes",
        "shelter_type": "public_transport",
        "@geometry": "center"
      },
      "geometry": {
        "type": "Point",
        "coordinates": [
          19.524143,
          49.7819013
        ]
      },
      "id": "way/1312372787"
    },
    {
      "type": "Feature",
      "properties": {
        "@id": "way/1320630517",
        "amenity": "shelter",
        "shelter_type": "public_transport",
        "source": "geoportal.gov.pl:orto",
        "@geometry": "center"
      },
      "geometry": {
        "type": "Point",
        "coordinates": [
          19.6749878,
          49.7271856
        ]
      },
      "id": "way/1320630517"
    },
    {
      "type": "Feature",
      "properties": {
        "@id": "way/1325471556",
        "amenity": "shelter",
        "building": "yes",
        "shelter_type": "picnic_shelter",
        "@geometry": "center"
      },
      "geometry": {
        "type": "Point",
        "coordinates": [
          19.6792751,
          49.727087
        ]
      },
      "id": "way/1325471556"
    },
    {
      "type": "Feature",
      "properties": {
        "@id": "way/1325473740",
        "amenity": "shelter",
        "building": "yes",
        "shelter_type": "public_transport",
        "@geometry": "center"
      },
      "geometry": {
        "type": "Point",
        "coordinates": [
          19.6863893,
          49.7973519
        ]
      },
      "id": "way/1325473740"
    },
    {
      "type": "Feature",
      "properties": {
        "@id": "way/1328560694",
        "access": "private",
        "amenity": "shelter",
        "building": "yes",
        "shelter_type": "picnic_shelter",
        "@geometry": "center"
      },
      "geometry": {
        "type": "Point",
        "coordinates": [
          19.9754478,
          49.6232265
        ]
      },
      "id": "way/1328560694"
    },
    {
      "type": "Feature",
      "properties": {
        "@id": "way/1339477214",
        "amenity": "shelter",
        "building": "yes",
        "description": "Tężnia solankowa",
        "man_made": "graduation_tower",
        "shelter_type": "gazebo",
        "@geometry": "center"
      },
      "geometry": {
        "type": "Point",
        "coordinates": [
          18.945056,
          49.8527107
        ]
      },
      "id": "way/1339477214"
    },
    {
      "type": "Feature",
      "properties": {
        "@id": "way/1339477215",
        "amenity": "shelter",
        "building": "yes",
        "shelter_type": "gazebo",
        "@geometry": "center"
      },
      "geometry": {
        "type": "Point",
        "coordinates": [
          18.9454569,
          49.8526166
        ]
      },
      "id": "way/1339477215"
    },
    {
      "type": "Feature",
      "properties": {
        "@id": "way/1347773025",
        "amenity": "shelter",
        "building": "yes",
        "shelter_type": "public_transport",
        "@geometry": "center"
      },
      "geometry": {
        "type": "Point",
        "coordinates": [
          19.5992885,
          49.7420159
        ]
      },
      "id": "way/1347773025"
    },
    {
      "type": "Feature",
      "properties": {
        "@id": "way/1351566671",
        "amenity": "shelter",
        "building": "yes",
        "shelter_type": "picnic_shelter",
        "@geometry": "center"
      },
      "geometry": {
        "type": "Point",
        "coordinates": [
          19.0565322,
          49.7664306
        ]
      },
      "id": "way/1351566671"
    },
    {
      "type": "Feature",
      "properties": {
        "@id": "way/1353492461",
        "amenity": "shelter",
        "fireplace": "no",
        "@geometry": "center"
      },
      "geometry": {
        "type": "Point",
        "coordinates": [
          19.0649404,
          49.7885749
        ]
      },
      "id": "way/1353492461"
    },
    {
      "type": "Feature",
      "properties": {
        "@id": "way/1353612178",
        "amenity": "shelter",
        "building": "farm",
        "name": "Bacówka Błatniomaniaków",
        "shelter_type": "basic_hut",
        "@geometry": "center"
      },
      "geometry": {
        "type": "Point",
        "coordinates": [
          18.9302508,
          49.7406911
        ]
      },
      "id": "way/1353612178"
    },
    {
      "type": "Feature",
      "properties": {
        "@id": "way/1357034643",
        "amenity": "shelter",
        "building": "carport",
        "building:levels": "1",
        "source:building": "EGiB",
        "@geometry": "center"
      },
      "geometry": {
        "type": "Point",
        "coordinates": [
          19.9327108,
          49.8166995
        ]
      },
      "id": "way/1357034643"
    },
    {
      "type": "Feature",
      "properties": {
        "@id": "way/1363877341",
        "amenity": "shelter",
        "bin": "yes",
        "building": "yes",
        "fireplace": "no",
        "shelter_type": "picnic_shelter",
        "@geometry": "center"
      },
      "geometry": {
        "type": "Point",
        "coordinates": [
          18.9820756,
          49.7845535
        ]
      },
      "id": "way/1363877341"
    },
    {
      "type": "Feature",
      "properties": {
        "@id": "node/1365782249",
        "natural": "spring"
      },
      "geometry": {
        "type": "Point",
        "coordinates": [
          19.4822414,
          49.5736776
        ]
      },
      "id": "node/1365782249"
    },
    {
      "type": "Feature",
      "properties": {
        "@id": "way/1370008782",
        "amenity": "shelter",
        "building": "allotment_house",
        "shelter_type": "rock_shelter",
        "@geometry": "center"
      },
      "geometry": {
        "type": "Point",
        "coordinates": [
          18.9223832,
          49.6451507
        ]
      },
      "id": "way/1370008782"
    },
    {
      "type": "Feature",
      "properties": {
        "@id": "way/1372492217",
        "amenity": "shelter",
        "bench": "yes",
        "building": "yes",
        "shelter_type": "public_transport",
        "@geometry": "center"
      },
      "geometry": {
        "type": "Point",
        "coordinates": [
          19.8910713,
          49.6480224
        ]
      },
      "id": "way/1372492217"
    },
    {
      "type": "Feature",
      "properties": {
        "@id": "way/1372753775",
        "amenity": "shelter",
        "building": "yes",
        "shelter_type": "gazebo",
        "@geometry": "center"
      },
      "geometry": {
        "type": "Point",
        "coordinates": [
          20.0403183,
          49.6457338
        ]
      },
      "id": "way/1372753775"
    },
    {
      "type": "Feature",
      "properties": {
        "@id": "node/1380645481",
        "amenity": "shelter",
        "shelter_type": "weather_shelter"
      },
      "geometry": {
        "type": "Point",
        "coordinates": [
          18.9658351,
          49.5897921
        ]
      },
      "id": "node/1380645481"
    },
    {
      "type": "Feature",
      "properties": {
        "@id": "way/1383028538",
        "access": "private",
        "amenity": "shelter",
        "building": "yes",
        "shelter_type": "picnic_shelter",
        "@geometry": "center"
      },
      "geometry": {
        "type": "Point",
        "coordinates": [
          19.2062851,
          49.6710369
        ]
      },
      "id": "way/1383028538"
    },
    {
      "type": "Feature",
      "properties": {
        "@id": "way/1383036949",
        "amenity": "shelter",
        "building": "yes",
        "shelter_type": "public_transport",
        "@geometry": "center"
      },
      "geometry": {
        "type": "Point",
        "coordinates": [
          19.5471942,
          49.8121737
        ]
      },
      "id": "way/1383036949"
    },
    {
      "type": "Feature",
      "properties": {
        "@id": "way/1389739446",
        "amenity": "shelter",
        "building": "roof",
        "shelter_type": "public_transport",
        "source": "www.Geoportal.gov.pl: Ortofoto",
        "@geometry": "center"
      },
      "geometry": {
        "type": "Point",
        "coordinates": [
          19.6697285,
          49.8336029
        ]
      },
      "id": "way/1389739446"
    },
    {
      "type": "Feature",
      "properties": {
        "@id": "way/1389739447",
        "amenity": "shelter",
        "building": "roof",
        "shelter_type": "public_transport",
        "source": "www.Geoportal.gov.pl: Ortofoto",
        "@geometry": "center"
      },
      "geometry": {
        "type": "Point",
        "coordinates": [
          19.6702564,
          49.8335909
        ]
      },
      "id": "way/1389739447"
    },
    {
      "type": "Feature",
      "properties": {
        "@id": "way/1389739448",
        "amenity": "shelter",
        "building": "roof",
        "shelter_type": "public_transport",
        "source": "www.Geoportal.gov.pl: Ortofoto",
        "@geometry": "center"
      },
      "geometry": {
        "type": "Point",
        "coordinates": [
          19.6701446,
          49.8336004
        ]
      },
      "id": "way/1389739448"
    },
    {
      "type": "Feature",
      "properties": {
        "@id": "way/1395457331",
        "amenity": "shelter",
        "building": "yes",
        "shelter_type": "public_transport",
        "@geometry": "center"
      },
      "geometry": {
        "type": "Point",
        "coordinates": [
          19.0790262,
          49.8405425
        ]
      },
      "id": "way/1395457331"
    },
    {
      "type": "Feature",
      "properties": {
        "@id": "way/1412330365",
        "amenity": "shelter",
        "fireplace": "no",
        "name": "Szałas BgPN",
        "shelter_type": "picnic_shelter",
        "@geometry": "center"
      },
      "geometry": {
        "type": "Point",
        "coordinates": [
          19.4692407,
          49.5971548
        ]
      },
      "id": "way/1412330365"
    },
    {
      "type": "Feature",
      "properties": {
        "@id": "way/1416115121",
        "amenity": "shelter",
        "bench": "yes",
        "bin": "yes",
        "building": "yes",
        "lit": "no",
        "name": "Wilkowice Górne",
        "shelter_type": "public_transport",
        "@geometry": "center"
      },
      "geometry": {
        "type": "Point",
        "coordinates": [
          19.1130689,
          49.7585416
        ]
      },
      "id": "way/1416115121"
    },
    {
      "type": "Feature",
      "properties": {
        "@id": "way/1416146014",
        "amenity": "shelter",
        "building": "gazebo",
        "shelter_type": "gazebo",
        "@geometry": "center"
      },
      "geometry": {
        "type": "Point",
        "coordinates": [
          18.9858203,
          49.78609
        ]
      },
      "id": "way/1416146014"
    },
    {
      "type": "Feature",
      "properties": {
        "@id": "way/1417460521",
        "amenity": "shelter",
        "bench": "yes",
        "bin": "yes",
        "building": "yes",
        "lit": "no",
        "shelter_type": "public_transport",
        "@geometry": "center"
      },
      "geometry": {
        "type": "Point",
        "coordinates": [
          19.7072636,
          49.868817
        ]
      },
      "id": "way/1417460521"
    },
    {
      "type": "Feature",
      "properties": {
        "@id": "way/1417460522",
        "amenity": "shelter",
        "bench": "yes",
        "bin": "yes",
        "building": "yes",
        "lit": "yes",
        "shelter_type": "public_transport",
        "@geometry": "center"
      },
      "geometry": {
        "type": "Point",
        "coordinates": [
          19.7064236,
          49.8687251
        ]
      },
      "id": "way/1417460522"
    },
    {
      "type": "Feature",
      "properties": {
        "@id": "way/1417494193",
        "amenity": "shelter",
        "building": "yes",
        "shelter_type": "picnic_shelter",
        "@geometry": "center"
      },
      "geometry": {
        "type": "Point",
        "coordinates": [
          19.8762344,
          49.6512464
        ]
      },
      "id": "way/1417494193"
    },
    {
      "type": "Feature",
      "properties": {
        "@id": "way/1417528483",
        "access": "private",
        "amenity": "shelter",
        "building": "yes",
        "shelter_type": "gazebo",
        "@geometry": "center"
      },
      "geometry": {
        "type": "Point",
        "coordinates": [
          19.5953234,
          49.6477849
        ]
      },
      "id": "way/1417528483"
    },
    {
      "type": "Feature",
      "properties": {
        "@id": "way/1417642445",
        "amenity": "shelter",
        "building": "yes",
        "shelter_type": "picnic_shelter",
        "@geometry": "center"
      },
      "geometry": {
        "type": "Point",
        "coordinates": [
          19.0410643,
          49.7419972
        ]
      },
      "id": "way/1417642445"
    },
    {
      "type": "Feature",
      "properties": {
        "@id": "way/1418979192",
        "amenity": "shelter",
        "bench": "yes",
        "bin": "yes",
        "building": "yes",
        "lit": "no",
        "shelter_type": "public_transport",
        "@geometry": "center"
      },
      "geometry": {
        "type": "Point",
        "coordinates": [
          19.6886533,
          49.8393007
        ]
      },
      "id": "way/1418979192"
    },
    {
      "type": "Feature",
      "properties": {
        "@id": "way/1418979193",
        "amenity": "shelter",
        "bench": "yes",
        "bin": "yes",
        "building": "yes",
        "lit": "no",
        "shelter_type": "public_transport",
        "@geometry": "center"
      },
      "geometry": {
        "type": "Point",
        "coordinates": [
          19.6838375,
          49.8348335
        ]
      },
      "id": "way/1418979193"
    },
    {
      "type": "Feature",
      "properties": {
        "@id": "way/1418979194",
        "amenity": "shelter",
        "bench": "yes",
        "bin": "yes",
        "building": "yes",
        "lit": "no",
        "shelter_type": "public_transport",
        "@geometry": "center"
      },
      "geometry": {
        "type": "Point",
        "coordinates": [
          19.672798,
          49.8334186
        ]
      },
      "id": "way/1418979194"
    },
    {
      "type": "Feature",
      "properties": {
        "@id": "way/1418979195",
        "amenity": "shelter",
        "bench": "yes",
        "bin": "yes",
        "building": "yes",
        "lit": "no",
        "shelter_type": "public_transport",
        "@geometry": "center"
      },
      "geometry": {
        "type": "Point",
        "coordinates": [
          19.6738751,
          49.8333429
        ]
      },
      "id": "way/1418979195"
    },
    {
      "type": "Feature",
      "properties": {
        "@id": "way/1418979196",
        "amenity": "shelter",
        "bench": "yes",
        "bin": "yes",
        "building": "yes",
        "lit": "yes",
        "shelter_type": "public_transport",
        "@geometry": "center"
      },
      "geometry": {
        "type": "Point",
        "coordinates": [
          19.6563118,
          49.8257366
        ]
      },
      "id": "way/1418979196"
    },
    {
      "type": "Feature",
      "properties": {
        "@id": "way/1418979197",
        "amenity": "shelter",
        "bench": "yes",
        "bin": "yes",
        "building": "yes",
        "lit": "yes",
        "shelter_type": "public_transport",
        "@geometry": "center"
      },
      "geometry": {
        "type": "Point",
        "coordinates": [
          19.647299,
          49.8251425
        ]
      },
      "id": "way/1418979197"
    },
    {
      "type": "Feature",
      "properties": {
        "@id": "way/1418979198",
        "amenity": "shelter",
        "bench": "yes",
        "bin": "yes",
        "building": "yes",
        "lit": "no",
        "shelter_type": "public_transport",
        "@geometry": "center"
      },
      "geometry": {
        "type": "Point",
        "coordinates": [
          19.63899,
          49.825563
        ]
      },
      "id": "way/1418979198"
    },
    {
      "type": "Feature",
      "properties": {
        "@id": "way/1418979199",
        "amenity": "shelter",
        "bench": "yes",
        "bin": "yes",
        "building": "yes",
        "lit": "no",
        "shelter_type": "public_transport",
        "@geometry": "center"
      },
      "geometry": {
        "type": "Point",
        "coordinates": [
          19.6375361,
          49.8258235
        ]
      },
      "id": "way/1418979199"
    },
    {
      "type": "Feature",
      "properties": {
        "@id": "way/1418979200",
        "amenity": "shelter",
        "bench": "yes",
        "bin": "yes",
        "building": "yes",
        "lit": "no",
        "shelter_type": "public_transport",
        "@geometry": "center"
      },
      "geometry": {
        "type": "Point",
        "coordinates": [
          19.6275649,
          49.8259714
        ]
      },
      "id": "way/1418979200"
    },
    {
      "type": "Feature",
      "properties": {
        "@id": "way/1418979201",
        "amenity": "shelter",
        "bench": "yes",
        "bin": "yes",
        "building": "yes",
        "lit": "no",
        "shelter_type": "public_transport",
        "@geometry": "center"
      },
      "geometry": {
        "type": "Point",
        "coordinates": [
          19.6112113,
          49.8255183
        ]
      },
      "id": "way/1418979201"
    },
    {
      "type": "Feature",
      "properties": {
        "@id": "way/1418979202",
        "amenity": "shelter",
        "bench": "yes",
        "bin": "no",
        "building": "yes",
        "lit": "no",
        "shelter_type": "public_transport",
        "@geometry": "center"
      },
      "geometry": {
        "type": "Point",
        "coordinates": [
          19.6035335,
          49.8226882
        ]
      },
      "id": "way/1418979202"
    },
    {
      "type": "Feature",
      "properties": {
        "@id": "way/1418979203",
        "amenity": "shelter",
        "bench": "yes",
        "bin": "yes",
        "building": "yes",
        "lit": "no",
        "shelter_type": "public_transport",
        "@geometry": "center"
      },
      "geometry": {
        "type": "Point",
        "coordinates": [
          19.5976476,
          49.8133889
        ]
      },
      "id": "way/1418979203"
    },
    {
      "type": "Feature",
      "properties": {
        "@id": "way/1419644539",
        "amenity": "shelter",
        "building": "yes",
        "shelter_type": "gazebo",
        "@geometry": "center"
      },
      "geometry": {
        "type": "Point",
        "coordinates": [
          19.2320032,
          49.696697
        ]
      },
      "id": "way/1419644539"
    },
    {
      "type": "Feature",
      "properties": {
        "@id": "way/1420996935",
        "amenity": "shelter",
        "bench": "yes",
        "bin": "yes",
        "building": "yes",
        "lit": "no",
        "shelter_type": "public_transport",
        "@geometry": "center"
      },
      "geometry": {
        "type": "Point",
        "coordinates": [
          19.698267,
          49.8416048
        ]
      },
      "id": "way/1420996935"
    },
    {
      "type": "Feature",
      "properties": {
        "@id": "way/1420996936",
        "amenity": "shelter",
        "bench": "yes",
        "bin": "yes",
        "building": "yes",
        "lit": "yes",
        "shelter_type": "public_transport",
        "@geometry": "center"
      },
      "geometry": {
        "type": "Point",
        "coordinates": [
          19.7131435,
          49.8243997
        ]
      },
      "id": "way/1420996936"
    },
    {
      "type": "Feature",
      "properties": {
        "@id": "way/1420996937",
        "amenity": "shelter",
        "bench": "yes",
        "bin": "yes",
        "building": "yes",
        "lit": "yes",
        "shelter_type": "public_transport",
        "@geometry": "center"
      },
      "geometry": {
        "type": "Point",
        "coordinates": [
          19.7172659,
          49.8172493
        ]
      },
      "id": "way/1420996937"
    },
    {
      "type": "Feature",
      "properties": {
        "@id": "way/1420996938",
        "amenity": "shelter",
        "bench": "yes",
        "bin": "yes",
        "building": "yes",
        "lit": "yes",
        "shelter_type": "public_transport",
        "@geometry": "center"
      },
      "geometry": {
        "type": "Point",
        "coordinates": [
          19.7432013,
          49.8125943
        ]
      },
      "id": "way/1420996938"
    },
    {
      "type": "Feature",
      "properties": {
        "@id": "way/1420996939",
        "amenity": "shelter",
        "bench": "yes",
        "bin": "yes",
        "building": "yes",
        "lit": "yes",
        "shelter_type": "public_transport",
        "@geometry": "center"
      },
      "geometry": {
        "type": "Point",
        "coordinates": [
          19.5893408,
          49.8258529
        ]
      },
      "id": "way/1420996939"
    },
    {
      "type": "Feature",
      "properties": {
        "@id": "way/1420996940",
        "amenity": "shelter",
        "bench": "yes",
        "bin": "yes",
        "building": "yes",
        "lit": "no",
        "shelter_type": "public_transport",
        "@geometry": "center"
      },
      "geometry": {
        "type": "Point",
        "coordinates": [
          19.5799817,
          49.8405004
        ]
      },
      "id": "way/1420996940"
    },
    {
      "type": "Feature",
      "properties": {
        "@id": "way/1420996941",
        "amenity": "shelter",
        "bench": "yes",
        "bin": "yes",
        "building": "yes",
        "lit": "no",
        "shelter_type": "public_transport",
        "@geometry": "center"
      },
      "geometry": {
        "type": "Point",
        "coordinates": [
          19.5733333,
          49.8459374
        ]
      },
      "id": "way/1420996941"
    },
    {
      "type": "Feature",
      "properties": {
        "@id": "way/1420996942",
        "amenity": "shelter",
        "bench": "yes",
        "bin": "no",
        "building": "yes",
        "lit": "no",
        "shelter_type": "public_transport",
        "@geometry": "center"
      },
      "geometry": {
        "type": "Point",
        "coordinates": [
          19.5562882,
          49.8640003
        ]
      },
      "id": "way/1420996942"
    },
    {
      "type": "Feature",
      "properties": {
        "@id": "way/1420996943",
        "amenity": "shelter",
        "bench": "yes",
        "bin": "no",
        "building": "yes",
        "lit": "no",
        "shelter_type": "public_transport",
        "@geometry": "center"
      },
      "geometry": {
        "type": "Point",
        "coordinates": [
          19.5611821,
          49.8601984
        ]
      },
      "id": "way/1420996943"
    },
    {
      "type": "Feature",
      "properties": {
        "@id": "way/1422844511",
        "amenity": "shelter",
        "building": "yes",
        "@geometry": "center"
      },
      "geometry": {
        "type": "Point",
        "coordinates": [
          19.6005396,
          49.740572
        ]
      },
      "id": "way/1422844511"
    },
    {
      "type": "Feature",
      "properties": {
        "@id": "way/1436368801",
        "amenity": "shelter",
        "building": "roof",
        "fireplace": "yes",
        "shelter_type": "picnic_shelter",
        "@geometry": "center"
      },
      "geometry": {
        "type": "Point",
        "coordinates": [
          18.9073565,
          49.6644785
        ]
      },
      "id": "way/1436368801"
    },
    {
      "type": "Feature",
      "properties": {
        "@id": "way/1443312041",
        "amenity": "shelter",
        "building": "yes",
        "shelter_type": "public_transport",
        "@geometry": "center"
      },
      "geometry": {
        "type": "Point",
        "coordinates": [
          19.0940953,
          49.6747726
        ]
      },
      "id": "way/1443312041"
    },
    {
      "type": "Feature",
      "properties": {
        "@id": "way/1443545726",
        "amenity": "shelter",
        "building": "yes",
        "shelter_type": "public_transport",
        "@geometry": "center"
      },
      "geometry": {
        "type": "Point",
        "coordinates": [
          19.0523328,
          49.7987518
        ]
      },
      "id": "way/1443545726"
    },
    {
      "type": "Feature",
      "properties": {
        "@id": "way/1443798022",
        "amenity": "shelter",
        "building": "yes",
        "shelter_type": "picnic_shelter",
        "@geometry": "center"
      },
      "geometry": {
        "type": "Point",
        "coordinates": [
          19.9205213,
          49.6199518
        ]
      },
      "id": "way/1443798022"
    },
    {
      "type": "Feature",
      "properties": {
        "@id": "way/1443798023",
        "amenity": "shelter",
        "building": "yes",
        "shelter_type": "picnic_shelter",
        "@geometry": "center"
      },
      "geometry": {
        "type": "Point",
        "coordinates": [
          19.9205477,
          49.6200002
        ]
      },
      "id": "way/1443798023"
    },
    {
      "type": "Feature",
      "properties": {
        "@id": "way/1443798024",
        "amenity": "shelter",
        "building": "yes",
        "shelter_type": "picnic_shelter",
        "@geometry": "center"
      },
      "geometry": {
        "type": "Point",
        "coordinates": [
          19.9206564,
          49.6199804
        ]
      },
      "id": "way/1443798024"
    },
    {
      "type": "Feature",
      "properties": {
        "@id": "way/1443798025",
        "amenity": "shelter",
        "building": "yes",
        "shelter_type": "picnic_shelter",
        "@geometry": "center"
      },
      "geometry": {
        "type": "Point",
        "coordinates": [
          19.9206948,
          49.620045
        ]
      },
      "id": "way/1443798025"
    },
    {
      "type": "Feature",
      "properties": {
        "@id": "way/1443798026",
        "amenity": "shelter",
        "building": "yes",
        "shelter_type": "picnic_shelter",
        "@geometry": "center"
      },
      "geometry": {
        "type": "Point",
        "coordinates": [
          19.92059,
          49.6200764
        ]
      },
      "id": "way/1443798026"
    },
    {
      "type": "Feature",
      "properties": {
        "@id": "way/1443798027",
        "amenity": "shelter",
        "building": "yes",
        "shelter_type": "picnic_shelter",
        "@geometry": "center"
      },
      "geometry": {
        "type": "Point",
        "coordinates": [
          19.9206139,
          49.6201216
        ]
      },
      "id": "way/1443798027"
    },
    {
      "type": "Feature",
      "properties": {
        "@id": "way/1447813649",
        "amenity": "shelter",
        "building": "carport",
        "building:levels": "1",
        "shelter_type": "public_transport",
        "source:building": "BDOT",
        "@geometry": "center"
      },
      "geometry": {
        "type": "Point",
        "coordinates": [
          19.888435,
          49.6236465
        ]
      },
      "id": "way/1447813649"
    },
    {
      "type": "Feature",
      "properties": {
        "@id": "way/1447813652",
        "amenity": "shelter",
        "building": "carport",
        "building:levels": "1",
        "shelter_type": "public_transport",
        "source:building": "BDOT",
        "@geometry": "center"
      },
      "geometry": {
        "type": "Point",
        "coordinates": [
          19.8838402,
          49.6293335
        ]
      },
      "id": "way/1447813652"
    },
    {
      "type": "Feature",
      "properties": {
        "@id": "way/1491060817",
        "amenity": "shelter",
        "shelter_type": "public_transport",
        "@geometry": "center"
      },
      "geometry": {
        "type": "Point",
        "coordinates": [
          19.0288977,
          49.8121085
        ]
      },
      "id": "way/1491060817"
    },
    {
      "type": "Feature",
      "properties": {
        "@id": "way/1498025351",
        "amenity": "shelter",
        "shelter_type": "public_transport",
        "@geometry": "center"
      },
      "geometry": {
        "type": "Point",
        "coordinates": [
          19.724959,
          49.8502862
        ]
      },
      "id": "way/1498025351"
    },
    {
      "type": "Feature",
      "properties": {
        "@id": "way/1501216944",
        "amenity": "shelter",
        "building": "yes",
        "shelter_type": "gazebo",
        "@geometry": "center"
      },
      "geometry": {
        "type": "Point",
        "coordinates": [
          19.712286,
          49.8478919
        ]
      },
      "id": "way/1501216944"
    },
    {
      "type": "Feature",
      "properties": {
        "@id": "way/1504197725",
        "amenity": "shelter",
        "building": "roof",
        "@geometry": "center"
      },
      "geometry": {
        "type": "Point",
        "coordinates": [
          19.3791235,
          49.671653
        ]
      },
      "id": "way/1504197725"
    },
    {
      "type": "Feature",
      "properties": {
        "@id": "way/1511334409",
        "amenity": "shelter",
        "@geometry": "center"
      },
      "geometry": {
        "type": "Point",
        "coordinates": [
          20.1035355,
          49.6637998
        ]
      },
      "id": "way/1511334409"
    },
    {
      "type": "Feature",
      "properties": {
        "@id": "way/1512646759",
        "amenity": "shelter",
        "shelter_type": "public_transport",
        "@geometry": "center"
      },
      "geometry": {
        "type": "Point",
        "coordinates": [
          19.0251927,
          49.8569313
        ]
      },
      "id": "way/1512646759"
    },
    {
      "type": "Feature",
      "properties": {
        "@id": "way/1518753488",
        "amenity": "shelter",
        "shelter_type": "public_transport",
        "@geometry": "center"
      },
      "geometry": {
        "type": "Point",
        "coordinates": [
          19.9135108,
          49.8537063
        ]
      },
      "id": "way/1518753488"
    },
    {
      "type": "Feature",
      "properties": {
        "@id": "way/1518753489",
        "amenity": "shelter",
        "shelter_type": "public_transport",
        "@geometry": "center"
      },
      "geometry": {
        "type": "Point",
        "coordinates": [
          19.9119325,
          49.8540035
        ]
      },
      "id": "way/1518753489"
    },
    {
      "type": "Feature",
      "properties": {
        "@id": "way/1524567654",
        "amenity": "shelter",
        "building": "yes",
        "shelter_type": "public_transport",
        "@geometry": "center"
      },
      "geometry": {
        "type": "Point",
        "coordinates": [
          19.9135753,
          49.6453326
        ]
      },
      "id": "way/1524567654"
    },
    {
      "type": "Feature",
      "properties": {
        "@id": "way/1524568688",
        "amenity": "shelter",
        "building": "yes",
        "shelter_type": "picnic_shelter",
        "@geometry": "center"
      },
      "geometry": {
        "type": "Point",
        "coordinates": [
          19.869473,
          49.6973836
        ]
      },
      "id": "way/1524568688"
    },
    {
      "type": "Feature",
      "properties": {
        "@id": "way/1524578997",
        "amenity": "shelter",
        "building": "yes",
        "name": "Ostoja Nowoć",
        "shelter_type": "picnic_shelter",
        "@geometry": "center"
      },
      "geometry": {
        "type": "Point",
        "coordinates": [
          19.7450083,
          49.5782538
        ]
      },
      "id": "way/1524578997"
    },
    {
      "type": "Feature",
      "properties": {
        "@id": "way/1524944001",
        "amenity": "shelter",
        "fireplace": "no",
        "shelter_type": "picnic_shelter",
        "@geometry": "center"
      },
      "geometry": {
        "type": "Point",
        "coordinates": [
          20.1412179,
          49.7726028
        ]
      },
      "id": "way/1524944001"
    },
    {
      "type": "Feature",
      "properties": {
        "@id": "way/1524944003",
        "amenity": "shelter",
        "fireplace": "yes",
        "shelter_type": "picnic_shelter",
        "@geometry": "center"
      },
      "geometry": {
        "type": "Point",
        "coordinates": [
          20.0065753,
          49.8251123
        ]
      },
      "id": "way/1524944003"
    },
    {
      "type": "Feature",
      "properties": {
        "@id": "way/1524944004",
        "amenity": "shelter",
        "fireplace": "yes",
        "shelter_type": "picnic_shelter",
        "@geometry": "center"
      },
      "geometry": {
        "type": "Point",
        "coordinates": [
          19.9967137,
          49.8189349
        ]
      },
      "id": "way/1524944004"
    },
    {
      "type": "Feature",
      "properties": {
        "@id": "way/1525629379",
        "amenity": "shelter",
        "building": "yes",
        "shelter_type": "gazebo",
        "@geometry": "center"
      },
      "geometry": {
        "type": "Point",
        "coordinates": [
          20.1694004,
          49.6666639
        ]
      },
      "id": "way/1525629379"
    },
    {
      "type": "Feature",
      "properties": {
        "@id": "node/1529589671",
        "natural": "spring",
        "operator": "Spółka Wodno-Wodociągowa \"Pod Hrobaczą Łąką\""
      },
      "geometry": {
        "type": "Point",
        "coordinates": [
          19.1814167,
          49.8215412
        ]
      },
      "id": "node/1529589671"
    },
    {
      "type": "Feature",
      "properties": {
        "@id": "node/1529589687",
        "natural": "spring",
        "operator": "Spółka Wodno-Wodociągowa \"Pod Hrobaczą Łąką\""
      },
      "geometry": {
        "type": "Point",
        "coordinates": [
          19.1795425,
          49.8217476
        ]
      },
      "id": "node/1529589687"
    },
    {
      "type": "Feature",
      "properties": {
        "@id": "way/1530828986",
        "amenity": "shelter",
        "building": "yes",
        "shelter_type": "public_transport",
        "@geometry": "center"
      },
      "geometry": {
        "type": "Point",
        "coordinates": [
          19.5713852,
          49.7377638
        ]
      },
      "id": "way/1530828986"
    },
    {
      "type": "Feature",
      "properties": {
        "@id": "way/1531744243",
        "amenity": "shelter",
        "building": "yes",
        "shelter_type": "picnic_shelter",
        "@geometry": "center"
      },
      "geometry": {
        "type": "Point",
        "coordinates": [
          19.8087758,
          49.6577788
        ]
      },
      "id": "way/1531744243"
    },
    {
      "type": "Feature",
      "properties": {
        "@id": "way/1537305226",
        "amenity": "shelter",
        "shelter_type": "public_transport",
        "@geometry": "center"
      },
      "geometry": {
        "type": "Point",
        "coordinates": [
          19.6930602,
          49.8660218
        ]
      },
      "id": "way/1537305226"
    },
    {
      "type": "Feature",
      "properties": {
        "@id": "way/1537305227",
        "amenity": "shelter",
        "shelter_type": "public_transport",
        "@geometry": "center"
      },
      "geometry": {
        "type": "Point",
        "coordinates": [
          19.693866,
          49.8661726
        ]
      },
      "id": "way/1537305227"
    },
    {
      "type": "Feature",
      "properties": {
        "@id": "way/1537423469",
        "amenity": "shelter",
        "building": "yes",
        "shelter_type": "public_transport",
        "@geometry": "center"
      },
      "geometry": {
        "type": "Point",
        "coordinates": [
          19.3355168,
          49.8557268
        ]
      },
      "id": "way/1537423469"
    },
    {
      "type": "Feature",
      "properties": {
        "@id": "way/1537423482",
        "amenity": "shelter",
        "shelter_type": "public_transport",
        "@geometry": "center"
      },
      "geometry": {
        "type": "Point",
        "coordinates": [
          19.3331875,
          49.8561065
        ]
      },
      "id": "way/1537423482"
    },
    {
      "type": "Feature",
      "properties": {
        "@id": "way/1537431374",
        "amenity": "shelter",
        "shelter_type": "public_transport",
        "@geometry": "center"
      },
      "geometry": {
        "type": "Point",
        "coordinates": [
          19.0378815,
          49.8145303
        ]
      },
      "id": "way/1537431374"
    },
    {
      "type": "Feature",
      "properties": {
        "@id": "way/1537432364",
        "amenity": "shelter",
        "shelter_type": "public_transport",
        "@geometry": "center"
      },
      "geometry": {
        "type": "Point",
        "coordinates": [
          19.0316367,
          49.8126288
        ]
      },
      "id": "way/1537432364"
    },
    {
      "type": "Feature",
      "properties": {
        "@id": "way/1537432365",
        "amenity": "shelter",
        "shelter_type": "public_transport",
        "@geometry": "center"
      },
      "geometry": {
        "type": "Point",
        "coordinates": [
          19.0365099,
          49.8143122
        ]
      },
      "id": "way/1537432365"
    },
    {
      "type": "Feature",
      "properties": {
        "@id": "way/1537543481",
        "amenity": "shelter",
        "shelter_type": "public_transport",
        "@geometry": "center"
      },
      "geometry": {
        "type": "Point",
        "coordinates": [
          19.57412,
          49.8659353
        ]
      },
      "id": "way/1537543481"
    },
    {
      "type": "Feature",
      "properties": {
        "@id": "way/1537543482",
        "amenity": "shelter",
        "shelter_type": "public_transport",
        "@geometry": "center"
      },
      "geometry": {
        "type": "Point",
        "coordinates": [
          19.5756764,
          49.86565
        ]
      },
      "id": "way/1537543482"
    },
    {
      "type": "Feature",
      "properties": {
        "@id": "node/1778634945",
        "amenity": "shelter",
        "bench": "yes"
      },
      "geometry": {
        "type": "Point",
        "coordinates": [
          18.9439184,
          49.589535
        ]
      },
      "id": "node/1778634945"
    },
    {
      "type": "Feature",
      "properties": {
        "@id": "node/1831448735",
        "name": "Żródełko Asi i Daniela",
        "natural": "spring"
      },
      "geometry": {
        "type": "Point",
        "coordinates": [
          19.1072601,
          49.7747467
        ]
      },
      "id": "node/1831448735"
    },
    {
      "type": "Feature",
      "properties": {
        "@id": "node/1832251572",
        "natural": "spring"
      },
      "geometry": {
        "type": "Point",
        "coordinates": [
          19.1715451,
          49.8148117
        ]
      },
      "id": "node/1832251572"
    },
    {
      "type": "Feature",
      "properties": {
        "@id": "node/1833598610",
        "natural": "spring"
      },
      "geometry": {
        "type": "Point",
        "coordinates": [
          19.1716188,
          49.8147675
        ]
      },
      "id": "node/1833598610"
    },
    {
      "type": "Feature",
      "properties": {
        "@id": "node/2266715299",
        "amenity": "drinking_water",
        "source": "GPS"
      },
      "geometry": {
        "type": "Point",
        "coordinates": [
          19.0578148,
          49.6617292
        ]
      },
      "id": "node/2266715299"
    },
    {
      "type": "Feature",
      "properties": {
        "@id": "node/2359108046",
        "amenity": "shelter",
        "shelter_type": "public_transport"
      },
      "geometry": {
        "type": "Point",
        "coordinates": [
          19.7871417,
          49.658636
        ]
      },
      "id": "node/2359108046"
    },
    {
      "type": "Feature",
      "properties": {
        "@id": "node/2359108054",
        "amenity": "shelter",
        "shelter_type": "public_transport"
      },
      "geometry": {
        "type": "Point",
        "coordinates": [
          19.7867675,
          49.6592382
        ]
      },
      "id": "node/2359108054"
    },
    {
      "type": "Feature",
      "properties": {
        "@id": "node/2360837774",
        "amenity": "shelter"
      },
      "geometry": {
        "type": "Point",
        "coordinates": [
          19.8322683,
          49.6373357
        ]
      },
      "id": "node/2360837774"
    },
    {
      "type": "Feature",
      "properties": {
        "@id": "node/2360837777",
        "amenity": "shelter"
      },
      "geometry": {
        "type": "Point",
        "coordinates": [
          19.8321967,
          49.6372966
        ]
      },
      "id": "node/2360837777"
    },
    {
      "type": "Feature",
      "properties": {
        "@id": "node/2360837779",
        "amenity": "shelter"
      },
      "geometry": {
        "type": "Point",
        "coordinates": [
          19.8319825,
          49.6371801
        ]
      },
      "id": "node/2360837779"
    },
    {
      "type": "Feature",
      "properties": {
        "@id": "node/2360837781",
        "amenity": "shelter"
      },
      "geometry": {
        "type": "Point",
        "coordinates": [
          19.8330505,
          49.637742
        ]
      },
      "id": "node/2360837781"
    },
    {
      "type": "Feature",
      "properties": {
        "@id": "node/2442825957",
        "amenity": "shelter"
      },
      "geometry": {
        "type": "Point",
        "coordinates": [
          19.3911082,
          49.7797443
        ]
      },
      "id": "node/2442825957"
    },
    {
      "type": "Feature",
      "properties": {
        "@id": "node/2517557707",
        "amenity": "shelter",
        "source": "survey"
      },
      "geometry": {
        "type": "Point",
        "coordinates": [
          19.7115405,
          49.6491443
        ]
      },
      "id": "node/2517557707"
    },
    {
      "type": "Feature",
      "properties": {
        "@id": "node/2608290455",
        "amenity": "shelter",
        "fixme": "do sprawdzenia"
      },
      "geometry": {
        "type": "Point",
        "coordinates": [
          19.1721551,
          49.8094178
        ]
      },
      "id": "node/2608290455"
    },
    {
      "type": "Feature",
      "properties": {
        "@id": "node/2836791822",
        "name": "Wykapy Czarnej Wisełki",
        "natural": "spring",
        "ref:ckkp": "SL00726"
      },
      "geometry": {
        "type": "Point",
        "coordinates": [
          19.0035196,
          49.6057099
        ]
      },
      "id": "node/2836791822"
    },
    {
      "type": "Feature",
      "properties": {
        "@id": "node/2914472573",
        "amenity": "shelter",
        "shelter_type": "picnic_shelter"
      },
      "geometry": {
        "type": "Point",
        "coordinates": [
          19.4877952,
          49.5967839
        ]
      },
      "id": "node/2914472573"
    },
    {
      "type": "Feature",
      "properties": {
        "@id": "node/3034633658",
        "amenity": "shelter",
        "fireplace": "yes",
        "shelter_type": "picnic_shelter"
      },
      "geometry": {
        "type": "Point",
        "coordinates": [
          19.0624013,
          49.6624829
        ]
      },
      "id": "node/3034633658"
    },
    {
      "type": "Feature",
      "properties": {
        "@id": "node/3034633754",
        "amenity": "shelter",
        "bench": "yes",
        "bin": "yes",
        "bus": "yes",
        "covered": "yes",
        "departures_board": "timetable",
        "highway": "bus_stop",
        "name": "Ostre Rondo",
        "operator": "Travel-Bus",
        "public_transport": "platform",
        "shelter": "yes",
        "shelter_type": "public_transport",
        "sign": "no",
        "tactile_paving": "no",
        "wheelchair": "limited"
      },
      "geometry": {
        "type": "Point",
        "coordinates": [
          19.0758393,
          49.6664609
        ]
      },
      "id": "node/3034633754"
    },
    {
      "type": "Feature",
      "properties": {
        "@id": "node/3265722861",
        "drinking_water": "no",
        "historic": "memorial",
        "inscription": "ŹRÓDŁO KOŚCIUSZKI 1794-1894 WŁASNOŚĆ HR. BOBROWSKICH ZREKONSTRUOWANO STARANIEM T.M.A. W 1994",
        "memorial": "plaque",
        "name": "Źródło Kościuszki",
        "natural": "spring",
        "official_name": "Stankowa Studnia",
        "source:name": "PRNG"
      },
      "geometry": {
        "type": "Point",
        "coordinates": [
          19.3510417,
          49.8466023
        ]
      },
      "id": "node/3265722861"
    },
    {
      "type": "Feature",
      "properties": {
        "@id": "node/3316915481",
        "natural": "spring"
      },
      "geometry": {
        "type": "Point",
        "coordinates": [
          18.9960276,
          49.6267821
        ]
      },
      "id": "node/3316915481"
    },
    {
      "type": "Feature",
      "properties": {
        "@id": "node/3463997668",
        "amenity": "shelter",
        "check_date": "2024-07-26",
        "shelter_type": "picnic_shelter",
        "source": "survey"
      },
      "geometry": {
        "type": "Point",
        "coordinates": [
          19.7703406,
          49.785402
        ]
      },
      "id": "node/3463997668"
    },
    {
      "type": "Feature",
      "properties": {
        "@id": "node/3507517637",
        "natural": "spring",
        "source": "survey"
      },
      "geometry": {
        "type": "Point",
        "coordinates": [
          19.7561873,
          49.670232
        ]
      },
      "id": "node/3507517637"
    },
    {
      "type": "Feature",
      "properties": {
        "@id": "node/3545848553",
        "addr:city:simc": "0055774",
        "addr:housenumber": "4",
        "addr:place": "Pewel Wielka",
        "addr:postcode": "34-340",
        "alt_name": "Chatka Elektryków",
        "contact:website": "https://lasek.lol/",
        "currency:XBT": "yes",
        "email": "rezerwacje@lasek.lol",
        "fireplace": "yes",
        "mobile": "+48732777864",
        "name": "Studenckie Schronisko Turystyczne \"Chatka Lasek\"",
        "payment:onchain": "yes",
        "source:addr": "jelesnia.e-mapa.net",
        "survey:date": "2022-10-23",
        "tourism": "alpine_hut",
        "url": "https://lasek.lol/",
        "website": "https://lasek.lol/",
        "wikidata": "Q9332311",
        "wikipedia": "pl:SST Lasek"
      },
      "geometry": {
        "type": "Point",
        "coordinates": [
          19.3770494,
          49.6480717
        ]
      },
      "id": "node/3545848553"
    },
    {
      "type": "Feature",
      "properties": {
        "@id": "node/3623405234",
        "name": "Głodna Woda",
        "natural": "spring",
        "source": "geoportal.gov.pl:ortofoto",
        "wikidata": "Q9284136",
        "wikipedia": "pl:Głodna Woda"
      },
      "geometry": {
        "type": "Point",
        "coordinates": [
          19.5318809,
          49.5708685
        ]
      },
      "id": "node/3623405234"
    },
    {
      "type": "Feature",
      "properties": {
        "@id": "node/3666216072",
        "natural": "spring",
        "refitted": "yes"
      },
      "geometry": {
        "type": "Point",
        "coordinates": [
          19.5192931,
          49.569562
        ]
      },
      "id": "node/3666216072"
    },
    {
      "type": "Feature",
      "properties": {
        "@id": "node/3706197190",
        "amenity": "shelter",
        "shelter_type": "weather_shelter"
      },
      "geometry": {
        "type": "Point",
        "coordinates": [
          19.1151001,
          49.695088
        ]
      },
      "id": "node/3706197190"
    },
    {
      "type": "Feature",
      "properties": {
        "@id": "node/3725703497",
        "drinking_water": "yes",
        "natural": "spring"
      },
      "geometry": {
        "type": "Point",
        "coordinates": [
          19.6450351,
          49.6264271
        ]
      },
      "id": "node/3725703497"
    },
    {
      "type": "Feature",
      "properties": {
        "@id": "node/3726640792",
        "amenity": "shelter",
        "shelter_type": "picnic_shelter"
      },
      "geometry": {
        "type": "Point",
        "coordinates": [
          19.0587606,
          49.5997508
        ]
      },
      "id": "node/3726640792"
    },
    {
      "type": "Feature",
      "properties": {
        "@id": "node/3728796523",
        "amenity": "shelter",
        "shelter_type": "picnic_shelter"
      },
      "geometry": {
        "type": "Point",
        "coordinates": [
          19.6624471,
          49.6055734
        ]
      },
      "id": "node/3728796523"
    },
    {
      "type": "Feature",
      "properties": {
        "@id": "node/3728796625",
        "amenity": "shelter",
        "shelter_type": "picnic_shelter"
      },
      "geometry": {
        "type": "Point",
        "coordinates": [
          19.6624789,
          49.6056314
        ]
      },
      "id": "node/3728796625"
    },
    {
      "type": "Feature",
      "properties": {
        "@id": "node/3728796626",
        "amenity": "shelter",
        "shelter_type": "picnic_shelter"
      },
      "geometry": {
        "type": "Point",
        "coordinates": [
          19.6625469,
          49.6056427
        ]
      },
      "id": "node/3728796626"
    },
    {
      "type": "Feature",
      "properties": {
        "@id": "node/3728809077",
        "amenity": "shelter",
        "bus": "yes",
        "highway": "bus_stop",
        "name": "Sidzina Wielka Polana",
        "public_transport": "platform",
        "shelter_type": "public_transport"
      },
      "geometry": {
        "type": "Point",
        "coordinates": [
          19.6664704,
          49.6036216
        ]
      },
      "id": "node/3728809077"
    },
    {
      "type": "Feature",
      "properties": {
        "@id": "node/3938200659",
        "amenity": "shelter",
        "shelter_type": "weather_shelter"
      },
      "geometry": {
        "type": "Point",
        "coordinates": [
          18.9636863,
          49.689142
        ]
      },
      "id": "node/3938200659"
    },
    {
      "type": "Feature",
      "properties": {
        "@id": "node/3958615632",
        "drinking_water": "yes",
        "natural": "spring"
      },
      "geometry": {
        "type": "Point",
        "coordinates": [
          19.2900487,
          49.8124093
        ]
      },
      "id": "node/3958615632"
    },
    {
      "type": "Feature",
      "properties": {
        "@id": "node/4160668600",
        "natural": "spring"
      },
      "geometry": {
        "type": "Point",
        "coordinates": [
          18.9574455,
          49.7713584
        ]
      },
      "id": "node/4160668600"
    },
    {
      "type": "Feature",
      "properties": {
        "@id": "node/4172996998",
        "amenity": "shelter",
        "openfire": "yes",
        "shelter_type": "lean_to"
      },
      "geometry": {
        "type": "Point",
        "coordinates": [
          20.0508412,
          49.7831785
        ]
      },
      "id": "node/4172996998"
    },
    {
      "type": "Feature",
      "properties": {
        "@id": "node/4232104636",
        "natural": "spring"
      },
      "geometry": {
        "type": "Point",
        "coordinates": [
          18.9934687,
          49.6550305
        ]
      },
      "id": "node/4232104636"
    },
    {
      "type": "Feature",
      "properties": {
        "@id": "node/4405447686",
        "natural": "spring",
        "source": "survey"
      },
      "geometry": {
        "type": "Point",
        "coordinates": [
          19.6516751,
          49.6300145
        ]
      },
      "id": "node/4405447686"
    },
    {
      "type": "Feature",
      "properties": {
        "@id": "node/4426267426",
        "amenity": "shelter",
        "shelter_type": "lean_to"
      },
      "geometry": {
        "type": "Point",
        "coordinates": [
          19.4799754,
          49.6207019
        ]
      },
      "id": "node/4426267426"
    },
    {
      "type": "Feature",
      "properties": {
        "@id": "node/4453775956",
        "natural": "spring",
        "refitted": "yes"
      },
      "geometry": {
        "type": "Point",
        "coordinates": [
          19.4684579,
          49.5757322
        ]
      },
      "id": "node/4453775956"
    },
    {
      "type": "Feature",
      "properties": {
        "@id": "node/4560712331",
        "natural": "spring"
      },
      "geometry": {
        "type": "Point",
        "coordinates": [
          19.1723468,
          49.766653
        ]
      },
      "id": "node/4560712331"
    },
    {
      "type": "Feature",
      "properties": {
        "@id": "node/4651879471",
        "natural": "spring"
      },
      "geometry": {
        "type": "Point",
        "coordinates": [
          19.977909,
          49.6131753
        ]
      },
      "id": "node/4651879471"
    },
    {
      "type": "Feature",
      "properties": {
        "@id": "node/4746594180",
        "amenity": "shelter",
        "name": "Wiata",
        "shelter_type": "weather_shelter"
      },
      "geometry": {
        "type": "Point",
        "coordinates": [
          19.0204912,
          49.6786762
        ]
      },
      "id": "node/4746594180"
    },
    {
      "type": "Feature",
      "properties": {
        "@id": "node/4758117724",
        "amenity": "shelter",
        "name": "Wiata",
        "shelter_type": "weather_shelter"
      },
      "geometry": {
        "type": "Point",
        "coordinates": [
          19.0037695,
          49.6161217
        ]
      },
      "id": "node/4758117724"
    },
    {
      "type": "Feature",
      "properties": {
        "@id": "node/4771145827",
        "access": "yes",
        "amenity": "drinking_water",
        "bottle": "no",
        "check_date": "2024-08-31",
        "opening_hours:covid19": "24/7",
        "seasonal": "yes"
      },
      "geometry": {
        "type": "Point",
        "coordinates": [
          19.5077481,
          49.8671083
        ]
      },
      "id": "node/4771145827"
    },
    {
      "type": "Feature",
      "properties": {
        "@id": "node/4883860394",
        "natural": "spring"
      },
      "geometry": {
        "type": "Point",
        "coordinates": [
          19.2793041,
          49.8168825
        ]
      },
      "id": "node/4883860394"
    },
    {
      "type": "Feature",
      "properties": {
        "@id": "node/4936467886",
        "amenity": "shelter"
      },
      "geometry": {
        "type": "Point",
        "coordinates": [
          18.9639057,
          49.5713777
        ]
      },
      "id": "node/4936467886"
    },
    {
      "type": "Feature",
      "properties": {
        "@id": "node/4998561828",
        "name": "Źródełko",
        "natural": "spring"
      },
      "geometry": {
        "type": "Point",
        "coordinates": [
          18.953537,
          49.5864728
        ]
      },
      "id": "node/4998561828"
    },
    {
      "type": "Feature",
      "properties": {
        "@id": "node/5053769526",
        "amenity": "shelter",
        "bench": "yes",
        "bin": "yes",
        "shelter_type": "pavilion"
      },
      "geometry": {
        "type": "Point",
        "coordinates": [
          19.5912788,
          49.7755269
        ]
      },
      "id": "node/5053769526"
    },
    {
      "type": "Feature",
      "properties": {
        "@id": "node/5075462631",
        "amenity": "drinking_water",
        "bottle": "yes",
        "check_date": "2024-07-03",
        "description": "Zdrój uliczny z kranem i misą w której stoi woda pitna dla zwierząt.",
        "dog": "yes",
        "man_made": "water_tap"
      },
      "geometry": {
        "type": "Point",
        "coordinates": [
          19.3416135,
          49.852007
        ]
      },
      "id": "node/5075462631"
    },
    {
      "type": "Feature",
      "properties": {
        "@id": "node/5351145523",
        "amenity": "drinking_water"
      },
      "geometry": {
        "type": "Point",
        "coordinates": [
          19.5096734,
          49.5858161
        ]
      },
      "id": "node/5351145523"
    },
    {
      "type": "Feature",
      "properties": {
        "@id": "node/5389648961",
        "amenity": "shelter"
      },
      "geometry": {
        "type": "Point",
        "coordinates": [
          20.1424908,
          49.5795454
        ]
      },
      "id": "node/5389648961"
    },
    {
      "type": "Feature",
      "properties": {
        "@id": "node/5403800187",
        "natural": "spring"
      },
      "geometry": {
        "type": "Point",
        "coordinates": [
          19.9736719,
          49.6092726
        ]
      },
      "id": "node/5403800187"
    },
    {
      "type": "Feature",
      "properties": {
        "@id": "node/5485824422",
        "natural": "spring"
      },
      "geometry": {
        "type": "Point",
        "coordinates": [
          19.7295407,
          49.8055847
        ]
      },
      "id": "node/5485824422"
    },
    {
      "type": "Feature",
      "properties": {
        "@id": "node/5486754248",
        "addr:city": "Krzeszów",
        "denomination": "roman_catholic",
        "drinking_water": "yes",
        "historic": "wayside_shrine",
        "name": "Kapliczka Księża studnia",
        "natural": "spring",
        "religion": "christian"
      },
      "geometry": {
        "type": "Point",
        "coordinates": [
          19.4884847,
          49.7578991
        ]
      },
      "id": "node/5486754248"
    },
    {
      "type": "Feature",
      "properties": {
        "@id": "node/5494259416",
        "natural": "spring"
      },
      "geometry": {
        "type": "Point",
        "coordinates": [
          19.166504,
          49.8205925
        ]
      },
      "id": "node/5494259416"
    },
    {
      "type": "Feature",
      "properties": {
        "@id": "node/5494259417",
        "natural": "spring"
      },
      "geometry": {
        "type": "Point",
        "coordinates": [
          19.1280289,
          49.8058646
        ]
      },
      "id": "node/5494259417"
    },
    {
      "type": "Feature",
      "properties": {
        "@id": "node/5494259418",
        "name": "Źródło Pyszne",
        "natural": "spring"
      },
      "geometry": {
        "type": "Point",
        "coordinates": [
          19.1189881,
          49.8101299
        ]
      },
      "id": "node/5494259418"
    },
    {
      "type": "Feature",
      "properties": {
        "@id": "node/5494259419",
        "alt_name": "Straceńska Woda",
        "drinking_water": "yes",
        "drinking_water:legal": "no",
        "name": "Źródło Albrechta",
        "natural": "spring",
        "start_date": "1883"
      },
      "geometry": {
        "type": "Point",
        "coordinates": [
          19.1073237,
          49.7947553
        ]
      },
      "id": "node/5494259419"
    },
    {
      "type": "Feature",
      "properties": {
        "@id": "node/5494259420",
        "natural": "spring"
      },
      "geometry": {
        "type": "Point",
        "coordinates": [
          19.1366574,
          49.7739068
        ]
      },
      "id": "node/5494259420"
    },
    {
      "type": "Feature",
      "properties": {
        "@id": "node/5494259721",
        "natural": "spring"
      },
      "geometry": {
        "type": "Point",
        "coordinates": [
          19.1525398,
          49.7681027
        ]
      },
      "id": "node/5494259721"
    },
    {
      "type": "Feature",
      "properties": {
        "@id": "node/5494259722",
        "natural": "spring"
      },
      "geometry": {
        "type": "Point",
        "coordinates": [
          19.1598897,
          49.760616
        ]
      },
      "id": "node/5494259722"
    },
    {
      "type": "Feature",
      "properties": {
        "@id": "node/5494259723",
        "name": "Źródło \"Sahara\"",
        "natural": "spring"
      },
      "geometry": {
        "type": "Point",
        "coordinates": [
          19.0109136,
          49.775475
        ]
      },
      "id": "node/5494259723"
    },
    {
      "type": "Feature",
      "properties": {
        "@id": "node/5494259724",
        "description": "Źródło Jasionka \"Bartek\" ",
        "drinking_water": "yes",
        "name": "Źródło Bartek",
        "natural": "spring"
      },
      "geometry": {
        "type": "Point",
        "coordinates": [
          18.9429991,
          49.7533637
        ]
      },
      "id": "node/5494259724"
    },
    {
      "type": "Feature",
      "properties": {
        "@id": "node/5494259725",
        "natural": "spring"
      },
      "geometry": {
        "type": "Point",
        "coordinates": [
          19.0087788,
          49.6528872
        ]
      },
      "id": "node/5494259725"
    },
    {
      "type": "Feature",
      "properties": {
        "@id": "node/5494259727",
        "natural": "spring"
      },
      "geometry": {
        "type": "Point",
        "coordinates": [
          19.3925083,
          49.7563051
        ]
      },
      "id": "node/5494259727"
    },
    {
      "type": "Feature",
      "properties": {
        "@id": "node/5494259735",
        "natural": "spring"
      },
      "geometry": {
        "type": "Point",
        "coordinates": [
          19.5839364,
          49.6127538
        ]
      },
      "id": "node/5494259735"
    },
    {
      "type": "Feature",
      "properties": {
        "@id": "node/5537502043",
        "natural": "spring"
      },
      "geometry": {
        "type": "Point",
        "coordinates": [
          19.1189457,
          49.8050293
        ]
      },
      "id": "node/5537502043"
    },
    {
      "type": "Feature",
      "properties": {
        "@id": "node/5600004872",
        "amenity": "shelter",
        "shelter_type": "picnic_shelter"
      },
      "geometry": {
        "type": "Point",
        "coordinates": [
          19.0725934,
          49.6657524
        ]
      },
      "id": "node/5600004872"
    },
    {
      "type": "Feature",
      "properties": {
        "@id": "node/5630903149",
        "amenity": "shelter",
        "shelter_type": "picnic_shelter"
      },
      "geometry": {
        "type": "Point",
        "coordinates": [
          19.0600631,
          49.6624292
        ]
      },
      "id": "node/5630903149"
    },
    {
      "type": "Feature",
      "properties": {
        "@id": "node/5634349975",
        "natural": "spring"
      },
      "geometry": {
        "type": "Point",
        "coordinates": [
          19.1188704,
          49.8014566
        ]
      },
      "id": "node/5634349975"
    },
    {
      "type": "Feature",
      "properties": {
        "@id": "node/5657038914",
        "amenity": "shelter",
        "shelter_type": "picnic_shelter"
      },
      "geometry": {
        "type": "Point",
        "coordinates": [
          19.0466003,
          49.78114
        ]
      },
      "id": "node/5657038914"
    },
    {
      "type": "Feature",
      "properties": {
        "@id": "node/5662749517",
        "amenity": "drinking_water"
      },
      "geometry": {
        "type": "Point",
        "coordinates": [
          19.2386853,
          49.8053614
        ]
      },
      "id": "node/5662749517"
    },
    {
      "type": "Feature",
      "properties": {
        "@id": "node/5662774692",
        "drinking_water": "yes",
        "natural": "spring"
      },
      "geometry": {
        "type": "Point",
        "coordinates": [
          19.2218479,
          49.7874279
        ]
      },
      "id": "node/5662774692"
    },
    {
      "type": "Feature",
      "properties": {
        "@id": "node/5666569065",
        "amenity": "shelter"
      },
      "geometry": {
        "type": "Point",
        "coordinates": [
          19.4692249,
          49.603147
        ]
      },
      "id": "node/5666569065"
    },
    {
      "type": "Feature",
      "properties": {
        "@id": "node/5669715219",
        "natural": "spring"
      },
      "geometry": {
        "type": "Point",
        "coordinates": [
          19.4420926,
          49.6549082
        ]
      },
      "id": "node/5669715219"
    },
    {
      "type": "Feature",
      "properties": {
        "@id": "node/5678023229",
        "natural": "spring"
      },
      "geometry": {
        "type": "Point",
        "coordinates": [
          18.9809729,
          49.6565756
        ]
      },
      "id": "node/5678023229"
    },
    {
      "type": "Feature",
      "properties": {
        "@id": "node/5740593466",
        "amenity": "shelter"
      },
      "geometry": {
        "type": "Point",
        "coordinates": [
          19.4909045,
          49.6062656
        ]
      },
      "id": "node/5740593466"
    },
    {
      "type": "Feature",
      "properties": {
        "@id": "node/5747682399",
        "natural": "spring",
        "source": "survey, GPS"
      },
      "geometry": {
        "type": "Point",
        "coordinates": [
          19.5113301,
          49.5828018
        ]
      },
      "id": "node/5747682399"
    },
    {
      "type": "Feature",
      "properties": {
        "@id": "node/5747687232",
        "drinking_water": "yes",
        "natural": "spring",
        "refitted": "no",
        "source": "survey, GPS"
      },
      "geometry": {
        "type": "Point",
        "coordinates": [
          19.5107137,
          49.582128
        ]
      },
      "id": "node/5747687232"
    },
    {
      "type": "Feature",
      "properties": {
        "@id": "node/5773990415",
        "amenity": "drinking_water"
      },
      "geometry": {
        "type": "Point",
        "coordinates": [
          19.6684201,
          49.8573663
        ]
      },
      "id": "node/5773990415"
    },
    {
      "type": "Feature",
      "properties": {
        "@id": "node/5792064110",
        "bottle": "yes",
        "drinking_water": "yes",
        "drinking_water:legal": "no",
        "natural": "spring"
      },
      "geometry": {
        "type": "Point",
        "coordinates": [
          19.9738821,
          49.6180842
        ]
      },
      "id": "node/5792064110"
    },
    {
      "type": "Feature",
      "properties": {
        "@id": "node/5838146379",
        "amenity": "drinking_water",
        "check_date": "2022-06-19"
      },
      "geometry": {
        "type": "Point",
        "coordinates": [
          18.9160228,
          49.6211541
        ]
      },
      "id": "node/5838146379"
    },
    {
      "type": "Feature",
      "properties": {
        "@id": "node/5838249674",
        "amenity": "shelter"
      },
      "geometry": {
        "type": "Point",
        "coordinates": [
          18.9351276,
          49.6186304
        ]
      },
      "id": "node/5838249674"
    },
    {
      "type": "Feature",
      "properties": {
        "@id": "node/5860489983",
        "amenity": "shelter",
        "shelter_type": "picnic_shelter"
      },
      "geometry": {
        "type": "Point",
        "coordinates": [
          19.2928793,
          49.7949717
        ]
      },
      "id": "node/5860489983"
    },
    {
      "type": "Feature",
      "properties": {
        "@id": "node/5860750512",
        "amenity": "drinking_water"
      },
      "geometry": {
        "type": "Point",
        "coordinates": [
          19.2857161,
          49.7981308
        ]
      },
      "id": "node/5860750512"
    },
    {
      "type": "Feature",
      "properties": {
        "@id": "node/5892515686",
        "drinking_water": "yes",
        "natural": "spring"
      },
      "geometry": {
        "type": "Point",
        "coordinates": [
          19.4536924,
          49.7852563
        ]
      },
      "id": "node/5892515686"
    },
    {
      "type": "Feature",
      "properties": {
        "@id": "node/5940244720",
        "drinking_water": "yes",
        "name": "Wyczap",
        "natural": "spring"
      },
      "geometry": {
        "type": "Point",
        "coordinates": [
          18.9402845,
          49.7477962
        ]
      },
      "id": "node/5940244720"
    },
    {
      "type": "Feature",
      "properties": {
        "@id": "node/6055107322",
        "natural": "spring"
      },
      "geometry": {
        "type": "Point",
        "coordinates": [
          19.0519961,
          49.6289388
        ]
      },
      "id": "node/6055107322"
    },
    {
      "type": "Feature",
      "properties": {
        "@id": "node/6087933085",
        "drinking_water": "yes",
        "natural": "spring"
      },
      "geometry": {
        "type": "Point",
        "coordinates": [
          18.9857052,
          49.5997112
        ]
      },
      "id": "node/6087933085"
    },
    {
      "type": "Feature",
      "properties": {
        "@id": "node/6133489219",
        "amenity": "shelter"
      },
      "geometry": {
        "type": "Point",
        "coordinates": [
          19.0528395,
          49.7728162
        ]
      },
      "id": "node/6133489219"
    },
    {
      "type": "Feature",
      "properties": {
        "@id": "node/6133489224",
        "amenity": "shelter"
      },
      "geometry": {
        "type": "Point",
        "coordinates": [
          19.0451886,
          49.7782459
        ]
      },
      "id": "node/6133489224"
    },
    {
      "type": "Feature",
      "properties": {
        "@id": "node/6255649938",
        "natural": "spring"
      },
      "geometry": {
        "type": "Point",
        "coordinates": [
          19.1299033,
          49.7859814
        ]
      },
      "id": "node/6255649938"
    },
    {
      "type": "Feature",
      "properties": {
        "@id": "node/6255649939",
        "natural": "spring"
      },
      "geometry": {
        "type": "Point",
        "coordinates": [
          19.0832578,
          49.6197126
        ]
      },
      "id": "node/6255649939"
    },
    {
      "type": "Feature",
      "properties": {
        "@id": "node/6327072088",
        "amenity": "shelter"
      },
      "geometry": {
        "type": "Point",
        "coordinates": [
          19.6254184,
          49.7547878
        ]
      },
      "id": "node/6327072088"
    },
    {
      "type": "Feature",
      "properties": {
        "@id": "node/6412577765",
        "drinking_water": "yes",
        "natural": "spring",
        "refitted": "no"
      },
      "geometry": {
        "type": "Point",
        "coordinates": [
          19.7108353,
          49.6351734
        ]
      },
      "id": "node/6412577765"
    },
    {
      "type": "Feature",
      "properties": {
        "@id": "node/6421672310",
        "amenity": "shelter",
        "bench": "yes",
        "bin": "yes"
      },
      "geometry": {
        "type": "Point",
        "coordinates": [
          19.034785,
          49.7712821
        ]
      },
      "id": "node/6421672310"
    },
    {
      "type": "Feature",
      "properties": {
        "@id": "node/6437976280",
        "name": "Cudowne źródełko",
        "natural": "spring"
      },
      "geometry": {
        "type": "Point",
        "coordinates": [
          19.3672435,
          49.6026418
        ]
      },
      "id": "node/6437976280"
    },
    {
      "type": "Feature",
      "properties": {
        "@id": "node/6535222503",
        "amenity": "shelter",
        "bin": "yes",
        "description": "Shelter with table and benches. Lighting and 230V power socket from solar panel.",
        "lit": "yes",
        "power_supply": "solar",
        "shelter_type": "picnic_shelter"
      },
      "geometry": {
        "type": "Point",
        "coordinates": [
          19.4316384,
          49.5962663
        ]
      },
      "id": "node/6535222503"
    },
    {
      "type": "Feature",
      "properties": {
        "@id": "node/6566087762",
        "amenity": "shelter",
        "bench": "yes",
        "material": "wood",
        "shelter_type": "picnic_shelter",
        "table": "yes"
      },
      "geometry": {
        "type": "Point",
        "coordinates": [
          20.073436,
          49.7581925
        ]
      },
      "id": "node/6566087762"
    },
    {
      "type": "Feature",
      "properties": {
        "@id": "node/6611848661",
        "natural": "spring"
      },
      "geometry": {
        "type": "Point",
        "coordinates": [
          19.1477598,
          49.7616302
        ]
      },
      "id": "node/6611848661"
    },
    {
      "type": "Feature",
      "properties": {
        "@id": "node/6636594152",
        "amenity": "shelter",
        "shelter_type": "weather_shelter"
      },
      "geometry": {
        "type": "Point",
        "coordinates": [
          19.4186123,
          49.6001786
        ]
      },
      "id": "node/6636594152"
    },
    {
      "type": "Feature",
      "properties": {
        "@id": "node/6655455292",
        "amenity": "shelter",
        "shelter_type": "weather_shelter"
      },
      "geometry": {
        "type": "Point",
        "coordinates": [
          19.2462709,
          49.7803695
        ]
      },
      "id": "node/6655455292"
    },
    {
      "type": "Feature",
      "properties": {
        "@id": "node/6656006395",
        "amenity": "shelter",
        "man_made": "tower",
        "shelter_type": "picnic_shelter",
        "tower:type": "observation"
      },
      "geometry": {
        "type": "Point",
        "coordinates": [
          19.4253805,
          49.6127895
        ]
      },
      "id": "node/6656006395"
    },
    {
      "type": "Feature",
      "properties": {
        "@id": "node/6709338766",
        "amenity": "shelter",
        "fireplace": "no",
        "shelter_type": "picnic_shelter"
      },
      "geometry": {
        "type": "Point",
        "coordinates": [
          19.9606418,
          49.6038744
        ]
      },
      "id": "node/6709338766"
    },
    {
      "type": "Feature",
      "properties": {
        "@id": "node/6731320809",
        "amenity": "shelter",
        "name": "paśnik"
      },
      "geometry": {
        "type": "Point",
        "coordinates": [
          18.9172013,
          49.6774738
        ]
      },
      "id": "node/6731320809"
    },
    {
      "type": "Feature",
      "properties": {
        "@id": "node/6823406550",
        "natural": "spring"
      },
      "geometry": {
        "type": "Point",
        "coordinates": [
          18.9531648,
          49.7189536
        ]
      },
      "id": "node/6823406550"
    },
    {
      "type": "Feature",
      "properties": {
        "@id": "node/6879990013",
        "natural": "spring",
        "source": "survey, GPS"
      },
      "geometry": {
        "type": "Point",
        "coordinates": [
          19.5212406,
          49.5792505
        ]
      },
      "id": "node/6879990013"
    },
    {
      "type": "Feature",
      "properties": {
        "@id": "node/6879990016",
        "natural": "spring",
        "source": "survey, GPS"
      },
      "geometry": {
        "type": "Point",
        "coordinates": [
          19.5219916,
          49.5803009
        ]
      },
      "id": "node/6879990016"
    },
    {
      "type": "Feature",
      "properties": {
        "@id": "node/6879990020",
        "natural": "spring"
      },
      "geometry": {
        "type": "Point",
        "coordinates": [
          19.5225656,
          49.5813722
        ]
      },
      "id": "node/6879990020"
    },
    {
      "type": "Feature",
      "properties": {
        "@id": "node/6921977540",
        "access": "no",
        "amenity": "drinking_water"
      },
      "geometry": {
        "type": "Point",
        "coordinates": [
          19.9310094,
          49.6091265
        ]
      },
      "id": "node/6921977540"
    },
    {
      "type": "Feature",
      "properties": {
        "@id": "node/6985718161",
        "amenity": "shelter",
        "name": "Schron Turystyczny Naroże",
        "shelter_type": "weather_shelter"
      },
      "geometry": {
        "type": "Point",
        "coordinates": [
          19.6801039,
          49.6436494
        ]
      },
      "id": "node/6985718161"
    },
    {
      "type": "Feature",
      "properties": {
        "@id": "node/6997314538",
        "natural": "spring"
      },
      "geometry": {
        "type": "Point",
        "coordinates": [
          19.0196214,
          49.7239054
        ]
      },
      "id": "node/6997314538"
    },
    {
      "type": "Feature",
      "properties": {
        "@id": "node/7067242606",
        "amenity": "shelter",
        "shelter_type": "gazebo"
      },
      "geometry": {
        "type": "Point",
        "coordinates": [
          19.0724958,
          49.8012687
        ]
      },
      "id": "node/7067242606"
    },
    {
      "type": "Feature",
      "properties": {
        "@id": "node/7067242610",
        "amenity": "shelter",
        "shelter_type": "gazebo"
      },
      "geometry": {
        "type": "Point",
        "coordinates": [
          19.0638411,
          49.799939
        ]
      },
      "id": "node/7067242610"
    },
    {
      "type": "Feature",
      "properties": {
        "@id": "node/7167497125",
        "natural": "spring"
      },
      "geometry": {
        "type": "Point",
        "coordinates": [
          20.0499383,
          49.7803057
        ]
      },
      "id": "node/7167497125"
    },
    {
      "type": "Feature",
      "properties": {
        "@id": "node/7184766454",
        "amenity": "shelter",
        "shelter_type": "basic_hut"
      },
      "geometry": {
        "type": "Point",
        "coordinates": [
          19.0351086,
          49.7447217
        ]
      },
      "id": "node/7184766454"
    },
    {
      "type": "Feature",
      "properties": {
        "@id": "node/7213980289",
        "historic": "wayside_shrine",
        "natural": "spring"
      },
      "geometry": {
        "type": "Point",
        "coordinates": [
          19.2040036,
          49.7666564
        ]
      },
      "id": "node/7213980289"
    },
    {
      "type": "Feature",
      "properties": {
        "@id": "node/7222092039",
        "amenity": "drinking_water"
      },
      "geometry": {
        "type": "Point",
        "coordinates": [
          19.0542983,
          49.704957
        ]
      },
      "id": "node/7222092039"
    },
    {
      "type": "Feature",
      "properties": {
        "@id": "node/7252802378",
        "amenity": "shelter",
        "shelter_type": "picnic_shelter"
      },
      "geometry": {
        "type": "Point",
        "coordinates": [
          20.0610854,
          49.626378
        ]
      },
      "id": "node/7252802378"
    },
    {
      "type": "Feature",
      "properties": {
        "@id": "node/7357067713",
        "amenity": "shelter",
        "shelter_type": "public_transport"
      },
      "geometry": {
        "type": "Point",
        "coordinates": [
          19.3510388,
          49.8554383
        ]
      },
      "id": "node/7357067713"
    },
    {
      "type": "Feature",
      "properties": {
        "@id": "node/7357067722",
        "amenity": "shelter",
        "shelter_type": "public_transport"
      },
      "geometry": {
        "type": "Point",
        "coordinates": [
          19.3513498,
          49.8555865
        ]
      },
      "id": "node/7357067722"
    },
    {
      "type": "Feature",
      "properties": {
        "@id": "node/7431325802",
        "natural": "spring"
      },
      "geometry": {
        "type": "Point",
        "coordinates": [
          19.0426076,
          49.7338469
        ]
      },
      "id": "node/7431325802"
    },
    {
      "type": "Feature",
      "properties": {
        "@id": "node/7448573680",
        "natural": "spring"
      },
      "geometry": {
        "type": "Point",
        "coordinates": [
          19.3736841,
          49.5701817
        ]
      },
      "id": "node/7448573680"
    },
    {
      "type": "Feature",
      "properties": {
        "@id": "node/7471987676",
        "amenity": "shelter",
        "shelter_type": "public_transport"
      },
      "geometry": {
        "type": "Point",
        "coordinates": [
          19.1857841,
          49.6780189
        ]
      },
      "id": "node/7471987676"
    },
    {
      "type": "Feature",
      "properties": {
        "@id": "node/7484880575",
        "amenity": "shelter",
        "shelter_type": "picnic_shelter"
      },
      "geometry": {
        "type": "Point",
        "coordinates": [
          19.3972059,
          49.5921407
        ]
      },
      "id": "node/7484880575"
    },
    {
      "type": "Feature",
      "properties": {
        "@id": "node/7502046706",
        "amenity": "shelter",
        "shelter_type": "picnic_shelter"
      },
      "geometry": {
        "type": "Point",
        "coordinates": [
          20.0732688,
          49.8321502
        ]
      },
      "id": "node/7502046706"
    },
    {
      "type": "Feature",
      "properties": {
        "@id": "node/7502818580",
        "natural": "spring"
      },
      "geometry": {
        "type": "Point",
        "coordinates": [
          19.1964298,
          49.8395797
        ]
      },
      "id": "node/7502818580"
    },
    {
      "type": "Feature",
      "properties": {
        "@id": "node/7502940794",
        "drinking_water": "yes",
        "intermittent": "no",
        "name": "Źródło Zimna Woda",
        "natural": "spring",
        "wikidata": "Q25413554",
        "wikipedia": "pl:Zimna Woda (Beskid Mały)"
      },
      "geometry": {
        "type": "Point",
        "coordinates": [
          19.4128263,
          49.7649158
        ]
      },
      "id": "node/7502940794"
    },
    {
      "type": "Feature",
      "properties": {
        "@id": "node/7542083181",
        "amenity": "shelter",
        "artwork_type": "sculpture",
        "description": "To może być ołtarz",
        "shelter_type": "roof",
        "tourism": "artwork"
      },
      "geometry": {
        "type": "Point",
        "coordinates": [
          19.4766457,
          49.796733
        ]
      },
      "id": "node/7542083181"
    },
    {
      "type": "Feature",
      "properties": {
        "@id": "node/7545544657",
        "amenity": "shelter",
        "shelter_type": "lean_to"
      },
      "geometry": {
        "type": "Point",
        "coordinates": [
          19.4918049,
          49.8342183
        ]
      },
      "id": "node/7545544657"
    },
    {
      "type": "Feature",
      "properties": {
        "@id": "node/7552314699",
        "natural": "spring"
      },
      "geometry": {
        "type": "Point",
        "coordinates": [
          19.0235884,
          49.7343196
        ]
      },
      "id": "node/7552314699"
    },
    {
      "type": "Feature",
      "properties": {
        "@id": "node/7554130229",
        "amenity": "drinking_water"
      },
      "geometry": {
        "type": "Point",
        "coordinates": [
          19.285616,
          49.798149
        ]
      },
      "id": "node/7554130229"
    },
    {
      "type": "Feature",
      "properties": {
        "@id": "node/7554130230",
        "amenity": "drinking_water",
        "fixme": "position"
      },
      "geometry": {
        "type": "Point",
        "coordinates": [
          19.2479517,
          49.8091703
        ]
      },
      "id": "node/7554130230"
    },
    {
      "type": "Feature",
      "properties": {
        "@id": "node/7554728773",
        "check_date": "2026-04-06",
        "drinking_water": "no",
        "natural": "spring",
        "note": "Wywierzysko, woda przecieka"
      },
      "geometry": {
        "type": "Point",
        "coordinates": [
          19.1913699,
          49.831161
        ]
      },
      "id": "node/7554728773"
    },
    {
      "type": "Feature",
      "properties": {
        "@id": "node/7554728788",
        "natural": "spring"
      },
      "geometry": {
        "type": "Point",
        "coordinates": [
          19.1971577,
          49.8211706
        ]
      },
      "id": "node/7554728788"
    },
    {
      "type": "Feature",
      "properties": {
        "@id": "node/7554728792",
        "natural": "spring"
      },
      "geometry": {
        "type": "Point",
        "coordinates": [
          19.1950355,
          49.8212308
        ]
      },
      "id": "node/7554728792"
    },
    {
      "type": "Feature",
      "properties": {
        "@id": "node/7554728793",
        "natural": "spring"
      },
      "geometry": {
        "type": "Point",
        "coordinates": [
          19.1951435,
          49.8212235
        ]
      },
      "id": "node/7554728793"
    },
    {
      "type": "Feature",
      "properties": {
        "@id": "node/7574582065",
        "natural": "spring"
      },
      "geometry": {
        "type": "Point",
        "coordinates": [
          18.9819831,
          49.7296692
        ]
      },
      "id": "node/7574582065"
    },
    {
      "type": "Feature",
      "properties": {
        "@id": "node/7574614065",
        "natural": "spring"
      },
      "geometry": {
        "type": "Point",
        "coordinates": [
          19.0103134,
          49.7259009
        ]
      },
      "id": "node/7574614065"
    },
    {
      "type": "Feature",
      "properties": {
        "@id": "node/7599838683",
        "natural": "spring"
      },
      "geometry": {
        "type": "Point",
        "coordinates": [
          19.4108642,
          49.7582905
        ]
      },
      "id": "node/7599838683"
    },
    {
      "type": "Feature",
      "properties": {
        "@id": "node/7601587384",
        "amenity": "shelter",
        "shelter_type": "picnic_shelter"
      },
      "geometry": {
        "type": "Point",
        "coordinates": [
          19.4753934,
          49.6677416
        ]
      },
      "id": "node/7601587384"
    },
    {
      "type": "Feature",
      "properties": {
        "@id": "node/7615110065",
        "natural": "spring"
      },
      "geometry": {
        "type": "Point",
        "coordinates": [
          20.1061479,
          49.5843454
        ]
      },
      "id": "node/7615110065"
    },
    {
      "type": "Feature",
      "properties": {
        "@id": "node/7615128343",
        "name": "Water",
        "natural": "spring"
      },
      "geometry": {
        "type": "Point",
        "coordinates": [
          20.0983221,
          49.5881553
        ]
      },
      "id": "node/7615128343"
    },
    {
      "type": "Feature",
      "properties": {
        "@id": "node/7706644985",
        "amenity": "shelter"
      },
      "geometry": {
        "type": "Point",
        "coordinates": [
          20.063962,
          49.6150811
        ]
      },
      "id": "node/7706644985"
    },
    {
      "type": "Feature",
      "properties": {
        "@id": "node/7721530119",
        "name": "Źródło Olzy",
        "natural": "spring"
      },
      "geometry": {
        "type": "Point",
        "coordinates": [
          18.9834922,
          49.5839157
        ]
      },
      "id": "node/7721530119"
    },
    {
      "type": "Feature",
      "properties": {
        "@id": "node/7726636454",
        "natural": "spring"
      },
      "geometry": {
        "type": "Point",
        "coordinates": [
          18.9923908,
          49.6055836
        ]
      },
      "id": "node/7726636454"
    },
    {
      "type": "Feature",
      "properties": {
        "@id": "node/7746956698",
        "natural": "spring"
      },
      "geometry": {
        "type": "Point",
        "coordinates": [
          18.9960153,
          49.6541553
        ]
      },
      "id": "node/7746956698"
    },
    {
      "type": "Feature",
      "properties": {
        "@id": "node/7746956703",
        "natural": "spring"
      },
      "geometry": {
        "type": "Point",
        "coordinates": [
          18.9949795,
          49.6533378
        ]
      },
      "id": "node/7746956703"
    },
    {
      "type": "Feature",
      "properties": {
        "@id": "node/7746956714",
        "natural": "spring"
      },
      "geometry": {
        "type": "Point",
        "coordinates": [
          18.9984855,
          49.6580555
        ]
      },
      "id": "node/7746956714"
    },
    {
      "type": "Feature",
      "properties": {
        "@id": "node/7765298132",
        "natural": "spring"
      },
      "geometry": {
        "type": "Point",
        "coordinates": [
          19.8445741,
          49.7328766
        ]
      },
      "id": "node/7765298132"
    },
    {
      "type": "Feature",
      "properties": {
        "@id": "node/7775168162",
        "amenity": "shelter",
        "shelter_type": "picnic_shelter"
      },
      "geometry": {
        "type": "Point",
        "coordinates": [
          20.0885967,
          49.5793933
        ]
      },
      "id": "node/7775168162"
    },
    {
      "type": "Feature",
      "properties": {
        "@id": "node/7777228548",
        "amenity": "shelter",
        "name": "Paśnik dla zwierząt leśnych",
        "shelter_type": "wildlife_hide"
      },
      "geometry": {
        "type": "Point",
        "coordinates": [
          19.1124932,
          49.7846299
        ]
      },
      "id": "node/7777228548"
    },
    {
      "type": "Feature",
      "properties": {
        "@id": "node/7781659284",
        "amenity": "shelter"
      },
      "geometry": {
        "type": "Point",
        "coordinates": [
          18.9147527,
          49.6025041
        ]
      },
      "id": "node/7781659284"
    },
    {
      "type": "Feature",
      "properties": {
        "@id": "node/7801923209",
        "amenity": "drinking_water",
        "man_made": "water_well",
        "pump": "manual"
      },
      "geometry": {
        "type": "Point",
        "coordinates": [
          19.0759318,
          49.8014512
        ]
      },
      "id": "node/7801923209"
    },
    {
      "type": "Feature",
      "properties": {
        "@id": "node/7829483117",
        "access": "unknown",
        "amenity": "shelter",
        "name": "Chatka, grill",
        "shelter_type": "picnic_shelter"
      },
      "geometry": {
        "type": "Point",
        "coordinates": [
          20.0171989,
          49.7898597
        ]
      },
      "id": "node/7829483117"
    },
    {
      "type": "Feature",
      "properties": {
        "@id": "node/7834195404",
        "natural": "spring"
      },
      "geometry": {
        "type": "Point",
        "coordinates": [
          19.182074,
          49.7683877
        ]
      },
      "id": "node/7834195404"
    },
    {
      "type": "Feature",
      "properties": {
        "@id": "node/7880444322",
        "amenity": "shelter",
        "shelter_type": "basic_hut"
      },
      "geometry": {
        "type": "Point",
        "coordinates": [
          19.048858,
          49.7090706
        ]
      },
      "id": "node/7880444322"
    },
    {
      "type": "Feature",
      "properties": {
        "@id": "node/7900678639",
        "natural": "spring",
        "refitted": "no"
      },
      "geometry": {
        "type": "Point",
        "coordinates": [
          19.455911,
          49.6064608
        ]
      },
      "id": "node/7900678639"
    },
    {
      "type": "Feature",
      "properties": {
        "@id": "node/7900678692",
        "natural": "spring",
        "refitted": "yes"
      },
      "geometry": {
        "type": "Point",
        "coordinates": [
          19.412538,
          49.5783578
        ]
      },
      "id": "node/7900678692"
    },
    {
      "type": "Feature",
      "properties": {
        "@id": "node/7900678697",
        "natural": "spring",
        "refitted": "yes"
      },
      "geometry": {
        "type": "Point",
        "coordinates": [
          19.4425255,
          49.5964808
        ]
      },
      "id": "node/7900678697"
    },
    {
      "type": "Feature",
      "properties": {
        "@id": "node/7972570213",
        "amenity": "shelter",
        "bench": "yes",
        "bin": "yes",
        "shelter_type": "weather_shelter"
      },
      "geometry": {
        "type": "Point",
        "coordinates": [
          19.5818153,
          49.5878643
        ]
      },
      "id": "node/7972570213"
    },
    {
      "type": "Feature",
      "properties": {
        "@id": "node/8078073163",
        "amenity": "shelter",
        "shelter_type": "picnic_shelter"
      },
      "geometry": {
        "type": "Point",
        "coordinates": [
          19.2220999,
          49.7617737
        ]
      },
      "id": "node/8078073163"
    },
    {
      "type": "Feature",
      "properties": {
        "@id": "node/8101171191",
        "amenity": "shelter"
      },
      "geometry": {
        "type": "Point",
        "coordinates": [
          19.9524416,
          49.7986369
        ]
      },
      "id": "node/8101171191"
    },
    {
      "type": "Feature",
      "properties": {
        "@id": "node/8154808298",
        "natural": "spring"
      },
      "geometry": {
        "type": "Point",
        "coordinates": [
          19.462289,
          49.6137575
        ]
      },
      "id": "node/8154808298"
    },
    {
      "type": "Feature",
      "properties": {
        "@id": "node/8222598415",
        "natural": "spring",
        "refitted": "yes"
      },
      "geometry": {
        "type": "Point",
        "coordinates": [
          19.4491644,
          49.5813037
        ]
      },
      "id": "node/8222598415"
    },
    {
      "type": "Feature",
      "properties": {
        "@id": "node/8223689165",
        "amenity": "shelter",
        "shelter_type": "basic_hut"
      },
      "geometry": {
        "type": "Point",
        "coordinates": [
          19.0343811,
          49.7467567
        ]
      },
      "id": "node/8223689165"
    },
    {
      "type": "Feature",
      "properties": {
        "@id": "node/8223703007",
        "natural": "spring"
      },
      "geometry": {
        "type": "Point",
        "coordinates": [
          19.0342373,
          49.7465399
        ]
      },
      "id": "node/8223703007"
    },
    {
      "type": "Feature",
      "properties": {
        "@id": "node/8261052990",
        "natural": "spring"
      },
      "geometry": {
        "type": "Point",
        "coordinates": [
          19.1247754,
          49.7895395
        ]
      },
      "id": "node/8261052990"
    },
    {
      "type": "Feature",
      "properties": {
        "@id": "node/8264378332",
        "amenity": "shelter",
        "building": "hut"
      },
      "geometry": {
        "type": "Point",
        "coordinates": [
          20.0365123,
          49.7906471
        ]
      },
      "id": "node/8264378332"
    },
    {
      "type": "Feature",
      "properties": {
        "@id": "node/8266188266",
        "amenity": "shelter",
        "bench": "yes",
        "bin": "yes",
        "shelter_type": "public_transport"
      },
      "geometry": {
        "type": "Point",
        "coordinates": [
          19.2143448,
          49.8125323
        ]
      },
      "id": "node/8266188266"
    },
    {
      "type": "Feature",
      "properties": {
        "@id": "node/8266193028",
        "amenity": "shelter",
        "shelter_type": "picnic_shelter"
      },
      "geometry": {
        "type": "Point",
        "coordinates": [
          19.2171626,
          49.8150108
        ]
      },
      "id": "node/8266193028"
    },
    {
      "type": "Feature",
      "properties": {
        "@id": "node/8267122741",
        "natural": "spring"
      },
      "geometry": {
        "type": "Point",
        "coordinates": [
          19.2364861,
          49.807311
        ]
      },
      "id": "node/8267122741"
    },
    {
      "type": "Feature",
      "properties": {
        "@id": "node/8386704543",
        "description": "Woda jest, pompa reczna",
        "name": "Źródło Pociesznej Wody",
        "natural": "spring",
        "pump": "manual",
        "wikidata": "Q18432304",
        "wikipedia": "pl:Źródło Pociesznej Wody"
      },
      "geometry": {
        "type": "Point",
        "coordinates": [
          19.9384649,
          49.5778329
        ]
      },
      "id": "node/8386704543"
    },
    {
      "type": "Feature",
      "properties": {
        "@id": "node/8403293391",
        "contact:email": "markowe.szczawiny@op.pl",
        "contact:facebook": "Schronisko-Górskie-PTTK-Markowe-Szczawiny-223432244393822",
        "contact:phone": "+48 33 8775 105;+48 604 527 417",
        "ele": "1180",
        "food": "Mo-Su,PH 08:00-20:00;May-Oct Fr 08:00-21:00;May-Oct Sa 07:00-21:00;May-Oct Su 07:00-20:00",
        "internet_access": "wlan",
        "name": "Schronisko PTTK Markowe Szczawiny",
        "official_name": "Schronisko PTTK Markowe Szczawiny imienia Hugona Zapałowicza",
        "operator": "PTTK",
        "operator:type": "ngo",
        "operator:wikidata": "Q4994123",
        "payment:credit_cards": "yes",
        "payment:debit_cards": "yes",
        "start_date": "1906",
        "tourism": "alpine_hut",
        "website": "https://markoweszczawiny.pttk.pl/",
        "wikidata": "Q9334409",
        "wikipedia": "pl:Schronisko PTTK Markowe Szczawiny"
      },
      "geometry": {
        "type": "Point",
        "coordinates": [
          19.5167586,
          49.5877878
        ]
      },
      "id": "node/8403293391"
    },
    {
      "type": "Feature",
      "properties": {
        "@id": "node/8473190078",
        "intermittent": "no",
        "natural": "spring"
      },
      "geometry": {
        "type": "Point",
        "coordinates": [
          18.9347244,
          49.7165159
        ]
      },
      "id": "node/8473190078"
    },
    {
      "type": "Feature",
      "properties": {
        "@id": "node/8493078227",
        "check_date": "2025-10-19",
        "drinking_water": "yes",
        "natural": "spring"
      },
      "geometry": {
        "type": "Point",
        "coordinates": [
          19.1123526,
          49.6094754
        ]
      },
      "id": "node/8493078227"
    },
    {
      "type": "Feature",
      "properties": {
        "@id": "node/8538014874",
        "amenity": "shelter",
        "shelter_type": "picnic_shelter"
      },
      "geometry": {
        "type": "Point",
        "coordinates": [
          19.9623116,
          49.6060001
        ]
      },
      "id": "node/8538014874"
    },
    {
      "type": "Feature",
      "properties": {
        "@id": "node/8538014875",
        "amenity": "shelter",
        "shelter_type": "picnic_shelter"
      },
      "geometry": {
        "type": "Point",
        "coordinates": [
          19.9627288,
          49.6059776
        ]
      },
      "id": "node/8538014875"
    },
    {
      "type": "Feature",
      "properties": {
        "@id": "node/8538014876",
        "amenity": "shelter",
        "shelter_type": "picnic_shelter"
      },
      "geometry": {
        "type": "Point",
        "coordinates": [
          19.9625148,
          49.605711
        ]
      },
      "id": "node/8538014876"
    },
    {
      "type": "Feature",
      "properties": {
        "@id": "node/8538014877",
        "amenity": "shelter",
        "shelter_type": "picnic_shelter"
      },
      "geometry": {
        "type": "Point",
        "coordinates": [
          19.9621487,
          49.6054009
        ]
      },
      "id": "node/8538014877"
    },
    {
      "type": "Feature",
      "properties": {
        "@id": "node/8538014878",
        "amenity": "shelter",
        "shelter_type": "picnic_shelter"
      },
      "geometry": {
        "type": "Point",
        "coordinates": [
          19.9623946,
          49.6058905
        ]
      },
      "id": "node/8538014878"
    },
    {
      "type": "Feature",
      "properties": {
        "@id": "node/8639671133",
        "amenity": "shelter",
        "shelter_type": "picnic_shelter"
      },
      "geometry": {
        "type": "Point",
        "coordinates": [
          19.296995,
          49.7127343
        ]
      },
      "id": "node/8639671133"
    },
    {
      "type": "Feature",
      "properties": {
        "@id": "node/8807333580",
        "amenity": "shelter",
        "name": "Szałas na hali Krupowej",
        "shelter_type": "basic_hut"
      },
      "geometry": {
        "type": "Point",
        "coordinates": [
          19.6564486,
          49.6213998
        ]
      },
      "id": "node/8807333580"
    },
    {
      "type": "Feature",
      "properties": {
        "@id": "node/8988039937",
        "name": "Janoska",
        "natural": "spring"
      },
      "geometry": {
        "type": "Point",
        "coordinates": [
          19.0151162,
          49.5713683
        ]
      },
      "id": "node/8988039937"
    },
    {
      "type": "Feature",
      "properties": {
        "@id": "node/8988142971",
        "amenity": "shelter",
        "shelter_type": "picnic_shelter"
      },
      "geometry": {
        "type": "Point",
        "coordinates": [
          19.4436832,
          49.6717865
        ]
      },
      "id": "node/8988142971"
    },
    {
      "type": "Feature",
      "properties": {
        "@id": "node/8988142972",
        "amenity": "shelter",
        "shelter_type": "picnic_shelter"
      },
      "geometry": {
        "type": "Point",
        "coordinates": [
          19.4435969,
          49.6717888
        ]
      },
      "id": "node/8988142972"
    },
    {
      "type": "Feature",
      "properties": {
        "@id": "node/8988145123",
        "drinking_water": "yes",
        "intermittent": "no",
        "natural": "spring"
      },
      "geometry": {
        "type": "Point",
        "coordinates": [
          19.437407,
          49.6694001
        ]
      },
      "id": "node/8988145123"
    },
    {
      "type": "Feature",
      "properties": {
        "@id": "node/9048775841",
        "amenity": "shelter",
        "bin": "yes",
        "lit": "no",
        "shelter_type": "picnic_shelter"
      },
      "geometry": {
        "type": "Point",
        "coordinates": [
          19.5742296,
          49.6008731
        ]
      },
      "id": "node/9048775841"
    },
    {
      "type": "Feature",
      "properties": {
        "@id": "node/9081545118",
        "amenity": "shelter",
        "bin": "yes",
        "shelter_type": "picnic_shelter"
      },
      "geometry": {
        "type": "Point",
        "coordinates": [
          19.8063332,
          49.8121365
        ]
      },
      "id": "node/9081545118"
    },
    {
      "type": "Feature",
      "properties": {
        "@id": "node/9082801535",
        "amenity": "shelter",
        "bench": "yes",
        "lit": "no",
        "shelter_type": "gazebo"
      },
      "geometry": {
        "type": "Point",
        "coordinates": [
          19.7077413,
          49.7726537
        ]
      },
      "id": "node/9082801535"
    },
    {
      "type": "Feature",
      "properties": {
        "@id": "node/9082801536",
        "amenity": "shelter",
        "bench": "yes",
        "lit": "no",
        "shelter_type": "gazebo"
      },
      "geometry": {
        "type": "Point",
        "coordinates": [
          19.735601,
          49.778305
        ]
      },
      "id": "node/9082801536"
    },
    {
      "type": "Feature",
      "properties": {
        "@id": "node/9082801537",
        "amenity": "shelter",
        "bench": "yes",
        "lit": "no",
        "shelter_type": "gazebo"
      },
      "geometry": {
        "type": "Point",
        "coordinates": [
          19.7446589,
          49.7820642
        ]
      },
      "id": "node/9082801537"
    },
    {
      "type": "Feature",
      "properties": {
        "@id": "node/9083794286",
        "amenity": "shelter",
        "bench": "yes",
        "name": "Szałas",
        "shelter_type": "picnic_shelter"
      },
      "geometry": {
        "type": "Point",
        "coordinates": [
          19.7101164,
          49.7727657
        ]
      },
      "id": "node/9083794286"
    },
    {
      "type": "Feature",
      "properties": {
        "@id": "node/9083794924",
        "amenity": "shelter",
        "bench": "yes",
        "shelter_type": "picnic_shelter"
      },
      "geometry": {
        "type": "Point",
        "coordinates": [
          19.7354417,
          49.7780584
        ]
      },
      "id": "node/9083794924"
    },
    {
      "type": "Feature",
      "properties": {
        "@id": "node/9092445830",
        "amenity": "shelter",
        "bench": "yes",
        "shelter_type": "weather_shelter"
      },
      "geometry": {
        "type": "Point",
        "coordinates": [
          18.9996978,
          49.8018063
        ]
      },
      "id": "node/9092445830"
    },
    {
      "type": "Feature",
      "properties": {
        "@id": "node/9092445832",
        "amenity": "shelter",
        "bench": "yes",
        "shelter_type": "weather_shelter"
      },
      "geometry": {
        "type": "Point",
        "coordinates": [
          19.0110632,
          49.8069391
        ]
      },
      "id": "node/9092445832"
    },
    {
      "type": "Feature",
      "properties": {
        "@id": "node/9092445835",
        "amenity": "shelter",
        "bench": "yes",
        "shelter_type": "weather_shelter"
      },
      "geometry": {
        "type": "Point",
        "coordinates": [
          18.9972789,
          49.8071167
        ]
      },
      "id": "node/9092445835"
    },
    {
      "type": "Feature",
      "properties": {
        "@id": "node/9352542675",
        "natural": "spring"
      },
      "geometry": {
        "type": "Point",
        "coordinates": [
          19.044825,
          49.7724461
        ]
      },
      "id": "node/9352542675"
    },
    {
      "type": "Feature",
      "properties": {
        "@id": "node/9381271916",
        "amenity": "shelter",
        "shelter_type": "picnic_shelter"
      },
      "geometry": {
        "type": "Point",
        "coordinates": [
          19.2609436,
          49.7296025
        ]
      },
      "id": "node/9381271916"
    },
    {
      "type": "Feature",
      "properties": {
        "@id": "node/9381273931",
        "amenity": "shelter",
        "shelter_type": "picnic_shelter"
      },
      "geometry": {
        "type": "Point",
        "coordinates": [
          19.2613405,
          49.7287314
        ]
      },
      "id": "node/9381273931"
    },
    {
      "type": "Feature",
      "properties": {
        "@id": "node/9381273932",
        "amenity": "shelter",
        "shelter_type": "picnic_shelter"
      },
      "geometry": {
        "type": "Point",
        "coordinates": [
          19.2610612,
          49.7293567
        ]
      },
      "id": "node/9381273932"
    },
    {
      "type": "Feature",
      "properties": {
        "@id": "node/9381273933",
        "amenity": "shelter",
        "shelter_type": "picnic_shelter"
      },
      "geometry": {
        "type": "Point",
        "coordinates": [
          19.2611991,
          49.7290709
        ]
      },
      "id": "node/9381273933"
    },
    {
      "type": "Feature",
      "properties": {
        "@id": "node/9381273934",
        "amenity": "shelter",
        "shelter_type": "picnic_shelter"
      },
      "geometry": {
        "type": "Point",
        "coordinates": [
          19.2611979,
          49.7290679
        ]
      },
      "id": "node/9381273934"
    },
    {
      "type": "Feature",
      "properties": {
        "@id": "node/9412678577",
        "amenity": "shelter",
        "highway": "bus_stop",
        "name": "Stare Bielsko Kościół",
        "network": "MZK Bielsko-Biała",
        "network:wikidata": "Q11780275",
        "public_transport": "platform",
        "ref": "305",
        "shelter_type": "public_transport"
      },
      "geometry": {
        "type": "Point",
        "coordinates": [
          19.0134953,
          49.8241918
        ]
      },
      "id": "node/9412678577"
    },
    {
      "type": "Feature",
      "properties": {
        "@id": "node/9412678578",
        "amenity": "shelter",
        "highway": "bus_stop",
        "name": "Sobieskiego Stare Bielsko",
        "network": "MZK Bielsko-Biała",
        "public_transport": "platform",
        "ref": "426",
        "shelter_type": "public_transport"
      },
      "geometry": {
        "type": "Point",
        "coordinates": [
          18.9951083,
          49.8205931
        ]
      },
      "id": "node/9412678578"
    },
    {
      "type": "Feature",
      "properties": {
        "@id": "node/9412678579",
        "amenity": "shelter",
        "highway": "bus_stop",
        "name": "Sobieskiego Stare Bielsko",
        "network": "MZK Bielsko-Biała",
        "public_transport": "platform",
        "ref": "304",
        "shelter_type": "public_transport"
      },
      "geometry": {
        "type": "Point",
        "coordinates": [
          18.9953769,
          49.8204935
        ]
      },
      "id": "node/9412678579"
    },
    {
      "type": "Feature",
      "properties": {
        "@id": "node/9425573046",
        "amenity": "drinking_water",
        "seasonal": "summer"
      },
      "geometry": {
        "type": "Point",
        "coordinates": [
          19.9623165,
          49.6064505
        ]
      },
      "id": "node/9425573046"
    },
    {
      "type": "Feature",
      "properties": {
        "@id": "node/9442510281",
        "amenity": "shelter",
        "shelter_type": "public_transport"
      },
      "geometry": {
        "type": "Point",
        "coordinates": [
          19.1720872,
          49.7093826
        ]
      },
      "id": "node/9442510281"
    },
    {
      "type": "Feature",
      "properties": {
        "@id": "node/9471714742",
        "amenity": "shelter"
      },
      "geometry": {
        "type": "Point",
        "coordinates": [
          19.0514099,
          49.7782858
        ]
      },
      "id": "node/9471714742"
    },
    {
      "type": "Feature",
      "properties": {
        "@id": "node/9471766629",
        "amenity": "shelter"
      },
      "geometry": {
        "type": "Point",
        "coordinates": [
          19.0552163,
          49.7761163
        ]
      },
      "id": "node/9471766629"
    },
    {
      "type": "Feature",
      "properties": {
        "@id": "node/9509397892",
        "natural": "spring"
      },
      "geometry": {
        "type": "Point",
        "coordinates": [
          20.1413739,
          49.8672664
        ]
      },
      "id": "node/9509397892"
    },
    {
      "type": "Feature",
      "properties": {
        "@id": "node/9522300003",
        "amenity": "drinking_water",
        "bottle": "yes",
        "seasonal": "yes"
      },
      "geometry": {
        "type": "Point",
        "coordinates": [
          19.2172554,
          49.8194711
        ]
      },
      "id": "node/9522300003"
    },
    {
      "type": "Feature",
      "properties": {
        "@id": "node/9694473051",
        "amenity": "shelter",
        "shelter_type": "public_transport"
      },
      "geometry": {
        "type": "Point",
        "coordinates": [
          19.0727224,
          49.7737315
        ]
      },
      "id": "node/9694473051"
    },
    {
      "type": "Feature",
      "properties": {
        "@id": "node/9706206986",
        "amenity": "shelter",
        "shelter_type": "picnic_shelter"
      },
      "geometry": {
        "type": "Point",
        "coordinates": [
          19.7139296,
          49.8489271
        ]
      },
      "id": "node/9706206986"
    },
    {
      "type": "Feature",
      "properties": {
        "@id": "node/9706207090",
        "natural": "spring"
      },
      "geometry": {
        "type": "Point",
        "coordinates": [
          19.7046864,
          49.8459596
        ]
      },
      "id": "node/9706207090"
    },
    {
      "type": "Feature",
      "properties": {
        "@id": "node/9710677390",
        "bottle": "yes",
        "drinking_water": "yes",
        "drinking_water:legal": "no",
        "natural": "spring"
      },
      "geometry": {
        "type": "Point",
        "coordinates": [
          19.6642617,
          49.7266466
        ]
      },
      "id": "node/9710677390"
    },
    {
      "type": "Feature",
      "properties": {
        "@id": "node/9759817867",
        "amenity": "drinking_water",
        "check_date": "2024-08-25",
        "drinking_water": "yes",
        "name": "Źródło Świętego Wita",
        "natural": "spring"
      },
      "geometry": {
        "type": "Point",
        "coordinates": [
          19.2033162,
          49.7073287
        ]
      },
      "id": "node/9759817867"
    },
    {
      "type": "Feature",
      "properties": {
        "@id": "node/9763747585",
        "amenity": "shelter",
        "shelter_type": "picnic_shelter"
      },
      "geometry": {
        "type": "Point",
        "coordinates": [
          19.7269218,
          49.8072216
        ]
      },
      "id": "node/9763747585"
    },
    {
      "type": "Feature",
      "properties": {
        "@id": "node/9763794795",
        "amenity": "shelter",
        "shelter_type": "picnic_shelter"
      },
      "geometry": {
        "type": "Point",
        "coordinates": [
          20.0828556,
          49.7544653
        ]
      },
      "id": "node/9763794795"
    },
    {
      "type": "Feature",
      "properties": {
        "@id": "node/9831321589",
        "amenity": "shelter"
      },
      "geometry": {
        "type": "Point",
        "coordinates": [
          18.9290889,
          49.6172167
        ]
      },
      "id": "node/9831321589"
    },
    {
      "type": "Feature",
      "properties": {
        "@id": "node/9835444282",
        "amenity": "shelter"
      },
      "geometry": {
        "type": "Point",
        "coordinates": [
          18.9191277,
          49.6293393
        ]
      },
      "id": "node/9835444282"
    },
    {
      "type": "Feature",
      "properties": {
        "@id": "node/9843420987",
        "amenity": "shelter"
      },
      "geometry": {
        "type": "Point",
        "coordinates": [
          18.9756007,
          49.684411
        ]
      },
      "id": "node/9843420987"
    },
    {
      "type": "Feature",
      "properties": {
        "@id": "node/9844452097",
        "amenity": "shelter"
      },
      "geometry": {
        "type": "Point",
        "coordinates": [
          18.998261,
          49.703357
        ]
      },
      "id": "node/9844452097"
    },
    {
      "type": "Feature",
      "properties": {
        "@id": "node/9947405086",
        "amenity": "shelter",
        "shelter_type": "picnic_shelter"
      },
      "geometry": {
        "type": "Point",
        "coordinates": [
          20.1294541,
          49.6759408
        ]
      },
      "id": "node/9947405086"
    },
    {
      "type": "Feature",
      "properties": {
        "@id": "node/9985851033",
        "access": "yes",
        "amenity": "drinking_water",
        "bottle": "yes",
        "fee": "no",
        "fountain": "drinking",
        "wheelchair": "no"
      },
      "geometry": {
        "type": "Point",
        "coordinates": [
          18.9452078,
          49.6258637
        ]
      },
      "id": "node/9985851033"
    },
    {
      "type": "Feature",
      "properties": {
        "@id": "node/9985902142",
        "natural": "spring"
      },
      "geometry": {
        "type": "Point",
        "coordinates": [
          18.9720446,
          49.6208723
        ]
      },
      "id": "node/9985902142"
    },
    {
      "type": "Feature",
      "properties": {
        "@id": "node/10000651444",
        "amenity": "shelter",
        "building": "shelter",
        "fixme": "position",
        "name": "Schron Turystyczny Wędźno"
      },
      "geometry": {
        "type": "Point",
        "coordinates": [
          19.7532316,
          49.6468753
        ]
      },
      "id": "node/10000651444"
    },
    {
      "type": "Feature",
      "properties": {
        "@id": "node/10111952290",
        "drinking_water": "yes",
        "natural": "spring"
      },
      "geometry": {
        "type": "Point",
        "coordinates": [
          19.0207629,
          49.6212151
        ]
      },
      "id": "node/10111952290"
    },
    {
      "type": "Feature",
      "properties": {
        "@id": "node/10117002566",
        "amenity": "shelter",
        "shelter_type": "picnic_shelter"
      },
      "geometry": {
        "type": "Point",
        "coordinates": [
          18.9834964,
          49.7997245
        ]
      },
      "id": "node/10117002566"
    },
    {
      "type": "Feature",
      "properties": {
        "@id": "node/10118468052",
        "amenity": "shelter"
      },
      "geometry": {
        "type": "Point",
        "coordinates": [
          19.3743351,
          49.5928486
        ]
      },
      "id": "node/10118468052"
    },
    {
      "type": "Feature",
      "properties": {
        "@id": "node/10125804271",
        "amenity": "shelter",
        "bench": "yes",
        "fireplace": "yes",
        "shelter_type": "picnic_shelter"
      },
      "geometry": {
        "type": "Point",
        "coordinates": [
          19.1613896,
          49.8315998
        ]
      },
      "id": "node/10125804271"
    },
    {
      "type": "Feature",
      "properties": {
        "@id": "node/10135456205",
        "amenity": "shelter",
        "shelter_type": "picnic_shelter"
      },
      "geometry": {
        "type": "Point",
        "coordinates": [
          19.0459693,
          49.7811848
        ]
      },
      "id": "node/10135456205"
    },
    {
      "type": "Feature",
      "properties": {
        "@id": "node/10135456206",
        "amenity": "shelter",
        "shelter_type": "picnic_shelter"
      },
      "geometry": {
        "type": "Point",
        "coordinates": [
          19.0460006,
          49.7812449
        ]
      },
      "id": "node/10135456206"
    },
    {
      "type": "Feature",
      "properties": {
        "@id": "node/10135456207",
        "amenity": "shelter"
      },
      "geometry": {
        "type": "Point",
        "coordinates": [
          19.0502007,
          49.7832978
        ]
      },
      "id": "node/10135456207"
    },
    {
      "type": "Feature",
      "properties": {
        "@id": "node/10143611304",
        "access": "yes",
        "amenity": "shelter",
        "bench": "yes",
        "bin": "yes",
        "shelter_type": "picnic_shelter"
      },
      "geometry": {
        "type": "Point",
        "coordinates": [
          19.388818,
          49.8148106
        ]
      },
      "id": "node/10143611304"
    },
    {
      "type": "Feature",
      "properties": {
        "@id": "node/10147656288",
        "amenity": "shelter",
        "shelter_type": "picnic_shelter"
      },
      "geometry": {
        "type": "Point",
        "coordinates": [
          19.0036634,
          49.8077521
        ]
      },
      "id": "node/10147656288"
    },
    {
      "type": "Feature",
      "properties": {
        "@id": "node/10157533405",
        "access": "yes",
        "amenity": "shelter",
        "bench": "yes",
        "bin": "yes",
        "shelter_type": "picnic_shelter"
      },
      "geometry": {
        "type": "Point",
        "coordinates": [
          19.3470148,
          49.8500321
        ]
      },
      "id": "node/10157533405"
    },
    {
      "type": "Feature",
      "properties": {
        "@id": "node/10157550732",
        "access": "yes",
        "amenity": "shelter",
        "bench": "yes",
        "bin": "yes",
        "shelter_type": "picnic_shelter"
      },
      "geometry": {
        "type": "Point",
        "coordinates": [
          19.3484935,
          49.8597723
        ]
      },
      "id": "node/10157550732"
    },
    {
      "type": "Feature",
      "properties": {
        "@id": "node/10291345754",
        "amenity": "shelter",
        "bin": "yes",
        "image": "https://1drv.ms/u/s!Aiku5frSUxyakJtZQ8AQKZBLMwBa3w?e=4AmVTH",
        "shelter_type": "picnic_shelter"
      },
      "geometry": {
        "type": "Point",
        "coordinates": [
          19.3623051,
          49.5748914
        ]
      },
      "id": "node/10291345754"
    },
    {
      "type": "Feature",
      "properties": {
        "@id": "node/10293588505",
        "drinking_water": "no",
        "natural": "spring",
        "note": "Po zbadaniu przez sanepid woda skażona bakteriami coli."
      },
      "geometry": {
        "type": "Point",
        "coordinates": [
          19.5059275,
          49.8622819
        ]
      },
      "id": "node/10293588505"
    },
    {
      "type": "Feature",
      "properties": {
        "@id": "node/10295153219",
        "amenity": "shelter",
        "shelter_type": "lean_to"
      },
      "geometry": {
        "type": "Point",
        "coordinates": [
          19.6036958,
          49.7548056
        ]
      },
      "id": "node/10295153219"
    },
    {
      "type": "Feature",
      "properties": {
        "@id": "node/10308075026",
        "addr:city": "Krzyżowa",
        "addr:housenumber": "110",
        "addr:postcode": "34-335",
        "addr:street": "Beskidzka",
        "email": "info@chatabacow.pl",
        "image": "https://1drv.ms/u/s!Aiku5frSUxyakJt0OOh5EGhaRRyAzg?e=c2iAVy",
        "internet_access": "wlan",
        "internet_access:fee": "no",
        "name": "Chata Baców",
        "operator": "Oddział PTTK w Żywcu",
        "phone": "+48 788 742 066",
        "start_date": "1967",
        "tourism": "alpine_hut",
        "website": "https://chatabacow.pl/"
      },
      "geometry": {
        "type": "Point",
        "coordinates": [
          19.3450098,
          49.5714135
        ]
      },
      "id": "node/10308075026"
    },
    {
      "type": "Feature",
      "properties": {
        "@id": "node/10556677871",
        "amenity": "shelter",
        "fireplace": "yes",
        "name": "Przystanek Turysty",
        "opening_hours": "07:00-22:00",
        "operator": "Rada Osiedla Straconka",
        "phone": "+48 600 973 051",
        "shelter_type": "picnic_shelter"
      },
      "geometry": {
        "type": "Point",
        "coordinates": [
          19.1075981,
          49.7903025
        ]
      },
      "id": "node/10556677871"
    },
    {
      "type": "Feature",
      "properties": {
        "@id": "node/10556743516",
        "amenity": "shelter",
        "fireplace": "yes",
        "name": "Przystanek Turysty",
        "opening_hours": "07:00-22:00",
        "operator": "Rada Osiedla Straconka",
        "phone": "+48 600 973 051",
        "shelter_type": "picnic_shelter"
      },
      "geometry": {
        "type": "Point",
        "coordinates": [
          19.107746,
          49.790286
        ]
      },
      "id": "node/10556743516"
    },
    {
      "type": "Feature",
      "properties": {
        "@id": "node/10651017117",
        "access": "yes",
        "amenity": "shelter",
        "shelter_type": "weather_shelter"
      },
      "geometry": {
        "type": "Point",
        "coordinates": [
          19.6936122,
          49.5716814
        ]
      },
      "id": "node/10651017117"
    },
    {
      "type": "Feature",
      "properties": {
        "@id": "node/10720630160",
        "access": "yes",
        "amenity": "drinking_water",
        "bottle": "yes",
        "check_date": "2022-09-25",
        "fee": "no",
        "wheelchair": "limited"
      },
      "geometry": {
        "type": "Point",
        "coordinates": [
          18.9695803,
          49.5828102
        ]
      },
      "id": "node/10720630160"
    },
    {
      "type": "Feature",
      "properties": {
        "@id": "node/10831904189",
        "amenity": "shelter",
        "shelter_type": "public_transport"
      },
      "geometry": {
        "type": "Point",
        "coordinates": [
          19.1234163,
          49.7406605
        ]
      },
      "id": "node/10831904189"
    },
    {
      "type": "Feature",
      "properties": {
        "@id": "node/10856266451",
        "amenity": "shelter",
        "shelter_type": "picnic_shelter"
      },
      "geometry": {
        "type": "Point",
        "coordinates": [
          19.0642539,
          49.6497319
        ]
      },
      "id": "node/10856266451"
    },
    {
      "type": "Feature",
      "properties": {
        "@id": "node/10873826974",
        "amenity": "shelter",
        "name": "Przyczepa kempingowa",
        "shelter_type": "gazebo"
      },
      "geometry": {
        "type": "Point",
        "coordinates": [
          18.8910665,
          49.7590896
        ]
      },
      "id": "node/10873826974"
    },
    {
      "type": "Feature",
      "properties": {
        "@id": "node/10908736610",
        "amenity": "shelter",
        "fireplace": "no",
        "shelter_type": "picnic_shelter"
      },
      "geometry": {
        "type": "Point",
        "coordinates": [
          18.9137589,
          49.7598665
        ]
      },
      "id": "node/10908736610"
    },
    {
      "type": "Feature",
      "properties": {
        "@id": "node/10934036259",
        "natural": "spring"
      },
      "geometry": {
        "type": "Point",
        "coordinates": [
          20.002195,
          49.6904085
        ]
      },
      "id": "node/10934036259"
    },
    {
      "type": "Feature",
      "properties": {
        "@id": "node/10946052284",
        "amenity": "shelter",
        "shelter_type": "public_transport"
      },
      "geometry": {
        "type": "Point",
        "coordinates": [
          20.1534531,
          49.6209773
        ]
      },
      "id": "node/10946052284"
    },
    {
      "type": "Feature",
      "properties": {
        "@id": "node/10969656556",
        "natural": "spring"
      },
      "geometry": {
        "type": "Point",
        "coordinates": [
          19.5214219,
          49.8649153
        ]
      },
      "id": "node/10969656556"
    },
    {
      "type": "Feature",
      "properties": {
        "@id": "node/11047230575",
        "natural": "spring"
      },
      "geometry": {
        "type": "Point",
        "coordinates": [
          19.6914722,
          49.7307936
        ]
      },
      "id": "node/11047230575"
    },
    {
      "type": "Feature",
      "properties": {
        "@id": "node/11078992694",
        "drinking_water": "yes",
        "intermittent": "no",
        "name": "Drinkable spring",
        "natural": "spring"
      },
      "geometry": {
        "type": "Point",
        "coordinates": [
          20.0711664,
          49.7765885
        ]
      },
      "id": "node/11078992694"
    },
    {
      "type": "Feature",
      "properties": {
        "@id": "node/11081568972",
        "natural": "spring"
      },
      "geometry": {
        "type": "Point",
        "coordinates": [
          19.9780279,
          49.6130111
        ]
      },
      "id": "node/11081568972"
    },
    {
      "type": "Feature",
      "properties": {
        "@id": "node/11091402596",
        "amenity": "shelter",
        "shelter_type": "public_transport"
      },
      "geometry": {
        "type": "Point",
        "coordinates": [
          19.6034043,
          49.8689374
        ]
      },
      "id": "node/11091402596"
    },
    {
      "type": "Feature",
      "properties": {
        "@id": "node/11091402597",
        "amenity": "shelter",
        "shelter_type": "public_transport"
      },
      "geometry": {
        "type": "Point",
        "coordinates": [
          19.6207267,
          49.8646589
        ]
      },
      "id": "node/11091402597"
    },
    {
      "type": "Feature",
      "properties": {
        "@id": "node/11091402598",
        "amenity": "shelter",
        "shelter_type": "public_transport"
      },
      "geometry": {
        "type": "Point",
        "coordinates": [
          19.6219284,
          49.8650529
        ]
      },
      "id": "node/11091402598"
    },
    {
      "type": "Feature",
      "properties": {
        "@id": "node/11091962409",
        "amenity": "shelter",
        "shelter_type": "public_transport"
      },
      "geometry": {
        "type": "Point",
        "coordinates": [
          19.6925367,
          49.7600048
        ]
      },
      "id": "node/11091962409"
    },
    {
      "type": "Feature",
      "properties": {
        "@id": "node/11132695818",
        "natural": "spring"
      },
      "geometry": {
        "type": "Point",
        "coordinates": [
          18.951927,
          49.7362721
        ]
      },
      "id": "node/11132695818"
    },
    {
      "type": "Feature",
      "properties": {
        "@id": "node/11138359531",
        "natural": "spring"
      },
      "geometry": {
        "type": "Point",
        "coordinates": [
          18.9897242,
          49.5753664
        ]
      },
      "id": "node/11138359531"
    },
    {
      "type": "Feature",
      "properties": {
        "@id": "node/11143117602",
        "amenity": "shelter",
        "bench": "yes",
        "bin": "yes",
        "name": "Paderewskiego",
        "shelter_type": "public_transport"
      },
      "geometry": {
        "type": "Point",
        "coordinates": [
          19.0537408,
          49.8242733
        ]
      },
      "id": "node/11143117602"
    },
    {
      "type": "Feature",
      "properties": {
        "@id": "node/11161744026",
        "amenity": "shelter",
        "shelter_type": "picnic_shelter"
      },
      "geometry": {
        "type": "Point",
        "coordinates": [
          19.3132554,
          49.6552711
        ]
      },
      "id": "node/11161744026"
    },
    {
      "type": "Feature",
      "properties": {
        "@id": "node/11173536778",
        "amenity": "shelter"
      },
      "geometry": {
        "type": "Point",
        "coordinates": [
          19.8228906,
          49.7956558
        ]
      },
      "id": "node/11173536778"
    },
    {
      "type": "Feature",
      "properties": {
        "@id": "node/11185989777",
        "amenity": "drinking_water"
      },
      "geometry": {
        "type": "Point",
        "coordinates": [
          19.7145695,
          49.8452319
        ]
      },
      "id": "node/11185989777"
    },
    {
      "type": "Feature",
      "properties": {
        "@id": "node/11196283775",
        "amenity": "shelter",
        "shelter_type": "picnic_shelter"
      },
      "geometry": {
        "type": "Point",
        "coordinates": [
          19.21818,
          49.8211037
        ]
      },
      "id": "node/11196283775"
    },
    {
      "type": "Feature",
      "properties": {
        "@id": "node/11207001767",
        "amenity": "shelter",
        "shelter_type": "picnic_shelter"
      },
      "geometry": {
        "type": "Point",
        "coordinates": [
          18.9439038,
          49.8264032
        ]
      },
      "id": "node/11207001767"
    },
    {
      "type": "Feature",
      "properties": {
        "@id": "node/11211749636",
        "amenity": "shelter",
        "shelter_type": "sun_shelter"
      },
      "geometry": {
        "type": "Point",
        "coordinates": [
          19.2241598,
          49.7765464
        ]
      },
      "id": "node/11211749636"
    },
    {
      "type": "Feature",
      "properties": {
        "@id": "node/11222939544",
        "amenity": "shelter"
      },
      "geometry": {
        "type": "Point",
        "coordinates": [
          19.0727008,
          49.7737498
        ]
      },
      "id": "node/11222939544"
    },
    {
      "type": "Feature",
      "properties": {
        "@id": "node/11269994700",
        "amenity": "shelter",
        "name": "Wiata na Hali Śmietanowej",
        "shelter_type": "weather_shelter",
        "source": "survey, GPS"
      },
      "geometry": {
        "type": "Point",
        "coordinates": [
          19.589798,
          49.622808
        ]
      },
      "id": "node/11269994700"
    },
    {
      "type": "Feature",
      "properties": {
        "@id": "node/11335122114",
        "amenity": "shelter",
        "name": "Przystanek turystyczny Krowia Góra",
        "shelter_type": "picnic_shelter"
      },
      "geometry": {
        "type": "Point",
        "coordinates": [
          19.7524573,
          49.7956127
        ]
      },
      "id": "node/11335122114"
    },
    {
      "type": "Feature",
      "properties": {
        "@id": "node/11346102386",
        "amenity": "shelter",
        "shelter_type": "picnic_shelter"
      },
      "geometry": {
        "type": "Point",
        "coordinates": [
          19.5181447,
          49.6210489
        ]
      },
      "id": "node/11346102386"
    },
    {
      "type": "Feature",
      "properties": {
        "@id": "node/11346169146",
        "amenity": "shelter"
      },
      "geometry": {
        "type": "Point",
        "coordinates": [
          19.5946687,
          49.57777
        ]
      },
      "id": "node/11346169146"
    },
    {
      "type": "Feature",
      "properties": {
        "@id": "node/11412559304",
        "amenity": "shelter",
        "bench": "yes",
        "bin": "yes",
        "operator": "Gmina Łodygowice",
        "shelter_type": "picnic_shelter"
      },
      "geometry": {
        "type": "Point",
        "coordinates": [
          19.1660217,
          49.7140303
        ]
      },
      "id": "node/11412559304"
    },
    {
      "type": "Feature",
      "properties": {
        "@id": "node/11455202865",
        "amenity": "shelter",
        "shelter_type": "lean_to"
      },
      "geometry": {
        "type": "Point",
        "coordinates": [
          18.9505088,
          49.7239084
        ]
      },
      "id": "node/11455202865"
    },
    {
      "type": "Feature",
      "properties": {
        "@id": "node/11468866370",
        "amenity": "shelter"
      },
      "geometry": {
        "type": "Point",
        "coordinates": [
          20.0586373,
          49.7629038
        ]
      },
      "id": "node/11468866370"
    },
    {
      "type": "Feature",
      "properties": {
        "@id": "node/11484502058",
        "amenity": "drinking_water",
        "fixme": "Sprawdzić czy jest woda",
        "man_made": "water_tap"
      },
      "geometry": {
        "type": "Point",
        "coordinates": [
          19.0630227,
          49.7874659
        ]
      },
      "id": "node/11484502058"
    },
    {
      "type": "Feature",
      "properties": {
        "@id": "node/11511153419",
        "amenity": "shelter",
        "shelter_type": "picnic_shelter"
      },
      "geometry": {
        "type": "Point",
        "coordinates": [
          18.920252,
          49.7574454
        ]
      },
      "id": "node/11511153419"
    },
    {
      "type": "Feature",
      "properties": {
        "@id": "node/11559670510",
        "amenity": "shelter",
        "fireplace": "yes",
        "operator": "Nadleśnictwo Bielsko",
        "shelter_type": "picnic_shelter"
      },
      "geometry": {
        "type": "Point",
        "coordinates": [
          18.9067476,
          49.7899878
        ]
      },
      "id": "node/11559670510"
    },
    {
      "type": "Feature",
      "properties": {
        "@id": "node/11595211425",
        "amenity": "shelter",
        "shelter_type": "picnic_shelter"
      },
      "geometry": {
        "type": "Point",
        "coordinates": [
          18.9469079,
          49.780931
        ]
      },
      "id": "node/11595211425"
    },
    {
      "type": "Feature",
      "properties": {
        "@id": "node/11610242878",
        "natural": "spring"
      },
      "geometry": {
        "type": "Point",
        "coordinates": [
          19.1301847,
          49.8091684
        ]
      },
      "id": "node/11610242878"
    },
    {
      "type": "Feature",
      "properties": {
        "@id": "node/11618494622",
        "check_date": "2024-02-13",
        "man_made": "water_well",
        "natural": "spring",
        "source": "survey;gps"
      },
      "geometry": {
        "type": "Point",
        "coordinates": [
          19.2455031,
          49.7530112
        ]
      },
      "id": "node/11618494622"
    },
    {
      "type": "Feature",
      "properties": {
        "@id": "node/11708360492",
        "amenity": "shelter",
        "shelter_type": "gazebo"
      },
      "geometry": {
        "type": "Point",
        "coordinates": [
          18.8868851,
          49.7081587
        ]
      },
      "id": "node/11708360492"
    },
    {
      "type": "Feature",
      "properties": {
        "@id": "node/11710980298",
        "drinking_water": "yes",
        "natural": "spring"
      },
      "geometry": {
        "type": "Point",
        "coordinates": [
          18.8928368,
          49.661851
        ]
      },
      "id": "node/11710980298"
    },
    {
      "type": "Feature",
      "properties": {
        "@id": "node/11711493332",
        "amenity": "shelter",
        "shelter_type": "picnic_shelter"
      },
      "geometry": {
        "type": "Point",
        "coordinates": [
          18.8892694,
          49.66243
        ]
      },
      "id": "node/11711493332"
    },
    {
      "type": "Feature",
      "properties": {
        "@id": "node/11755267694",
        "amenity": "shelter",
        "name": "Paśnik",
        "shelter_type": "gazebo"
      },
      "geometry": {
        "type": "Point",
        "coordinates": [
          18.9873267,
          49.6451301
        ]
      },
      "id": "node/11755267694"
    },
    {
      "type": "Feature",
      "properties": {
        "@id": "node/11755274099",
        "natural": "spring"
      },
      "geometry": {
        "type": "Point",
        "coordinates": [
          18.9915245,
          49.6453267
        ]
      },
      "id": "node/11755274099"
    },
    {
      "type": "Feature",
      "properties": {
        "@id": "node/11810118803",
        "name": "Źródło Żelaziste",
        "natural": "spring"
      },
      "geometry": {
        "type": "Point",
        "coordinates": [
          19.0471782,
          49.7811619
        ]
      },
      "id": "node/11810118803"
    },
    {
      "type": "Feature",
      "properties": {
        "@id": "node/11819513270",
        "amenity": "shelter",
        "shelter_type": "weather_shelter"
      },
      "geometry": {
        "type": "Point",
        "coordinates": [
          19.0310225,
          49.8450316
        ]
      },
      "id": "node/11819513270"
    },
    {
      "type": "Feature",
      "properties": {
        "@id": "node/11828654066",
        "natural": "spring"
      },
      "geometry": {
        "type": "Point",
        "coordinates": [
          19.1813068,
          49.6614661
        ]
      },
      "id": "node/11828654066"
    },
    {
      "type": "Feature",
      "properties": {
        "@id": "node/11828792468",
        "natural": "spring"
      },
      "geometry": {
        "type": "Point",
        "coordinates": [
          19.1966407,
          49.6704125
        ]
      },
      "id": "node/11828792468"
    },
    {
      "type": "Feature",
      "properties": {
        "@id": "node/11859791071",
        "natural": "spring"
      },
      "geometry": {
        "type": "Point",
        "coordinates": [
          18.886911,
          49.6989917
        ]
      },
      "id": "node/11859791071"
    },
    {
      "type": "Feature",
      "properties": {
        "@id": "node/11860515950",
        "amenity": "shelter",
        "bench": "yes",
        "bin": "yes",
        "bus": "yes",
        "covered": "yes",
        "departures_board": "timetable",
        "highway": "bus_stop",
        "name": "Brenna Szkoła 1",
        "operator": "WISPOL",
        "public_transport": "platform",
        "route_ref": "Brenna Leśnica II",
        "shelter": "yes",
        "shelter_type": "public_transport",
        "sign": "yes",
        "tactile_paving": "no",
        "wheelchair": "limited"
      },
      "geometry": {
        "type": "Point",
        "coordinates": [
          18.903561,
          49.6950989
        ]
      },
      "id": "node/11860515950"
    },
    {
      "type": "Feature",
      "properties": {
        "@id": "node/11860528349",
        "amenity": "shelter",
        "bench": "yes",
        "bin": "yes",
        "bus": "yes",
        "covered": "yes",
        "departures_board": "timetable",
        "highway": "bus_stop",
        "name": "Brenna Szkoła 2",
        "operator": "WISPOL",
        "public_transport": "platform",
        "route_ref": "Cieszyn; Skoczów",
        "shelter": "yes",
        "shelter_type": "public_transport",
        "sign": "no",
        "tactile_paving": "no",
        "wheelchair": "limited"
      },
      "geometry": {
        "type": "Point",
        "coordinates": [
          18.9036719,
          49.6952628
        ]
      },
      "id": "node/11860528349"
    },
    {
      "type": "Feature",
      "properties": {
        "@id": "node/11868510767",
        "natural": "spring"
      },
      "geometry": {
        "type": "Point",
        "coordinates": [
          19.0799219,
          49.6505766
        ]
      },
      "id": "node/11868510767"
    },
    {
      "type": "Feature",
      "properties": {
        "@id": "node/11868729626",
        "amenity": "shelter",
        "description": "Zadaszony taras z ławami",
        "operator": "Nadleśnictwo Węgierska Górka",
        "shelter_type": "lean_to"
      },
      "geometry": {
        "type": "Point",
        "coordinates": [
          19.0647111,
          49.6417598
        ]
      },
      "id": "node/11868729626"
    },
    {
      "type": "Feature",
      "properties": {
        "@id": "node/11868735036",
        "amenity": "shelter",
        "description": "Stary czerwony bus Mercedes",
        "shelter_type": "lean_to"
      },
      "geometry": {
        "type": "Point",
        "coordinates": [
          19.0640244,
          49.6417903
        ]
      },
      "id": "node/11868735036"
    },
    {
      "type": "Feature",
      "properties": {
        "@id": "node/11898353173",
        "amenity": "shelter",
        "name": "Wiata Przybędza",
        "operator": "Nadleśnictwo Węgierska Górka",
        "shelter_type": "picnic_shelter"
      },
      "geometry": {
        "type": "Point",
        "coordinates": [
          19.1035626,
          49.6308784
        ]
      },
      "id": "node/11898353173"
    },
    {
      "type": "Feature",
      "properties": {
        "@id": "node/11898786986",
        "natural": "spring"
      },
      "geometry": {
        "type": "Point",
        "coordinates": [
          19.0518925,
          49.6289525
        ]
      },
      "id": "node/11898786986"
    },
    {
      "type": "Feature",
      "properties": {
        "@id": "node/11900253264",
        "amenity": "shelter",
        "shelter_type": "picnic_shelter"
      },
      "geometry": {
        "type": "Point",
        "coordinates": [
          19.5044171,
          49.6328185
        ]
      },
      "id": "node/11900253264"
    },
    {
      "type": "Feature",
      "properties": {
        "@id": "node/11911840655",
        "amenity": "shelter",
        "shelter_type": "picnic_shelter"
      },
      "geometry": {
        "type": "Point",
        "coordinates": [
          19.7994859,
          49.785036
        ]
      },
      "id": "node/11911840655"
    },
    {
      "type": "Feature",
      "properties": {
        "@id": "node/11913698533",
        "amenity": "shelter",
        "bench": "yes",
        "bin": "yes",
        "bus": "yes",
        "covered": "yes",
        "departures_board": "timetable",
        "highway": "platform",
        "name": "Cięcina Leśniczówka/ Zdrój",
        "operator": "KRIS BUS Sienna",
        "phone": "+48 703 402 802",
        "public_transport": "platform",
        "shelter": "yes",
        "shelter_type": "public_transport",
        "sign": "yes",
        "tactile_paving": "no",
        "website": "http://www.krisbus.pl",
        "wheelchair": "limited"
      },
      "geometry": {
        "type": "Point",
        "coordinates": [
          19.1747148,
          49.5924482
        ]
      },
      "id": "node/11913698533"
    },
    {
      "type": "Feature",
      "properties": {
        "@id": "node/11914331542",
        "amenity": "shelter",
        "shelter_type": "gazebo"
      },
      "geometry": {
        "type": "Point",
        "coordinates": [
          19.7872495,
          49.8048198
        ]
      },
      "id": "node/11914331542"
    },
    {
      "type": "Feature",
      "properties": {
        "@id": "node/11921721556",
        "amenity": "shelter",
        "shelter_type": "picnic_shelter"
      },
      "geometry": {
        "type": "Point",
        "coordinates": [
          19.5101999,
          49.8547563
        ]
      },
      "id": "node/11921721556"
    },
    {
      "type": "Feature",
      "properties": {
        "@id": "node/11934794581",
        "natural": "spring"
      },
      "geometry": {
        "type": "Point",
        "coordinates": [
          20.0048023,
          49.6758657
        ]
      },
      "id": "node/11934794581"
    },
    {
      "type": "Feature",
      "properties": {
        "@id": "node/11975253753",
        "amenity": "shelter",
        "shelter_type": "field_shelter"
      },
      "geometry": {
        "type": "Point",
        "coordinates": [
          19.2691976,
          49.6279985
        ]
      },
      "id": "node/11975253753"
    },
    {
      "type": "Feature",
      "properties": {
        "@id": "node/12001043609",
        "access": "private",
        "amenity": "shelter",
        "shelter_type": "gazebo"
      },
      "geometry": {
        "type": "Point",
        "coordinates": [
          19.0070388,
          49.7327676
        ]
      },
      "id": "node/12001043609"
    },
    {
      "type": "Feature",
      "properties": {
        "@id": "node/12001043610",
        "access": "private",
        "amenity": "shelter",
        "shelter_type": "gazebo"
      },
      "geometry": {
        "type": "Point",
        "coordinates": [
          19.0069117,
          49.7327697
        ]
      },
      "id": "node/12001043610"
    },
    {
      "type": "Feature",
      "properties": {
        "@id": "node/12009734324",
        "amenity": "shelter"
      },
      "geometry": {
        "type": "Point",
        "coordinates": [
          20.0631193,
          49.7734207
        ]
      },
      "id": "node/12009734324"
    },
    {
      "type": "Feature",
      "properties": {
        "@id": "node/12061003247",
        "amenity": "shelter",
        "bin": "yes",
        "shelter_type": "picnic_shelter"
      },
      "geometry": {
        "type": "Point",
        "coordinates": [
          19.0683468,
          49.7721968
        ]
      },
      "id": "node/12061003247"
    },
    {
      "type": "Feature",
      "properties": {
        "@id": "node/12082290905",
        "access": "private",
        "amenity": "shelter",
        "shelter_type": "picnic_shelter"
      },
      "geometry": {
        "type": "Point",
        "coordinates": [
          19.8750477,
          49.6115697
        ]
      },
      "id": "node/12082290905"
    },
    {
      "type": "Feature",
      "properties": {
        "@id": "node/12082308530",
        "amenity": "shelter",
        "shelter_type": "picnic_shelter"
      },
      "geometry": {
        "type": "Point",
        "coordinates": [
          19.8474119,
          49.6162273
        ]
      },
      "id": "node/12082308530"
    },
    {
      "type": "Feature",
      "properties": {
        "@id": "node/12082317611",
        "amenity": "shelter",
        "shelter_type": "picnic_shelter"
      },
      "geometry": {
        "type": "Point",
        "coordinates": [
          19.8519858,
          49.6120301
        ]
      },
      "id": "node/12082317611"
    },
    {
      "type": "Feature",
      "properties": {
        "@id": "node/12082317612",
        "amenity": "shelter",
        "shelter_type": "picnic_shelter"
      },
      "geometry": {
        "type": "Point",
        "coordinates": [
          19.852464,
          49.6107647
        ]
      },
      "id": "node/12082317612"
    },
    {
      "type": "Feature",
      "properties": {
        "@id": "node/12083558733",
        "amenity": "shelter",
        "shelter_type": "picnic_shelter"
      },
      "geometry": {
        "type": "Point",
        "coordinates": [
          19.821671,
          49.5690427
        ]
      },
      "id": "node/12083558733"
    },
    {
      "type": "Feature",
      "properties": {
        "@id": "node/12086905480",
        "check_date": "2024-07-26",
        "drinking_water": "no",
        "intermittent": "no",
        "natural": "spring",
        "note": "Wyschnięte"
      },
      "geometry": {
        "type": "Point",
        "coordinates": [
          19.7733407,
          49.7955538
        ]
      },
      "id": "node/12086905480"
    },
    {
      "type": "Feature",
      "properties": {
        "@id": "node/12087030025",
        "amenity": "shelter",
        "shelter_type": "picnic_shelter"
      },
      "geometry": {
        "type": "Point",
        "coordinates": [
          19.8000957,
          49.7831708
        ]
      },
      "id": "node/12087030025"
    },
    {
      "type": "Feature",
      "properties": {
        "@id": "node/12087730054",
        "amenity": "shelter",
        "shelter_type": "picnic_shelter"
      },
      "geometry": {
        "type": "Point",
        "coordinates": [
          19.4913639,
          49.8333281
        ]
      },
      "id": "node/12087730054"
    },
    {
      "type": "Feature",
      "properties": {
        "@id": "node/12144702906",
        "check_date": "2024-08-29",
        "intermittent": "yes",
        "natural": "spring",
        "note": "Wyschnięte"
      },
      "geometry": {
        "type": "Point",
        "coordinates": [
          19.6109093,
          49.702884
        ]
      },
      "id": "node/12144702906"
    },
    {
      "type": "Feature",
      "properties": {
        "@id": "node/12153988794",
        "amenity": "shelter",
        "name": "Paśnik dla zwierząt leśnych",
        "shelter_type": "wildlife_hide"
      },
      "geometry": {
        "type": "Point",
        "coordinates": [
          18.9110767,
          49.7603886
        ]
      },
      "id": "node/12153988794"
    },
    {
      "type": "Feature",
      "properties": {
        "@id": "node/12174921167",
        "amenity": "shelter",
        "bin": "yes",
        "shelter_type": "picnic_shelter"
      },
      "geometry": {
        "type": "Point",
        "coordinates": [
          19.4953709,
          49.8604905
        ]
      },
      "id": "node/12174921167"
    },
    {
      "type": "Feature",
      "properties": {
        "@id": "node/12184088611",
        "amenity": "shelter",
        "bench": "yes",
        "name": "Tężnia solankowa",
        "shelter_type": "gazebo"
      },
      "geometry": {
        "type": "Point",
        "coordinates": [
          19.2027214,
          49.6838121
        ]
      },
      "id": "node/12184088611"
    },
    {
      "type": "Feature",
      "properties": {
        "@id": "node/12208488653",
        "natural": "spring"
      },
      "geometry": {
        "type": "Point",
        "coordinates": [
          19.9999666,
          49.6817149
        ]
      },
      "id": "node/12208488653"
    },
    {
      "type": "Feature",
      "properties": {
        "@id": "node/12228263740",
        "amenity": "shelter",
        "shelter_type": "public_transport"
      },
      "geometry": {
        "type": "Point",
        "coordinates": [
          18.9998856,
          49.814211
        ]
      },
      "id": "node/12228263740"
    },
    {
      "type": "Feature",
      "properties": {
        "@id": "node/12241928697",
        "amenity": "shelter",
        "shelter_type": "picnic_shelter"
      },
      "geometry": {
        "type": "Point",
        "coordinates": [
          19.7457812,
          49.782308
        ]
      },
      "id": "node/12241928697"
    },
    {
      "type": "Feature",
      "properties": {
        "@id": "node/12264333865",
        "amenity": "shelter",
        "shelter_type": "picnic_shelter"
      },
      "geometry": {
        "type": "Point",
        "coordinates": [
          19.668418,
          49.8384002
        ]
      },
      "id": "node/12264333865"
    },
    {
      "type": "Feature",
      "properties": {
        "@id": "node/12265674651",
        "check_date": "2024-10-19",
        "drinking_water": "no",
        "natural": "spring",
        "note": "Nieczytelna tablica inf., woda ledwo kapie. Nie odważyłem się napić."
      },
      "geometry": {
        "type": "Point",
        "coordinates": [
          19.6710377,
          49.8571883
        ]
      },
      "id": "node/12265674651"
    },
    {
      "type": "Feature",
      "properties": {
        "@id": "node/12273237045",
        "amenity": "shelter",
        "shelter_type": "public_transport"
      },
      "geometry": {
        "type": "Point",
        "coordinates": [
          19.5358992,
          49.73558
        ]
      },
      "id": "node/12273237045"
    },
    {
      "type": "Feature",
      "properties": {
        "@id": "node/12273238651",
        "amenity": "shelter"
      },
      "geometry": {
        "type": "Point",
        "coordinates": [
          19.1060863,
          49.6015819
        ]
      },
      "id": "node/12273238651"
    },
    {
      "type": "Feature",
      "properties": {
        "@id": "node/12273246796",
        "amenity": "shelter",
        "bench": "yes",
        "shelter_type": "public_transport"
      },
      "geometry": {
        "type": "Point",
        "coordinates": [
          19.6289526,
          49.7843339
        ]
      },
      "id": "node/12273246796"
    },
    {
      "type": "Feature",
      "properties": {
        "@id": "node/12273247176",
        "amenity": "shelter",
        "shelter_type": "public_transport"
      },
      "geometry": {
        "type": "Point",
        "coordinates": [
          19.6007173,
          49.7738932
        ]
      },
      "id": "node/12273247176"
    },
    {
      "type": "Feature",
      "properties": {
        "@id": "node/12273248543",
        "amenity": "shelter"
      },
      "geometry": {
        "type": "Point",
        "coordinates": [
          19.2787461,
          49.6183273
        ]
      },
      "id": "node/12273248543"
    },
    {
      "type": "Feature",
      "properties": {
        "@id": "node/12273248544",
        "amenity": "shelter"
      },
      "geometry": {
        "type": "Point",
        "coordinates": [
          19.1949743,
          49.6269798
        ]
      },
      "id": "node/12273248544"
    },
    {
      "type": "Feature",
      "properties": {
        "@id": "node/12273256825",
        "amenity": "shelter"
      },
      "geometry": {
        "type": "Point",
        "coordinates": [
          19.0990636,
          49.5821925
        ]
      },
      "id": "node/12273256825"
    },
    {
      "type": "Feature",
      "properties": {
        "@id": "node/12273265248",
        "amenity": "shelter"
      },
      "geometry": {
        "type": "Point",
        "coordinates": [
          19.2556397,
          49.6170411
        ]
      },
      "id": "node/12273265248"
    },
    {
      "type": "Feature",
      "properties": {
        "@id": "node/12273267122",
        "amenity": "shelter",
        "bin": "yes",
        "shelter_type": "weather_shelter"
      },
      "geometry": {
        "type": "Point",
        "coordinates": [
          19.6446753,
          49.8079392
        ]
      },
      "id": "node/12273267122"
    },
    {
      "type": "Feature",
      "properties": {
        "@id": "node/12294331690",
        "amenity": "drinking_water"
      },
      "geometry": {
        "type": "Point",
        "coordinates": [
          20.1704639,
          49.8029431
        ]
      },
      "id": "node/12294331690"
    },
    {
      "type": "Feature",
      "properties": {
        "@id": "node/12310173143",
        "amenity": "shelter",
        "shelter_type": "gazebo"
      },
      "geometry": {
        "type": "Point",
        "coordinates": [
          20.1318308,
          49.7454946
        ]
      },
      "id": "node/12310173143"
    },
    {
      "type": "Feature",
      "properties": {
        "@id": "node/12330727085",
        "amenity": "shelter",
        "shelter_type": "lean_to"
      },
      "geometry": {
        "type": "Point",
        "coordinates": [
          19.0661321,
          49.6541464
        ]
      },
      "id": "node/12330727085"
    },
    {
      "type": "Feature",
      "properties": {
        "@id": "node/12330730815",
        "amenity": "shelter",
        "name": "Przyczepa kempingowa",
        "shelter_type": "lean_to"
      },
      "geometry": {
        "type": "Point",
        "coordinates": [
          19.0700594,
          49.6551066
        ]
      },
      "id": "node/12330730815"
    },
    {
      "type": "Feature",
      "properties": {
        "@id": "node/12330885882",
        "amenity": "shelter",
        "shelter_type": "lean_to"
      },
      "geometry": {
        "type": "Point",
        "coordinates": [
          19.0607677,
          49.6493213
        ]
      },
      "id": "node/12330885882"
    },
    {
      "type": "Feature",
      "properties": {
        "@id": "node/12332991113",
        "amenity": "shelter",
        "shelter_type": "picnic_shelter"
      },
      "geometry": {
        "type": "Point",
        "coordinates": [
          20.1684946,
          49.7101322
        ]
      },
      "id": "node/12332991113"
    },
    {
      "type": "Feature",
      "properties": {
        "@id": "node/12335327618",
        "amenity": "shelter",
        "shelter_type": "public_transport"
      },
      "geometry": {
        "type": "Point",
        "coordinates": [
          19.0598845,
          49.5978223
        ]
      },
      "id": "node/12335327618"
    },
    {
      "type": "Feature",
      "properties": {
        "@id": "node/12357822156",
        "natural": "spring"
      },
      "geometry": {
        "type": "Point",
        "coordinates": [
          19.4021344,
          49.8439986
        ]
      },
      "id": "node/12357822156"
    },
    {
      "type": "Feature",
      "properties": {
        "@id": "node/12488990176",
        "amenity": "drinking_water"
      },
      "geometry": {
        "type": "Point",
        "coordinates": [
          19.6009154,
          49.7424367
        ]
      },
      "id": "node/12488990176"
    },
    {
      "type": "Feature",
      "properties": {
        "@id": "node/12492381756",
        "amenity": "shelter",
        "name": "Paśnik dla zwierząt leśnych",
        "shelter_type": "wildlife_hide"
      },
      "geometry": {
        "type": "Point",
        "coordinates": [
          18.9433031,
          49.6686133
        ]
      },
      "id": "node/12492381756"
    },
    {
      "type": "Feature",
      "properties": {
        "@id": "node/12555929916",
        "natural": "spring"
      },
      "geometry": {
        "type": "Point",
        "coordinates": [
          19.8785522,
          49.775874
        ]
      },
      "id": "node/12555929916"
    },
    {
      "type": "Feature",
      "properties": {
        "@id": "node/12566497762",
        "amenity": "shelter",
        "shelter_type": "gazebo"
      },
      "geometry": {
        "type": "Point",
        "coordinates": [
          19.7358893,
          49.8007787
        ]
      },
      "id": "node/12566497762"
    },
    {
      "type": "Feature",
      "properties": {
        "@id": "node/12573916743",
        "amenity": "shelter",
        "bin": "yes",
        "shelter_type": "picnic_shelter"
      },
      "geometry": {
        "type": "Point",
        "coordinates": [
          19.8431365,
          49.6445362
        ]
      },
      "id": "node/12573916743"
    },
    {
      "type": "Feature",
      "properties": {
        "@id": "node/12612828482",
        "amenity": "shelter",
        "bench": "yes",
        "bin": "yes",
        "bus": "yes",
        "covered": "yes",
        "departures_board": "timetable",
        "highway": "platform",
        "name": "Jaworze Bukowa",
        "operator": "Komunikacja Beskidzka S.A.",
        "public_transport": "platform",
        "route_ref": "121;122",
        "shelter": "yes",
        "shelter_type": "public_transport",
        "sign": "yes",
        "tactile_paving": "no",
        "wheelchair": "limited"
      },
      "geometry": {
        "type": "Point",
        "coordinates": [
          18.9361777,
          49.7866651
        ]
      },
      "id": "node/12612828482"
    },
    {
      "type": "Feature",
      "properties": {
        "@id": "node/12615385442",
        "natural": "spring"
      },
      "geometry": {
        "type": "Point",
        "coordinates": [
          19.4474849,
          49.7963158
        ]
      },
      "id": "node/12615385442"
    },
    {
      "type": "Feature",
      "properties": {
        "@id": "node/12649507757",
        "amenity": "shelter",
        "bench": "yes",
        "bin": "yes"
      },
      "geometry": {
        "type": "Point",
        "coordinates": [
          20.1152526,
          49.6162273
        ]
      },
      "id": "node/12649507757"
    },
    {
      "type": "Feature",
      "properties": {
        "@id": "node/12670395260",
        "amenity": "shelter",
        "name": "Altanka Mościckiego",
        "shelter_type": "picnic_shelter"
      },
      "geometry": {
        "type": "Point",
        "coordinates": [
          18.9085853,
          49.6186524
        ]
      },
      "id": "node/12670395260"
    },
    {
      "type": "Feature",
      "properties": {
        "@id": "node/12680446490",
        "amenity": "shelter",
        "shelter_type": "public_transport"
      },
      "geometry": {
        "type": "Point",
        "coordinates": [
          19.9165499,
          49.8528676
        ]
      },
      "id": "node/12680446490"
    },
    {
      "type": "Feature",
      "properties": {
        "@id": "node/12680481026",
        "amenity": "shelter",
        "shelter_type": "public_transport"
      },
      "geometry": {
        "type": "Point",
        "coordinates": [
          19.9110165,
          49.8570318
        ]
      },
      "id": "node/12680481026"
    },
    {
      "type": "Feature",
      "properties": {
        "@id": "node/12680481027",
        "amenity": "shelter",
        "shelter_type": "public_transport"
      },
      "geometry": {
        "type": "Point",
        "coordinates": [
          19.9106893,
          49.8568364
        ]
      },
      "id": "node/12680481027"
    },
    {
      "type": "Feature",
      "properties": {
        "@id": "node/12680481031",
        "amenity": "shelter",
        "bench": "yes",
        "shelter_type": "public_transport"
      },
      "geometry": {
        "type": "Point",
        "coordinates": [
          19.9088439,
          49.8603915
        ]
      },
      "id": "node/12680481031"
    },
    {
      "type": "Feature",
      "properties": {
        "@id": "node/12683729031",
        "amenity": "shelter",
        "bench": "yes",
        "shelter_type": "public_transport"
      },
      "geometry": {
        "type": "Point",
        "coordinates": [
          19.926289,
          49.8452475
        ]
      },
      "id": "node/12683729031"
    },
    {
      "type": "Feature",
      "properties": {
        "@id": "node/12687607052",
        "natural": "spring"
      },
      "geometry": {
        "type": "Point",
        "coordinates": [
          18.9212166,
          49.6461943
        ]
      },
      "id": "node/12687607052"
    },
    {
      "type": "Feature",
      "properties": {
        "@id": "node/12696041893",
        "amenity": "shelter",
        "bench": "yes",
        "shelter_type": "public_transport"
      },
      "geometry": {
        "type": "Point",
        "coordinates": [
          19.945448,
          49.5743076
        ]
      },
      "id": "node/12696041893"
    },
    {
      "type": "Feature",
      "properties": {
        "@id": "node/12715728063",
        "amenity": "shelter",
        "bench": "yes",
        "shelter_type": "public_transport"
      },
      "geometry": {
        "type": "Point",
        "coordinates": [
          19.9577969,
          49.8362422
        ]
      },
      "id": "node/12715728063"
    },
    {
      "type": "Feature",
      "properties": {
        "@id": "node/12717666035",
        "amenity": "shelter",
        "bench": "yes",
        "shelter_type": "public_transport"
      },
      "geometry": {
        "type": "Point",
        "coordinates": [
          19.9706476,
          49.8566038
        ]
      },
      "id": "node/12717666035"
    },
    {
      "type": "Feature",
      "properties": {
        "@id": "node/12717666239",
        "amenity": "shelter",
        "bench": "yes",
        "shelter_type": "public_transport"
      },
      "geometry": {
        "type": "Point",
        "coordinates": [
          19.9662593,
          49.8463527
        ]
      },
      "id": "node/12717666239"
    },
    {
      "type": "Feature",
      "properties": {
        "@id": "node/12717666265",
        "amenity": "shelter",
        "bench": "yes",
        "shelter_type": "public_transport"
      },
      "geometry": {
        "type": "Point",
        "coordinates": [
          19.9646097,
          49.8441439
        ]
      },
      "id": "node/12717666265"
    },
    {
      "type": "Feature",
      "properties": {
        "@id": "node/12717722321",
        "amenity": "shelter",
        "bench": "yes",
        "shelter_type": "public_transport"
      },
      "geometry": {
        "type": "Point",
        "coordinates": [
          19.9898198,
          49.8670705
        ]
      },
      "id": "node/12717722321"
    },
    {
      "type": "Feature",
      "properties": {
        "@id": "node/12717722328",
        "amenity": "shelter",
        "bench": "yes",
        "shelter_type": "public_transport"
      },
      "geometry": {
        "type": "Point",
        "coordinates": [
          19.9841738,
          49.8645187
        ]
      },
      "id": "node/12717722328"
    },
    {
      "type": "Feature",
      "properties": {
        "@id": "node/12717722370",
        "amenity": "shelter",
        "bench": "yes",
        "shelter_type": "public_transport"
      },
      "geometry": {
        "type": "Point",
        "coordinates": [
          19.9787879,
          49.8618353
        ]
      },
      "id": "node/12717722370"
    },
    {
      "type": "Feature",
      "properties": {
        "@id": "node/12731775067",
        "amenity": "shelter"
      },
      "geometry": {
        "type": "Point",
        "coordinates": [
          20.0227851,
          49.650203
        ]
      },
      "id": "node/12731775067"
    },
    {
      "type": "Feature",
      "properties": {
        "@id": "node/12752601965",
        "amenity": "shelter",
        "shelter_type": "weather_shelter"
      },
      "geometry": {
        "type": "Point",
        "coordinates": [
          19.0490151,
          49.822153
        ]
      },
      "id": "node/12752601965"
    },
    {
      "type": "Feature",
      "properties": {
        "@id": "node/12804583179",
        "amenity": "shelter",
        "shelter_type": "picnic_shelter"
      },
      "geometry": {
        "type": "Point",
        "coordinates": [
          19.5471219,
          49.8125148
        ]
      },
      "id": "node/12804583179"
    },
    {
      "type": "Feature",
      "properties": {
        "@id": "node/12811918828",
        "amenity": "shelter",
        "bench": "yes",
        "shelter_type": "picnic_shelter"
      },
      "geometry": {
        "type": "Point",
        "coordinates": [
          19.4535911,
          49.5819911
        ]
      },
      "id": "node/12811918828"
    },
    {
      "type": "Feature",
      "properties": {
        "@id": "node/12860796571",
        "amenity": "shelter"
      },
      "geometry": {
        "type": "Point",
        "coordinates": [
          19.8322607,
          49.7005723
        ]
      },
      "id": "node/12860796571"
    },
    {
      "type": "Feature",
      "properties": {
        "@id": "node/12943231578",
        "intermittent": "yes",
        "name": "Żródło Jacka Kaczmarskiego",
        "natural": "spring"
      },
      "geometry": {
        "type": "Point",
        "coordinates": [
          20.0378876,
          49.7770478
        ]
      },
      "id": "node/12943231578"
    },
    {
      "type": "Feature",
      "properties": {
        "@id": "node/12943231580",
        "amenity": "shelter"
      },
      "geometry": {
        "type": "Point",
        "coordinates": [
          20.0398478,
          49.7749003
        ]
      },
      "id": "node/12943231580"
    },
    {
      "type": "Feature",
      "properties": {
        "@id": "node/13072730465",
        "access": "yes",
        "amenity": "drinking_water",
        "fee": "no",
        "man_made": "water_tap",
        "wheelchair": "yes"
      },
      "geometry": {
        "type": "Point",
        "coordinates": [
          19.0431429,
          49.8212247
        ]
      },
      "id": "node/13072730465"
    },
    {
      "type": "Feature",
      "properties": {
        "@id": "node/13125237885",
        "amenity": "shelter",
        "name": "Paśnik",
        "shelter_type": "wildlife_hide"
      },
      "geometry": {
        "type": "Point",
        "coordinates": [
          19.0958688,
          49.6424809
        ]
      },
      "id": "node/13125237885"
    },
    {
      "type": "Feature",
      "properties": {
        "@id": "node/13167745036",
        "amenity": "shelter",
        "bench": "yes",
        "level": "1",
        "lit": "yes",
        "shelter_type": "public_transport"
      },
      "geometry": {
        "type": "Point",
        "coordinates": [
          19.6031407,
          49.7437479
        ]
      },
      "id": "node/13167745036"
    },
    {
      "type": "Feature",
      "properties": {
        "@id": "node/13174985926",
        "drinking_water": "yes",
        "natural": "spring"
      },
      "geometry": {
        "type": "Point",
        "coordinates": [
          19.0315353,
          49.7526931
        ]
      },
      "id": "node/13174985926"
    },
    {
      "type": "Feature",
      "properties": {
        "@id": "node/13175033099",
        "drinking_water": "yes",
        "natural": "spring"
      },
      "geometry": {
        "type": "Point",
        "coordinates": [
          19.0339659,
          49.7481041
        ]
      },
      "id": "node/13175033099"
    },
    {
      "type": "Feature",
      "properties": {
        "@id": "node/13175077908",
        "drinking_water": "yes",
        "natural": "spring"
      },
      "geometry": {
        "type": "Point",
        "coordinates": [
          19.0336913,
          49.7414329
        ]
      },
      "id": "node/13175077908"
    },
    {
      "type": "Feature",
      "properties": {
        "@id": "node/13238674731",
        "amenity": "shelter",
        "shelter_type": "picnic_shelter"
      },
      "geometry": {
        "type": "Point",
        "coordinates": [
          19.4625693,
          49.7383642
        ]
      },
      "id": "node/13238674731"
    },
    {
      "type": "Feature",
      "properties": {
        "@id": "node/13243860278",
        "natural": "spring"
      },
      "geometry": {
        "type": "Point",
        "coordinates": [
          19.0880379,
          49.5803643
        ]
      },
      "id": "node/13243860278"
    },
    {
      "type": "Feature",
      "properties": {
        "@id": "node/13244264433",
        "check_date": "2025-10-19",
        "natural": "spring"
      },
      "geometry": {
        "type": "Point",
        "coordinates": [
          19.1078345,
          49.6079902
        ]
      },
      "id": "node/13244264433"
    },
    {
      "type": "Feature",
      "properties": {
        "@id": "node/13296425022",
        "drinking_water": "yes",
        "name": "Zimna Woda",
        "natural": "spring",
        "operator": "Nadleśnictwo Węgierska Górka"
      },
      "geometry": {
        "type": "Point",
        "coordinates": [
          19.0534817,
          49.6038515
        ]
      },
      "id": "node/13296425022"
    },
    {
      "type": "Feature",
      "properties": {
        "@id": "node/13309391872",
        "amenity": "shelter",
        "lit": "no",
        "material": "wood",
        "shelter_type": "picnic_shelter"
      },
      "geometry": {
        "type": "Point",
        "coordinates": [
          19.9717501,
          49.8063092
        ]
      },
      "id": "node/13309391872"
    },
    {
      "type": "Feature",
      "properties": {
        "@id": "node/13340713706",
        "amenity": "shelter",
        "name": "Szopa z przybudówką",
        "shelter_type": "lean_to"
      },
      "geometry": {
        "type": "Point",
        "coordinates": [
          18.9767426,
          49.642283
        ]
      },
      "id": "node/13340713706"
    },
    {
      "type": "Feature",
      "properties": {
        "@id": "node/13370022542",
        "natural": "spring"
      },
      "geometry": {
        "type": "Point",
        "coordinates": [
          19.1346762,
          49.7851839
        ]
      },
      "id": "node/13370022542"
    },
    {
      "type": "Feature",
      "properties": {
        "@id": "node/13392632452",
        "amenity": "shelter"
      },
      "geometry": {
        "type": "Point",
        "coordinates": [
          19.7650128,
          49.8233346
        ]
      },
      "id": "node/13392632452"
    },
    {
      "type": "Feature",
      "properties": {
        "@id": "node/13546953163",
        "amenity": "shelter",
        "fireplace": "yes",
        "name": "Moto Pokusa",
        "shelter_type": "picnic_shelter"
      },
      "geometry": {
        "type": "Point",
        "coordinates": [
          19.9837814,
          49.813504
        ]
      },
      "id": "node/13546953163"
    },
    {
      "type": "Feature",
      "properties": {
        "@id": "node/13589369807",
        "amenity": "shelter",
        "bench": "yes",
        "shelter_type": "public_transport"
      },
      "geometry": {
        "type": "Point",
        "coordinates": [
          19.5096481,
          49.8539433
        ]
      },
      "id": "node/13589369807"
    },
    {
      "type": "Feature",
      "properties": {
        "@id": "node/13589369809",
        "amenity": "shelter",
        "bench": "yes",
        "shelter_type": "public_transport"
      },
      "geometry": {
        "type": "Point",
        "coordinates": [
          19.5096642,
          49.8547111
        ]
      },
      "id": "node/13589369809"
    },
    {
      "type": "Feature",
      "properties": {
        "@id": "node/13589422834",
        "amenity": "shelter",
        "bench": "yes",
        "shelter_type": "public_transport"
      },
      "geometry": {
        "type": "Point",
        "coordinates": [
          19.5210019,
          49.8181105
        ]
      },
      "id": "node/13589422834"
    },
    {
      "type": "Feature",
      "properties": {
        "@id": "node/13589422889",
        "amenity": "shelter",
        "bench": "yes",
        "shelter_type": "public_transport"
      },
      "geometry": {
        "type": "Point",
        "coordinates": [
          19.5171368,
          49.8397971
        ]
      },
      "id": "node/13589422889"
    },
    {
      "type": "Feature",
      "properties": {
        "@id": "node/13589422891",
        "amenity": "shelter",
        "bench": "yes",
        "shelter_type": "public_transport"
      },
      "geometry": {
        "type": "Point",
        "coordinates": [
          19.516831,
          49.8400911
        ]
      },
      "id": "node/13589422891"
    },
    {
      "type": "Feature",
      "properties": {
        "@id": "node/13589424646",
        "amenity": "shelter",
        "bench": "yes",
        "shelter_type": "public_transport"
      },
      "geometry": {
        "type": "Point",
        "coordinates": [
          19.5099351,
          49.8446404
        ]
      },
      "id": "node/13589424646"
    },
    {
      "type": "Feature",
      "properties": {
        "@id": "node/13589424647",
        "amenity": "shelter",
        "bench": "yes",
        "shelter_type": "public_transport"
      },
      "geometry": {
        "type": "Point",
        "coordinates": [
          19.5101041,
          49.8452682
        ]
      },
      "id": "node/13589424647"
    },
    {
      "type": "Feature",
      "properties": {
        "@id": "node/13589424666",
        "amenity": "shelter",
        "bench": "yes",
        "shelter_type": "public_transport"
      },
      "geometry": {
        "type": "Point",
        "coordinates": [
          19.5100209,
          49.8489643
        ]
      },
      "id": "node/13589424666"
    },
    {
      "type": "Feature",
      "properties": {
        "@id": "node/13594637300",
        "amenity": "shelter",
        "bench": "yes",
        "shelter_type": "public_transport"
      },
      "geometry": {
        "type": "Point",
        "coordinates": [
          19.6037185,
          49.7575881
        ]
      },
      "id": "node/13594637300"
    },
    {
      "type": "Feature",
      "properties": {
        "@id": "node/13594647821",
        "amenity": "shelter",
        "bench": "yes",
        "shelter_type": "public_transport"
      },
      "geometry": {
        "type": "Point",
        "coordinates": [
          19.5912355,
          49.7758532
        ]
      },
      "id": "node/13594647821"
    },
    {
      "type": "Feature",
      "properties": {
        "@id": "node/13594647822",
        "amenity": "shelter",
        "bench": "yes",
        "shelter_type": "public_transport"
      },
      "geometry": {
        "type": "Point",
        "coordinates": [
          19.5912945,
          49.7764958
        ]
      },
      "id": "node/13594647822"
    },
    {
      "type": "Feature",
      "properties": {
        "@id": "node/13594647944",
        "amenity": "shelter",
        "bench": "yes",
        "shelter_type": "public_transport"
      },
      "geometry": {
        "type": "Point",
        "coordinates": [
          19.5801419,
          49.7906761
        ]
      },
      "id": "node/13594647944"
    },
    {
      "type": "Feature",
      "properties": {
        "@id": "node/13594648202",
        "amenity": "shelter",
        "bench": "yes",
        "shelter_type": "public_transport"
      },
      "geometry": {
        "type": "Point",
        "coordinates": [
          19.5479929,
          49.8038084
        ]
      },
      "id": "node/13594648202"
    },
    {
      "type": "Feature",
      "properties": {
        "@id": "node/13597279242",
        "amenity": "shelter",
        "bench": "yes",
        "shelter_type": "public_transport"
      },
      "geometry": {
        "type": "Point",
        "coordinates": [
          19.6822053,
          49.728188
        ]
      },
      "id": "node/13597279242"
    },
    {
      "type": "Feature",
      "properties": {
        "@id": "node/13597279243",
        "amenity": "shelter",
        "bench": "yes",
        "shelter_type": "public_transport"
      },
      "geometry": {
        "type": "Point",
        "coordinates": [
          19.6808052,
          49.7283804
        ]
      },
      "id": "node/13597279243"
    },
    {
      "type": "Feature",
      "properties": {
        "@id": "node/13597279280",
        "amenity": "shelter",
        "bench": "yes",
        "shelter_type": "public_transport"
      },
      "geometry": {
        "type": "Point",
        "coordinates": [
          19.6744215,
          49.7296097
        ]
      },
      "id": "node/13597279280"
    },
    {
      "type": "Feature",
      "properties": {
        "@id": "node/13597279304",
        "amenity": "shelter",
        "bench": "yes",
        "shelter_type": "public_transport"
      },
      "geometry": {
        "type": "Point",
        "coordinates": [
          19.6662542,
          49.7309117
        ]
      },
      "id": "node/13597279304"
    },
    {
      "type": "Feature",
      "properties": {
        "@id": "node/13597279334",
        "amenity": "shelter",
        "bench": "yes",
        "shelter_type": "public_transport"
      },
      "geometry": {
        "type": "Point",
        "coordinates": [
          19.6649104,
          49.7313278
        ]
      },
      "id": "node/13597279334"
    },
    {
      "type": "Feature",
      "properties": {
        "@id": "node/13597279536",
        "amenity": "shelter",
        "bench": "yes",
        "shelter_type": "public_transport"
      },
      "geometry": {
        "type": "Point",
        "coordinates": [
          19.6443003,
          49.7336717
        ]
      },
      "id": "node/13597279536"
    },
    {
      "type": "Feature",
      "properties": {
        "@id": "node/13597279537",
        "amenity": "shelter",
        "bench": "yes",
        "shelter_type": "public_transport"
      },
      "geometry": {
        "type": "Point",
        "coordinates": [
          19.6443754,
          49.7338538
        ]
      },
      "id": "node/13597279537"
    },
    {
      "type": "Feature",
      "properties": {
        "@id": "node/13597279644",
        "amenity": "shelter",
        "bench": "yes",
        "shelter_type": "public_transport"
      },
      "geometry": {
        "type": "Point",
        "coordinates": [
          19.6282795,
          49.7340861
        ]
      },
      "id": "node/13597279644"
    },
    {
      "type": "Feature",
      "properties": {
        "@id": "node/13597279645",
        "amenity": "shelter",
        "bench": "yes",
        "shelter_type": "public_transport"
      },
      "geometry": {
        "type": "Point",
        "coordinates": [
          19.6274507,
          49.7343738
        ]
      },
      "id": "node/13597279645"
    },
    {
      "type": "Feature",
      "properties": {
        "@id": "node/13601417068",
        "amenity": "shelter",
        "bench": "yes",
        "shelter_type": "public_transport"
      },
      "geometry": {
        "type": "Point",
        "coordinates": [
          19.7305977,
          49.6884447
        ]
      },
      "id": "node/13601417068"
    },
    {
      "type": "Feature",
      "properties": {
        "@id": "node/13601417090",
        "amenity": "shelter",
        "bench": "yes",
        "shelter_type": "public_transport"
      },
      "geometry": {
        "type": "Point",
        "coordinates": [
          19.7292727,
          49.688875
        ]
      },
      "id": "node/13601417090"
    },
    {
      "type": "Feature",
      "properties": {
        "@id": "node/13601418239",
        "amenity": "shelter",
        "bench": "yes",
        "shelter_type": "public_transport"
      },
      "geometry": {
        "type": "Point",
        "coordinates": [
          19.7051167,
          49.6977395
        ]
      },
      "id": "node/13601418239"
    },
    {
      "type": "Feature",
      "properties": {
        "@id": "node/13601418240",
        "amenity": "shelter",
        "bench": "yes",
        "shelter_type": "public_transport"
      },
      "geometry": {
        "type": "Point",
        "coordinates": [
          19.7043496,
          49.6985254
        ]
      },
      "id": "node/13601418240"
    },
    {
      "type": "Feature",
      "properties": {
        "@id": "node/13601418369",
        "amenity": "shelter",
        "bench": "yes",
        "shelter_type": "public_transport"
      },
      "geometry": {
        "type": "Point",
        "coordinates": [
          19.6885139,
          49.711334
        ]
      },
      "id": "node/13601418369"
    },
    {
      "type": "Feature",
      "properties": {
        "@id": "node/13601418378",
        "amenity": "shelter",
        "bench": "yes",
        "shelter_type": "public_transport"
      },
      "geometry": {
        "type": "Point",
        "coordinates": [
          19.6885729,
          49.712973
        ]
      },
      "id": "node/13601418378"
    },
    {
      "type": "Feature",
      "properties": {
        "@id": "node/13601418422",
        "amenity": "shelter",
        "bench": "yes",
        "shelter_type": "public_transport"
      },
      "geometry": {
        "type": "Point",
        "coordinates": [
          19.6881947,
          49.7204268
        ]
      },
      "id": "node/13601418422"
    },
    {
      "type": "Feature",
      "properties": {
        "@id": "node/13604728224",
        "amenity": "shelter",
        "bench": "yes",
        "shelter_type": "public_transport"
      },
      "geometry": {
        "type": "Point",
        "coordinates": [
          19.78103,
          49.6705235
        ]
      },
      "id": "node/13604728224"
    },
    {
      "type": "Feature",
      "properties": {
        "@id": "node/13604728227",
        "amenity": "shelter",
        "bench": "yes",
        "shelter_type": "public_transport"
      },
      "geometry": {
        "type": "Point",
        "coordinates": [
          19.7797009,
          49.6708011
        ]
      },
      "id": "node/13604728227"
    },
    {
      "type": "Feature",
      "properties": {
        "@id": "node/13604728329",
        "amenity": "shelter",
        "bench": "yes",
        "shelter_type": "public_transport"
      },
      "geometry": {
        "type": "Point",
        "coordinates": [
          19.7674835,
          49.6709191
        ]
      },
      "id": "node/13604728329"
    },
    {
      "type": "Feature",
      "properties": {
        "@id": "node/13604728371",
        "amenity": "shelter",
        "bench": "yes",
        "shelter_type": "public_transport"
      },
      "geometry": {
        "type": "Point",
        "coordinates": [
          19.7657695,
          49.6715857
        ]
      },
      "id": "node/13604728371"
    },
    {
      "type": "Feature",
      "properties": {
        "@id": "node/13604728441",
        "amenity": "shelter",
        "bench": "yes",
        "shelter_type": "public_transport"
      },
      "geometry": {
        "type": "Point",
        "coordinates": [
          19.7580475,
          49.6753812
        ]
      },
      "id": "node/13604728441"
    },
    {
      "type": "Feature",
      "properties": {
        "@id": "node/13604728539",
        "amenity": "shelter",
        "bench": "yes",
        "shelter_type": "public_transport"
      },
      "geometry": {
        "type": "Point",
        "coordinates": [
          19.7493356,
          49.6802277
        ]
      },
      "id": "node/13604728539"
    },
    {
      "type": "Feature",
      "properties": {
        "@id": "node/13604728593",
        "amenity": "shelter",
        "bench": "yes",
        "shelter_type": "public_transport"
      },
      "geometry": {
        "type": "Point",
        "coordinates": [
          19.7421339,
          49.6855502
        ]
      },
      "id": "node/13604728593"
    },
    {
      "type": "Feature",
      "properties": {
        "@id": "node/13604728613",
        "amenity": "shelter",
        "shelter_type": "public_transport"
      },
      "geometry": {
        "type": "Point",
        "coordinates": [
          19.7410127,
          49.6862184
        ]
      },
      "id": "node/13604728613"
    },
    {
      "type": "Feature",
      "properties": {
        "@id": "node/13607734264",
        "amenity": "shelter",
        "bench": "yes",
        "shelter_type": "public_transport"
      },
      "geometry": {
        "type": "Point",
        "coordinates": [
          19.8601135,
          49.6454004
        ]
      },
      "id": "node/13607734264"
    },
    {
      "type": "Feature",
      "properties": {
        "@id": "node/13607734346",
        "amenity": "shelter",
        "bench": "yes",
        "shelter_type": "public_transport"
      },
      "geometry": {
        "type": "Point",
        "coordinates": [
          19.8487034,
          49.6471012
        ]
      },
      "id": "node/13607734346"
    },
    {
      "type": "Feature",
      "properties": {
        "@id": "node/13607734396",
        "amenity": "shelter",
        "bench": "yes",
        "shelter_type": "public_transport"
      },
      "geometry": {
        "type": "Point",
        "coordinates": [
          19.8456166,
          49.6479184
        ]
      },
      "id": "node/13607734396"
    },
    {
      "type": "Feature",
      "properties": {
        "@id": "node/13607734794",
        "amenity": "shelter",
        "bench": "yes",
        "shelter_type": "public_transport"
      },
      "geometry": {
        "type": "Point",
        "coordinates": [
          19.8062414,
          49.6591121
        ]
      },
      "id": "node/13607734794"
    },
    {
      "type": "Feature",
      "properties": {
        "@id": "node/13607734798",
        "amenity": "shelter",
        "bench": "yes",
        "shelter_type": "public_transport"
      },
      "geometry": {
        "type": "Point",
        "coordinates": [
          19.8052704,
          49.6597788
        ]
      },
      "id": "node/13607734798"
    },
    {
      "type": "Feature",
      "properties": {
        "@id": "node/13608969636",
        "amenity": "shelter",
        "bench": "yes",
        "shelter_type": "public_transport"
      },
      "geometry": {
        "type": "Point",
        "coordinates": [
          19.9004996,
          49.6491726
        ]
      },
      "id": "node/13608969636"
    },
    {
      "type": "Feature",
      "properties": {
        "@id": "node/13608969658",
        "amenity": "shelter",
        "bench": "yes",
        "shelter_type": "public_transport"
      },
      "geometry": {
        "type": "Point",
        "coordinates": [
          19.8976189,
          49.6490215
        ]
      },
      "id": "node/13608969658"
    },
    {
      "type": "Feature",
      "properties": {
        "@id": "node/13608991504",
        "amenity": "shelter",
        "bench": "yes",
        "shelter_type": "public_transport"
      },
      "geometry": {
        "type": "Point",
        "coordinates": [
          19.8925227,
          49.6480542
        ]
      },
      "id": "node/13608991504"
    },
    {
      "type": "Feature",
      "properties": {
        "@id": "node/13608991563",
        "amenity": "shelter",
        "bench": "yes",
        "shelter_type": "public_transport"
      },
      "geometry": {
        "type": "Point",
        "coordinates": [
          19.8778644,
          49.6459197
        ]
      },
      "id": "node/13608991563"
    },
    {
      "type": "Feature",
      "properties": {
        "@id": "node/13608991571",
        "amenity": "shelter",
        "bench": "yes",
        "shelter_type": "public_transport"
      },
      "geometry": {
        "type": "Point",
        "coordinates": [
          19.8754477,
          49.6457165
        ]
      },
      "id": "node/13608991571"
    },
    {
      "type": "Feature",
      "properties": {
        "@id": "node/13608991636",
        "amenity": "shelter",
        "bench": "yes",
        "shelter_type": "public_transport"
      },
      "geometry": {
        "type": "Point",
        "coordinates": [
          19.8686591,
          49.6445494
        ]
      },
      "id": "node/13608991636"
    },
    {
      "type": "Feature",
      "properties": {
        "@id": "node/13611025774",
        "amenity": "shelter",
        "bench": "yes",
        "shelter_type": "public_transport"
      },
      "geometry": {
        "type": "Point",
        "coordinates": [
          19.9466336,
          49.5693486
        ]
      },
      "id": "node/13611025774"
    },
    {
      "type": "Feature",
      "properties": {
        "@id": "node/13629193166",
        "amenity": "shelter",
        "bench": "yes",
        "shelter_type": "public_transport"
      },
      "geometry": {
        "type": "Point",
        "coordinates": [
          19.9447104,
          49.5749807
        ]
      },
      "id": "node/13629193166"
    },
    {
      "type": "Feature",
      "properties": {
        "@id": "node/13629193169",
        "amenity": "shelter",
        "bench": "yes",
        "shelter_type": "public_transport"
      },
      "geometry": {
        "type": "Point",
        "coordinates": [
          19.9470466,
          49.5692686
        ]
      },
      "id": "node/13629193169"
    },
    {
      "type": "Feature",
      "properties": {
        "@id": "node/13651418921",
        "amenity": "shelter",
        "bench": "yes",
        "shelter_type": "public_transport"
      },
      "geometry": {
        "type": "Point",
        "coordinates": [
          19.5200846,
          49.8190589
        ]
      },
      "id": "node/13651418921"
    },
    {
      "type": "Feature",
      "properties": {
        "@id": "node/13651418960",
        "amenity": "shelter",
        "bench": "yes",
        "shelter_type": "public_transport"
      },
      "geometry": {
        "type": "Point",
        "coordinates": [
          19.582116,
          49.7975327
        ]
      },
      "id": "node/13651418960"
    },
    {
      "type": "Feature",
      "properties": {
        "@id": "node/13666342328",
        "amenity": "shelter"
      },
      "geometry": {
        "type": "Point",
        "coordinates": [
          19.192563,
          49.847903
        ]
      },
      "id": "node/13666342328"
    },
    {
      "type": "Feature",
      "properties": {
        "@id": "node/13668235257",
        "amenity": "shelter"
      },
      "geometry": {
        "type": "Point",
        "coordinates": [
          19.95187,
          49.6094048
        ]
      },
      "id": "node/13668235257"
    },
    {
      "type": "Feature",
      "properties": {
        "@id": "node/13668235418",
        "amenity": "shelter",
        "shelter_type": "public_transport"
      },
      "geometry": {
        "type": "Point",
        "coordinates": [
          19.9201041,
          49.5892219
        ]
      },
      "id": "node/13668235418"
    },
    {
      "type": "Feature",
      "properties": {
        "@id": "node/13711692236",
        "amenity": "drinking_water",
        "name": "Źródełko nad Wołkiem"
      },
      "geometry": {
        "type": "Point",
        "coordinates": [
          19.1946397,
          49.8274785
        ]
      },
      "id": "node/13711692236"
    },
    {
      "type": "Feature",
      "properties": {
        "@id": "node/13719392401",
        "natural": "spring"
      },
      "geometry": {
        "type": "Point",
        "coordinates": [
          19.6138663,
          49.6211469
        ]
      },
      "id": "node/13719392401"
    },
    {
      "type": "Feature",
      "properties": {
        "@id": "node/13721177994",
        "amenity": "shelter",
        "shelter_type": "public_transport"
      },
      "geometry": {
        "type": "Point",
        "coordinates": [
          19.1912374,
          49.8521619
        ]
      },
      "id": "node/13721177994"
    },
    {
      "type": "Feature",
      "properties": {
        "@id": "node/13721195819",
        "amenity": "shelter",
        "shelter_type": "public_transport"
      },
      "geometry": {
        "type": "Point",
        "coordinates": [
          19.1949951,
          49.851565
        ]
      },
      "id": "node/13721195819"
    },
    {
      "type": "Feature",
      "properties": {
        "@id": "node/13723896776",
        "amenity": "shelter",
        "shelter_type": "public_transport"
      },
      "geometry": {
        "type": "Point",
        "coordinates": [
          19.2055539,
          49.8502333
        ]
      },
      "id": "node/13723896776"
    },
    {
      "type": "Feature",
      "properties": {
        "@id": "node/13728243962",
        "amenity": "shelter",
        "shelter_type": "public_transport"
      },
      "geometry": {
        "type": "Point",
        "coordinates": [
          19.2145802,
          49.8492743
        ]
      },
      "id": "node/13728243962"
    },
    {
      "type": "Feature",
      "properties": {
        "@id": "node/13728243963",
        "amenity": "shelter",
        "shelter_type": "public_transport"
      },
      "geometry": {
        "type": "Point",
        "coordinates": [
          19.2181116,
          49.8486602
        ]
      },
      "id": "node/13728243963"
    },
    {
      "type": "Feature",
      "properties": {
        "@id": "node/13728243964",
        "amenity": "shelter",
        "shelter_type": "public_transport"
      },
      "geometry": {
        "type": "Point",
        "coordinates": [
          19.2166545,
          49.8483584
        ]
      },
      "id": "node/13728243964"
    },
    {
      "type": "Feature",
      "properties": {
        "@id": "node/13757274604",
        "amenity": "shelter"
      },
      "geometry": {
        "type": "Point",
        "coordinates": [
          19.4028371,
          49.7703849
        ]
      },
      "id": "node/13757274604"
    },
    {
      "type": "Feature",
      "properties": {
        "@id": "node/13762178113",
        "amenity": "shelter",
        "shelter_type": "picnic_shelter"
      },
      "geometry": {
        "type": "Point",
        "coordinates": [
          19.2371057,
          49.7618876
        ]
      },
      "id": "node/13762178113"
    },
    {
      "type": "Feature",
      "properties": {
        "@id": "node/13858018631",
        "amenity": "shelter",
        "name": "Lubogoszcz szczyt",
        "operator": "Nadleśnictwo Limanowa",
        "ref": "806/01135",
        "shelter_type": "picnic_shelter"
      },
      "geometry": {
        "type": "Point",
        "coordinates": [
          20.099303,
          49.7125677
        ]
      },
      "id": "node/13858018631"
    },
    {
      "type": "Feature",
      "properties": {
        "@id": "node/13858771203",
        "amenity": "drinking_water",
        "name": "woda",
        "name:en": "water",
        "name:pl": "woda"
      },
      "geometry": {
        "type": "Point",
        "coordinates": [
          19.01149,
          49.7829967
        ]
      },
      "id": "node/13858771203"
    },
    {
      "type": "Feature",
      "properties": {
        "@id": "node/13871673381",
        "natural": "spring"
      },
      "geometry": {
        "type": "Point",
        "coordinates": [
          20.1475418,
          49.59565
        ]
      },
      "id": "node/13871673381"
    },
    {
      "type": "Feature",
      "properties": {
        "@id": "node/13897186185",
        "amenity": "shelter",
        "shelter_type": "picnic_shelter"
      },
      "geometry": {
        "type": "Point",
        "coordinates": [
          19.828945,
          49.6380799
        ]
      },
      "id": "node/13897186185"
    },
    {
      "type": "Feature",
      "properties": {
        "@id": "node/13903711923",
        "amenity": "shelter",
        "beacon:type": "bluetooth",
        "blind": "yes",
        "description": "Znacznik systemu Totupoint",
        "indoormark": "beacon",
        "information": "audio",
        "name": "Szałas BgPN",
        "operator": "Pirs Creative Lab",
        "shelter_type": "basic_hut",
        "speech_output": "yes"
      },
      "geometry": {
        "type": "Point",
        "coordinates": [
          19.555606,
          49.590408
        ]
      },
      "id": "node/13903711923"
    },
    {
      "type": "Feature",
      "properties": {
        "@id": "node/13903714574",
        "amenity": "shelter",
        "beacon:type": "bluetooth",
        "blind": "yes",
        "description": "Znacznik systemu Totupoint",
        "indoormark": "beacon",
        "information": "audio",
        "name": "Szałas BgPN",
        "operator": "Pirs Creative Lab",
        "shelter_type": "basic_hut",
        "speech_output": "yes"
      },
      "geometry": {
        "type": "Point",
        "coordinates": [
          19.5362632,
          49.5845643
        ]
      },
      "id": "node/13903714574"
    },
    {
      "type": "Feature",
      "properties": {
        "@id": "node/13912259329",
        "access": "yes",
        "amenity": "drinking_water",
        "check_date": "2026-06-05",
        "fee": "no"
      },
      "geometry": {
        "type": "Point",
        "coordinates": [
          18.951072,
          49.6195725
        ]
      },
      "id": "node/13912259329"
    },
    {
      "type": "Feature",
      "properties": {
        "@id": "node/13924274326",
        "amenity": "shelter",
        "shelter_type": "public_transport"
      },
      "geometry": {
        "type": "Point",
        "coordinates": [
          19.1240054,
          49.7355605
        ]
      },
      "id": "node/13924274326"
    },
    {
      "type": "Feature",
      "properties": {
        "@id": "node/14014375961",
        "amenity": "shelter",
        "picnic_table": "yes"
      },
      "geometry": {
        "type": "Point",
        "coordinates": [
          19.005571,
          49.7386359
        ]
      },
      "id": "node/14014375961"
    },
    {
      "type": "Feature",
      "properties": {
        "@id": "node/14014375962",
        "amenity": "shelter",
        "picnic_table": "yes"
      },
      "geometry": {
        "type": "Point",
        "coordinates": [
          19.0055383,
          49.738542
        ]
      },
      "id": "node/14014375962"
    },
    {
      "type": "Feature",
      "properties": {
        "@id": "node/14014375963",
        "amenity": "shelter",
        "picnic_table": "yes"
      },
      "geometry": {
        "type": "Point",
        "coordinates": [
          19.0054937,
          49.7385438
        ]
      },
      "id": "node/14014375963"
    },
    {
      "type": "Feature",
      "properties": {
        "@id": "node/14014375964",
        "amenity": "shelter",
        "picnic_table": "yes"
      },
      "geometry": {
        "type": "Point",
        "coordinates": [
          19.0056029,
          49.7385373
        ]
      },
      "id": "node/14014375964"
    },
    {
      "type": "Feature",
      "properties": {
        "@id": "node/14068161930",
        "amenity": "shelter",
        "name": "Miejsce odpoczynkowe",
        "shelter_type": "picnic_shelter"
      },
      "geometry": {
        "type": "Point",
        "coordinates": [
          19.4462864,
          49.7662376
        ]
      },
      "id": "node/14068161930"
    }
  ]
}